channel,coach,video_id,title,duration_min,views,in_catalog,transcribed,tagged,used_in_kb,difficulty,tags,champion_focus,summary,url
JungleGapGG,JungleGapGG,OVE0qFs7PS0,3 Must Know Jungle Principles That Make Climbing Easy (Here's How),35,,yes,yes,,yes,,,general,,https://www.youtube.com/watch?v=OVE0qFs7PS0
JungleGapGG,JungleGapGG,QQku-iYEQ6k,Educational HIGH ELO Jungling Explained - Complete Thought Process,20,,yes,yes,,yes,,,general,,https://www.youtube.com/watch?v=QQku-iYEQ6k
JungleGapGG,JungleGapGG,gUVtr--F2hM,Free Coaching From A Challenger Jungler | Most Common Mistakes Below Diamond,29,,yes,yes,,yes,,,general,,https://www.youtube.com/watch?v=gUVtr--F2hM
JungleGapGG,JungleGapGG,CXv1fuU7tc8,How To Absolutely MOG The Enemy Jungler (with map hacks) - Educational Guide,31,,yes,yes,,yes,,,general,,https://www.youtube.com/watch?v=CXv1fuU7tc8
JungleGapGG,JungleGapGG,a6UyD-hZZgY,How To Climb As Jungle With GODLIKE Decision Making  - Educational Guide,34,,yes,yes,,yes,,,general,,https://www.youtube.com/watch?v=a6UyD-hZZgY
JungleGapGG,JungleGapGG,btOjeZ5Acsk,How To GAP Enemy Junglers With Fundamentals - Educational Gameplay Guide,30,,yes,yes,,yes,,,general,,https://www.youtube.com/watch?v=btOjeZ5Acsk
JungleGapGG,JungleGapGG,Nzd24hYQDRo,How To GAP Low Elo Junglers With ONE Fundamental | Educational Guide,17,,yes,yes,,yes,,,general,,https://www.youtube.com/watch?v=Nzd24hYQDRo
JungleGapGG,JungleGapGG,f610UsYj5r4,Jungle Fundamentals Like You've NEVER Seen Before (Carry Losing Games),36,,yes,yes,,yes,,,general,,https://www.youtube.com/watch?v=f610UsYj5r4
JungleGapGG,JungleGapGG,G_fUH6xp2As,Jungle Fundamentals That Make DOOMED Games Winnable (In-Depth Guide),23,,yes,yes,,yes,,,general,,https://www.youtube.com/watch?v=G_fUH6xp2As
JungleGapGG,JungleGapGG,H-HS7uHNoXE,The #1 Rule To Improving At Jungle | Educational Gameplay Guide,28,,yes,yes,,yes,,,general,,https://www.youtube.com/watch?v=H-HS7uHNoXE
JungleGapGG,JungleGapGG,dJvCEuOb9cU,The Most VALUABLE Jungle Coaching To Hit DIAMOND (In-Depth Fundamentals),41,,yes,yes,,yes,,,general,,https://www.youtube.com/watch?v=dJvCEuOb9cU
JungleGapGG,JungleGapGG,0Avxo9bDMHM,The Two Pillars That Make You CRAZY Good At Jungle - Educational Guide To Climb,24,,yes,yes,,yes,,,general,,https://www.youtube.com/watch?v=0Avxo9bDMHM
JungleGapGG,JungleGapGG,4APtz4zDbGo,The ULTIMATE (In-Depth) Jungle Guide For PERFECT Fundamentals,43,,yes,yes,,yes,,,general,,https://www.youtube.com/watch?v=4APtz4zDbGo
JungleGapGG,JungleGapGG,GBKVIehiRKA,Why 'Losers Q' Mentality Keeps You Hardstuck In League of Legends,5,,yes,yes,,yes,,,general,,https://www.youtube.com/watch?v=GBKVIehiRKA
JungleGapGG,,ZSLAxbEveM0,1 Year of Jungle Coaching in 1hr 26mins | Complete Fundamentals Guide,87,,,,,,,,,,https://www.youtube.com/watch?v=ZSLAxbEveM0
JungleGapGG,,i3zGGt4_rs4,14.10 JUNGLE TIER LIST & INITIAL THOUGHTS,26,,,,,,,,,,https://www.youtube.com/watch?v=i3zGGt4_rs4
JungleGapGG,,-5yy1Rrbub8,14.14 JUNGLE TIER LIST | WHAT DO WE PLAY NOW???,20,,,,,,,,,,https://www.youtube.com/watch?v=-5yy1Rrbub8
JungleGapGG,,6H9h3BRJsV0,3 Minute Guide To Abuse The Most BROKEN Jungler On Patch 25.16,33,,,,,,,,,,https://www.youtube.com/watch?v=6H9h3BRJsV0
JungleGapGG,,cqo8ZJjR9no,3 Must Know Early Game Fundamentals To ESCAPE Low Elo As Jungle,15,,,,,,,,,,https://www.youtube.com/watch?v=cqo8ZJjR9no
JungleGapGG,,cRoLLHb0bro,5 Must Know Pathing Rules Explained In 20 Minutes - Learn How To Jungle In 2026,20,,,,,,,,,,https://www.youtube.com/watch?v=cRoLLHb0bro
JungleGapGG,,u2AoXHhMtg8,5 Simple Rules To INSTANTLY Jungle Like A Pro (Will Apply In Season 16),37,,,,,,,,,,https://www.youtube.com/watch?v=u2AoXHhMtg8
JungleGapGG,,Q9gaxegb0c0,70% Winrate Challenger Xin Zhao shares tips and tricks during this Coaching Session,8,,,,,,,,,,https://www.youtube.com/watch?v=Q9gaxegb0c0
JungleGapGG,,Gmi-AVRdOrc,90 Minutes Of Competitive Jungle Coaching (from a former worlds player),88,,,,,,,,,,https://www.youtube.com/watch?v=Gmi-AVRdOrc
JungleGapGG,,XQ7uDJz_t4s,90% of Junglers FAIL To Snowball Their Leads Because Of THIS!,23,,,,,,,,,,https://www.youtube.com/watch?v=XQ7uDJz_t4s
JungleGapGG,,0LzUY2ebab8,95% of Junglers Below DIAMOND Make This Mistake In S16 (stopping them from climbing),25,,,,,,,,,,https://www.youtube.com/watch?v=0LzUY2ebab8
JungleGapGG,,5BEkAK1NNCY,A Challenger Junglers COMPLETE Step by Step Fundamentals Guide (for any skill level),57,,,,,,,,,,https://www.youtube.com/watch?v=5BEkAK1NNCY
JungleGapGG,,haRX_AsC8K0,All Time BEST Junglers To Main In Each Rank - (No Matter The Season/Meta),29,,,,,,,,,,https://www.youtube.com/watch?v=haRX_AsC8K0
JungleGapGG,,yZNWTX9Ai3s,Amumu Is FREE LP In S16 - Jungle Coaching To Climb Out Of Low Elo,39,,,,,,,,,,https://www.youtube.com/watch?v=yZNWTX9Ai3s
JungleGapGG,,_FPcvXW6leY,Become a CONSISTENT Jungler in the EARLY GAME! | Gold 3 Coaching,23,,,,,,,,,,https://www.youtube.com/watch?v=_FPcvXW6leY
JungleGapGG,,jk4kZ4BXGvs,"Beginner Khazix Tips, Tricks And Structured Pathing Fundamentals Guide | Season 14 Coaching",16,,,,,,,,,,https://www.youtube.com/watch?v=jk4kZ4BXGvs
JungleGapGG,,kE4qWjXaN24,CAN TEAM DANTES BE HELPED? | MY ANALYSIS & THOUGHTS,58,,,,,,,,,,https://www.youtube.com/watch?v=kE4qWjXaN24
JungleGapGG,,88U-ULuh17k,Can You THINK Like A High Elo Jungler? (Test Your Skill) | League of Legends,31,,,,,,,,,,https://www.youtube.com/watch?v=88U-ULuh17k
JungleGapGG,,GlrZwM_H8YI,CARRY GAMES WITH MACRO | CHALLENGER JUNGLE CO-PILOT IN LOW ELO,57,,,,,,,,,,https://www.youtube.com/watch?v=GlrZwM_H8YI
JungleGapGG,,mwucQYd-B3M,Challenger Coach Explains Jungle Fundamentals & Thought Process During This Review,24,,,,,,,,,,https://www.youtube.com/watch?v=mwucQYd-B3M
JungleGapGG,,7CD5jZjsrSQ,Challenger Jungle Fundamentals Like You've NEVER Seen Before (how to carry hard games),30,,,,,,,,,,https://www.youtube.com/watch?v=7CD5jZjsrSQ
JungleGapGG,,HIxJ80ctPKA,Challenger Jungler DESTROYS Students 'Elo Hell' Narrative | Educational Live Coaching,42,,,,,,,,,,https://www.youtube.com/watch?v=HIxJ80ctPKA
JungleGapGG,,HO5RJXJAp6k,Challenger Jungler Disproves Students 'Low Elo Narrative' - LoL Coaching,67,,,,,,,,,,https://www.youtube.com/watch?v=HO5RJXJAp6k
JungleGapGG,,x2a3FJ93zpE,Challenger Jungler Explains How To Win 'Unwinnable' Games Using Fundamentals & Correct Mindset,40,,,,,,,,,,https://www.youtube.com/watch?v=x2a3FJ93zpE
JungleGapGG,,Vs6zOrBE624,Challenger Jungler Makes EMERALD Look EASY | Fundamentals EXPLAINED,29,,,,,,,,,,https://www.youtube.com/watch?v=Vs6zOrBE624
JungleGapGG,,4UUafldEkc4,Challenger Jungler Proves Mentality + Fundamentals = Carry Any Game,35,,,,,,,,,,https://www.youtube.com/watch?v=4UUafldEkc4
JungleGapGG,,W20p3LeYYKI,Climbing As JUNGLE Is Easier Than You Think - Educational Gameplay Guide,22,,,,,,,,,,https://www.youtube.com/watch?v=W20p3LeYYKI
JungleGapGG,,KIujS9qLzJs,Coach Explains Decision Making Fundamentals to Plat 4 Kayn.. **He Gets Unleashed**,37,,,,,,,,,,https://www.youtube.com/watch?v=KIujS9qLzJs
JungleGapGG,,R4o7356bbsQ,Coaching Diamond 3 Jungler | Instant Improvement After Applying Fundamentals,36,,,,,,,,,,https://www.youtube.com/watch?v=R4o7356bbsQ
JungleGapGG,,BYs4Gcqtv1w,COMBINING OP CHAMP + FUNDAMENTALS = CARRYING 4V5,30,,,,,,,,,,https://www.youtube.com/watch?v=BYs4Gcqtv1w
JungleGapGG,,cKtJXb4d-bQ,Common LOW ELO Mistakes VS CHALLENGER Macro,52,,,,,,,,,,https://www.youtube.com/watch?v=cKtJXb4d-bQ
JungleGapGG,,fR6a6epknwc,COMPETITIVE VOD REVIEW COACHING SESSION **HE GETS FLAMED 😂**,69,,,,,,,,,,https://www.youtube.com/watch?v=fR6a6epknwc
JungleGapGG,,tPIJ39lfWeU,Complete Season 14 Jungle Fundamentals Guide & How to Apply Them,36,,,,,,,,,,https://www.youtube.com/watch?v=tPIJ39lfWeU
JungleGapGG,,i_JkQe6gE4E,Consistency is KEY | Low Elo Jungle Coaching (full review),27,,,,,,,,,,https://www.youtube.com/watch?v=i_JkQe6gE4E
JungleGapGG,,AKlvK8kG1vA,Core Pathing Concepts To GAP Low Elo Enemy Junglers EVERY GAME - Challenger Coaching,30,,,,,,,,,,https://www.youtube.com/watch?v=AKlvK8kG1vA
JungleGapGG,,fgVXBJD3hSs,D3 Player realizes how OP Fundamentals are during this Coaching Session...,13,,,,,,,,,,https://www.youtube.com/watch?v=fgVXBJD3hSs
JungleGapGG,,zhECZHTQIdA,DIAMOND 1 JUNGLER FINDS OUT EASIEST WAY TO CLIMB IN SPLIT 2,31,,,,,,,,,,https://www.youtube.com/watch?v=zhECZHTQIdA
JungleGapGG,,BRR3UPjVBL8,Diamond 3 vs Challenger Thought Process | In-Depth Jungle Coaching & Analysis,26,,,,,,,,,,https://www.youtube.com/watch?v=BRR3UPjVBL8
JungleGapGG,,LScpWmfcgRc,Diamond Jungler MIND BLOWN after learning how MAXIMIZE his farm | Full Game Review,36,,,,,,,,,,https://www.youtube.com/watch?v=LScpWmfcgRc
JungleGapGG,,f_e6S6X1C5Y,"Do The Fundamentals I Teach WORK In High Elo? (spoiler alert, they do)",29,,,,,,,,,,https://www.youtube.com/watch?v=f_e6S6X1C5Y
JungleGapGG,,-IWHBvXBcfo,Early Game Planning & When to FARM or GROUP in the Mid Game | S14 Jungle Coaching |,23,,,,,,,,,,https://www.youtube.com/watch?v=-IWHBvXBcfo
JungleGapGG,,ybq7IH6Ipvw,Easily the most common MISTAKES made in LOW ELO & how to fix them | S14 Challenger Coaching,54,,,,,,,,,,https://www.youtube.com/watch?v=ybq7IH6Ipvw
JungleGapGG,,SidnX6_flW4,Educational Gold To Masters In 10 Hrs - Gank/Invade Style Junglers,575,,,,,,,,,,https://www.youtube.com/watch?v=SidnX6_flW4
JungleGapGG,,84ZhCmMwDNA,Educational Low Elo Jungle Coaching | Learn Fundamentals & How To Impact Your Games,45,,,,,,,,,,https://www.youtube.com/watch?v=84ZhCmMwDNA
JungleGapGG,,h9eOc8OSVFI,Educational Rank 1 Jungle Showdown — Velja vs NattyNatt (In-Depth Breakdown),53,,,,,,,,,,https://www.youtube.com/watch?v=h9eOc8OSVFI
JungleGapGG,,Xu-QaJ8lddQ,Educational Unranked To Masters - Highest Pick Rate Junglers,1068,,,,,,,,,,https://www.youtube.com/watch?v=Xu-QaJ8lddQ
JungleGapGG,,WHs-u-Tb9EM,Educational Unranked To Masters In 17 Hrs - Farm Style Junglers,1041,,,,,,,,,,https://www.youtube.com/watch?v=WHs-u-Tb9EM
JungleGapGG,,T_RSpimxmfk,Emerald Jungle Coaching | The DECISIONS holding you back from CLIMBING (full session),33,,,,,,,,,,https://www.youtube.com/watch?v=T_RSpimxmfk
JungleGapGG,,E7v9Q_tVUVE,Emerald Jungler Learns KEY Fundamentals To DRASTICALLY Improve Early Game,55,,,,,,,,,,https://www.youtube.com/watch?v=E7v9Q_tVUVE
JungleGapGG,,36mGKMq8W3A,EMERALD player learns what it takes to reach MASTER TIER | S14 Jungle Coaching,31,,,,,,,,,,https://www.youtube.com/watch?v=36mGKMq8W3A
JungleGapGG,,jPycBu6hsdg,EMERALD STUDENT LEARNS WHY THIS SKILL IS SO IMPORTANT...,26,,,,,,,,,,https://www.youtube.com/watch?v=jPycBu6hsdg
JungleGapGG,,cM7IUGdlh1o,Every Jungler SHOULD Know These Fundamentals (Most Dont) - Challenger Breakdown,52,,,,,,,,,,https://www.youtube.com/watch?v=cM7IUGdlh1o
JungleGapGG,,HHpjM7OPHyg,Ex Pro Shares 10 Years of Mentality Advice in 5 Minutes to Climb in SoloQ,6,,,,,,,,,,https://www.youtube.com/watch?v=HHpjM7OPHyg
JungleGapGG,,-tkc4mGDmlY,EX WORLDS PLAYER REVIEWS LOS RATONES SCRIMS... *EDUCATIONAL*,35,,,,,,,,,,https://www.youtube.com/watch?v=-tkc4mGDmlY
JungleGapGG,,C8TwwGBc6cY,EXPLAINING EVERY KEY FUNDAMENTAL + PLAYING MOST BROKEN JUNGLER,24,,,,,,,,,,https://www.youtube.com/watch?v=C8TwwGBc6cY
JungleGapGG,,jB_gkaPdr9U,"Farming Junglers Are BROKEN, You Are Just Playing Them WRONG",35,,,,,,,,,,https://www.youtube.com/watch?v=jB_gkaPdr9U
JungleGapGG,,932pXUnPGPA,From HARDSTUCK To CHALLENGER - What Changed?,4,,,,,,,,,,https://www.youtube.com/watch?v=932pXUnPGPA
JungleGapGG,,7INR8Gl5Fvw,FULL CLEAR FUNDAMENTALS | How To PUNISH The Enemy Jungler,17,,,,,,,,,,https://www.youtube.com/watch?v=7INR8Gl5Fvw
JungleGapGG,,QUE3RP5bPX0,Fundamentals To Climb To DIAMOND | Jungle Coaching (full session),55,,,,,,,,,,https://www.youtube.com/watch?v=QUE3RP5bPX0
JungleGapGG,,QJQrq8cr-vo,Fundamentals to TRULY 1v9 on Carry Junglers | Challenger Breakdown,45,,,,,,,,,,https://www.youtube.com/watch?v=QJQrq8cr-vo
JungleGapGG,,ATLfSUPQnus,Game Defining Opportunities 90% of Jungler's Below Diamond Don't See (Full Review),25,,,,,,,,,,https://www.youtube.com/watch?v=ATLfSUPQnus
JungleGapGG,,3jOURGjldOM,Give Me 40 Minutes To Make You INSANE At Jungle - Diamond Jungle Coaching,41,,,,,,,,,,https://www.youtube.com/watch?v=3jOURGjldOM
JungleGapGG,,Gtpzc4hm54U,Give Me 90 Minutes To Evolve Your Jungling - Diamond Jungle Coaching,80,,,,,,,,,,https://www.youtube.com/watch?v=Gtpzc4hm54U
JungleGapGG,,7BhW56XkBc0,GOLD 1 BRAND COACHING FULL SESSION **HOW TO CARRY IN LOW ELO**,92,,,,,,,,,,https://www.youtube.com/watch?v=7BhW56XkBc0
JungleGapGG,,yWIn1-Qbj_8,GRANDMASTER Jungler learns what it takes to reach CHALLENGER | Coaching @Tinjus,49,,,,,,,,,,https://www.youtube.com/watch?v=yWIn1-Qbj_8
JungleGapGG,,c9J_mB0VTAo,HARDSTUCK D1 Jungler INSTANTLY reaches MASTER TIER after this coaching session,19,,,,,,,,,,https://www.youtube.com/watch?v=c9J_mB0VTAo
JungleGapGG,,uw5nRnNnD-o,Hardstuck D4 student says he has 'hit a wall' the fix was easy.,47,,,,,,,,,,https://www.youtube.com/watch?v=uw5nRnNnD-o
JungleGapGG,,urq5K-LsSNk,Hardstuck Iron Jungler Learns The Mentality Needed To Overcome SoloQ Frustrations,13,,,,,,,,,,https://www.youtube.com/watch?v=urq5K-LsSNk
JungleGapGG,,HyUHHy2v6PI,HES RECLAIMING RANK 1 KR — How The BEST Hecarim In The World STOMPS SoloQ,32,,,,,,,,,,https://www.youtube.com/watch?v=HyUHHy2v6PI
JungleGapGG,,Bw1bGdSVQ0Y,High Elo Jungler LOSING HIS MIND | What's The Solution?,21,,,,,,,,,,https://www.youtube.com/watch?v=Bw1bGdSVQ0Y
JungleGapGG,,oPbf2ZEKDQo,High Elo Players Get Humiliated During This Group VOD Review...**Learning Experience 😂**,44,,,,,,,,,,https://www.youtube.com/watch?v=oPbf2ZEKDQo
JungleGapGG,,egh2YEt4EP0,High Elo Student Learns How to Close out Games after an Early Snowball,40,,,,,,,,,,https://www.youtube.com/watch?v=egh2YEt4EP0
JungleGapGG,,1vop3llHcWE,HIS POWER GROWS EVERY PATCH | HOW TO ABUSE WARWICK FOR FREELO,27,,,,,,,,,,https://www.youtube.com/watch?v=1vop3llHcWE
JungleGapGG,,ShE_50p58xE,How 'invisible' Tilt keeps you from Climbing | S15 Jungle Coaching,25,,,,,,,,,,https://www.youtube.com/watch?v=ShE_50p58xE
JungleGapGG,,-_QaOXEA_1M,How A Challenger Jungler Carries 3 LOSING LANES & Wins In 23mins,24,,,,,,,,,,https://www.youtube.com/watch?v=-_QaOXEA_1M
JungleGapGG,,69lopWZDlds,How a Challenger Jungler Carries INTERS using Fundamentals in S15,31,,,,,,,,,,https://www.youtube.com/watch?v=69lopWZDlds
JungleGapGG,,x_rWXtyyN5E,How a CHALLENGER Jungler Ends Games in 15 Minutes | Thought Process EXPLAINED,39,,,,,,,,,,https://www.youtube.com/watch?v=x_rWXtyyN5E
JungleGapGG,,Taa0yN1WzTc,How a CHALLENGER Jungler Ends Games in 20 Minutes | Thought Process EXPLAINED,35,,,,,,,,,,https://www.youtube.com/watch?v=Taa0yN1WzTc
JungleGapGG,,muZ7idxDTGw,How A Challenger Jungler THINKS & Fundamentals You Can Learn To CLIMB,19,,,,,,,,,,https://www.youtube.com/watch?v=muZ7idxDTGw
JungleGapGG,,3WHsJguaHN0,How a Challenger Jungler wins the games you call 'unwinnable',21,,,,,,,,,,https://www.youtube.com/watch?v=3WHsJguaHN0
JungleGapGG,,RuPBsJmlfbg,How a CHALLENGER Jungler WINS with LOSING LANES | Mentality & Fundamentals EXPLAINED,32,,,,,,,,,,https://www.youtube.com/watch?v=RuPBsJmlfbg
JungleGapGG,,01EY1GQS1cg,How I 1v9 High Elo Lobbies With LOSING LANES -  Educational Gameplay Guide,28,,,,,,,,,,https://www.youtube.com/watch?v=01EY1GQS1cg
JungleGapGG,,FbvNNe08obQ,How I STOMP Challenger Games With NIDALEE 😼 (Educational),19,,,,,,,,,,https://www.youtube.com/watch?v=FbvNNe08obQ
JungleGapGG,,knFXeFNmH3Q,How I STOMP High Elo Lobbies (Playing From Behind) - Educational Commentary,27,,,,,,,,,,https://www.youtube.com/watch?v=knFXeFNmH3Q
JungleGapGG,,v6D1wqmWpyo,How I Would Climb To Masters As Jungle (If I Had To Start Over),32,,,,,,,,,,https://www.youtube.com/watch?v=v6D1wqmWpyo
JungleGapGG,,nuZTOAgz6e0,How To ACTUALLY Start Carrying Games As Jungle | In-Depth Fundamentals Breakdown,50,,,,,,,,,,https://www.youtube.com/watch?v=nuZTOAgz6e0
JungleGapGG,,qkkximc7YEw,How To AVOID The Most Common Jungle Mistakes | Challenger Coaching,76,,,,,,,,,,https://www.youtube.com/watch?v=qkkximc7YEw
JungleGapGG,,QXofyY4lfWo,How To Carry ANY Game As Jungle With Clean Fundamentals | Challenger Thought Process,20,,,,,,,,,,https://www.youtube.com/watch?v=QXofyY4lfWo
JungleGapGG,,nWaWLXZd5bs,How To Carry ANY Game Using FUNDAMENTALS | Thought Process & Mindset Explained,53,,,,,,,,,,https://www.youtube.com/watch?v=nWaWLXZd5bs
JungleGapGG,,6BGSh5Lk3Zc,How To Carry EVERY Game Using PERFECT Jungle Fundamentals | Challenger Thought Process,40,,,,,,,,,,https://www.youtube.com/watch?v=6BGSh5Lk3Zc
JungleGapGG,,eQVaOvTARso,How to CARRY with EARLY GAME Junglers | Challenger Thought Process & In-Depth Review,56,,,,,,,,,,https://www.youtube.com/watch?v=eQVaOvTARso
JungleGapGG,,8hyDqAzMK14,How To CLIMB As Jungle With ONE Key Fundamental - Gameplay Guide LoL,35,,,,,,,,,,https://www.youtube.com/watch?v=8hyDqAzMK14
JungleGapGG,,sOcXtq3ZN9E,How To Close Out & Play Mid Game Correctly | S16 Jungle Coaching,15,,,,,,,,,,https://www.youtube.com/watch?v=sOcXtq3ZN9E
JungleGapGG,,GAGNyb5EB3E,How To COMPLETELY Gap Low Elo Enemy Junglers | Challenger Coaching,19,,,,,,,,,,https://www.youtube.com/watch?v=GAGNyb5EB3E
JungleGapGG,,TLGAsXxTmkw,How To COMPLETELY Gap The Enemy Jungler In Season 16 | Fundamentals Explained,51,,,,,,,,,,https://www.youtube.com/watch?v=TLGAsXxTmkw
JungleGapGG,,11ddVlCblTE,How To COUNTER this Popular Jungle Path (leads to an insane snowball),25,,,,,,,,,,https://www.youtube.com/watch?v=11ddVlCblTE
JungleGapGG,,zziK5rQefTc,How To DOMINATE Your First Clear EVERY GAME - Complete Jungle Guide - League of Legends,25,,,,,,,,,,https://www.youtube.com/watch?v=zziK5rQefTc
JungleGapGG,,iCIj0KCRfK0,How To Gap The Enemy Jungler & Use Your Lead To CARRY (Educational),13,,,,,,,,,,https://www.youtube.com/watch?v=iCIj0KCRfK0
JungleGapGG,,sDrKr85LMvU,How To HARD CARRY As Jungle With PERFECT Fundamentals In S16,22,,,,,,,,,,https://www.youtube.com/watch?v=sDrKr85LMvU
JungleGapGG,,YhAEl8jX48w,How To IMPROVE At Jungle (instead of blaming the algorithm) - Complete Tutorial,28,,,,,,,,,,https://www.youtube.com/watch?v=YhAEl8jX48w
JungleGapGG,,e8mDDPj4DjQ,How To MAXIMIZE Farming Junglers To Climb SoloQ - Educational Gameplay Guide,25,,,,,,,,,,https://www.youtube.com/watch?v=e8mDDPj4DjQ
JungleGapGG,,hHR_LhpAn_M,How to play FARMING Junglers with PERFECT Fundamentals | Challenger Thought Process EXPLAINED,42,,,,,,,,,,https://www.youtube.com/watch?v=hHR_LhpAn_M
JungleGapGG,,9OQgWq62GXA,How To Play FAST PACED Junglers & Hard Carry In SoloQ — Challenger Gameplay Guide,16,,,,,,,,,,https://www.youtube.com/watch?v=9OQgWq62GXA
JungleGapGG,,kC9KItmVsXY,How To Play Jungle With SCALING Lanes & The Correct Mentality You Need To Win | Season 14 Coaching,27,,,,,,,,,,https://www.youtube.com/watch?v=kC9KItmVsXY
JungleGapGG,,SEcmNRBNTz4,How To Play Like The BEST Jungler In The World — Fundamentals Guide,31,,,,,,,,,,https://www.youtube.com/watch?v=SEcmNRBNTz4
JungleGapGG,,2LExtP-ROkw,How To Play NEW Shyvana Jungle - Educational Guide & Commentary,16,,,,,,,,,,https://www.youtube.com/watch?v=2LExtP-ROkw
JungleGapGG,,dWfwiHzxH98,How To Play Utility Junglers & Win Through Bot | S15 Challenger Fundamentals,17,,,,,,,,,,https://www.youtube.com/watch?v=dWfwiHzxH98
JungleGapGG,,NHR-0ie04O0,How To Prevent & Counter EVERY Early Jungle Invade (Complete Guide),27,,,,,,,,,,https://www.youtube.com/watch?v=NHR-0ie04O0
JungleGapGG,,qABRwRnsCdE,How To Prevent being INVADED Early & Is The 'OP Raptor Path' Still OP?,12,,,,,,,,,,https://www.youtube.com/watch?v=qABRwRnsCdE
JungleGapGG,,jGug0qKXfdw,HOW TO TAKE UDYR TO THE NEXT LEVEL | Emerald 1 Coaching,60,,,,,,,,,,https://www.youtube.com/watch?v=jGug0qKXfdw
JungleGapGG,,bqNVtVRsaYM,How to TRANSLATE early leads into WINS | Diamond Jungle Coaching (Full Review),42,,,,,,,,,,https://www.youtube.com/watch?v=bqNVtVRsaYM
JungleGapGG,,YYIpC9KMIrY,How To Translate Your Lead As Jungle & ACTUALLY Carry | Complete Fundamental Breakdown,24,,,,,,,,,,https://www.youtube.com/watch?v=YYIpC9KMIrY
JungleGapGG,,Sw7jRcK5Lmw,How to use TEMPO to completely GAP the enemy Jungler & 1v9 any game | Season 14 Coaching,29,,,,,,,,,,https://www.youtube.com/watch?v=Sw7jRcK5Lmw
JungleGapGG,,ouIDpkXv5A4,How to use your TRINKET WARDS early game like a CHALLENGER Jungler | S14 Coaching,3,,,,,,,,,,https://www.youtube.com/watch?v=ouIDpkXv5A4
JungleGapGG,,OvGvcr0G9NA,I Gave My PLAT Student Challenger Macro — This Was The Result,36,,,,,,,,,,https://www.youtube.com/watch?v=OvGvcr0G9NA
JungleGapGG,,H9RQrtv05vE,"I gave my student Challenger Jungle Macro for one game, this was the result...",22,,,,,,,,,,https://www.youtube.com/watch?v=H9RQrtv05vE
JungleGapGG,,cdDvCTAerHY,I Thought This Champion Would SUCK Jungle (might actually be new elo hack),11,,,,,,,,,,https://www.youtube.com/watch?v=cdDvCTAerHY
JungleGapGG,,MTrcNBH7ckA,Improving At Jungle Is EASIER Than You Think - Challenger Commentary,28,,,,,,,,,,https://www.youtube.com/watch?v=MTrcNBH7ckA
JungleGapGG,,APuux4lHoZA,In-Depth Low Elo Jungle Coaching (Full Session) - League of Legends,81,,,,,,,,,,https://www.youtube.com/watch?v=APuux4lHoZA
JungleGapGG,,f-8xTKVPIIU,Jungle Fundamentals Guide - Thought Process Explained & How To Climb SoloQ,32,,,,,,,,,,https://www.youtube.com/watch?v=f-8xTKVPIIU
JungleGapGG,,cRB7fpnZxCI,Jungle Fundamentals RAPID FIRE MODE — Challenger Thought Process,36,,,,,,,,,,https://www.youtube.com/watch?v=cRB7fpnZxCI
JungleGapGG,,WuPA-eO44RM,Jungle Is EASY Once You Know These Macro Concepts | Challenger Jungle Coaching,35,,,,,,,,,,https://www.youtube.com/watch?v=WuPA-eO44RM
JungleGapGG,,k7p-L-gE8fM,Jungle Pathing Fundamentals Explained & How To Give Your Game Structure,11,,,,,,,,,,https://www.youtube.com/watch?v=k7p-L-gE8fM
JungleGapGG,,BZFfUsIphDw,Jungle Pathing Fundamentals EXPLAINED | How To Structure Your Full Clears,10,,,,,,,,,,https://www.youtube.com/watch?v=BZFfUsIphDw
JungleGapGG,,E2pHBn5pyh0,KICKSTART YOUR SEASON 15 JUNGLE CLIMB | Patch + Tier List,16,,,,,,,,,,https://www.youtube.com/watch?v=E2pHBn5pyh0
JungleGapGG,,w2ulZ4Bvh2M,KR CHALLENGER ADC MAIN GETS COACHING FOR JUNGLE???,38,,,,,,,,,,https://www.youtube.com/watch?v=w2ulZ4Bvh2M
JungleGapGG,,ReI2LAxafZQ,LEARN HOW TO 1V9 AS GRAVES IN S14... *TARZANED VOD REVIEW*,23,,,,,,,,,,https://www.youtube.com/watch?v=ReI2LAxafZQ
JungleGapGG,,Zz5R3-4bxxs,Learn the CORE Jungle Concepts that separate YOU from HIGH ELO | Low Elo Coaching,27,,,,,,,,,,https://www.youtube.com/watch?v=Zz5R3-4bxxs
JungleGapGG,,gKzkLyilR2g,Learning How To PUNISH The Enemy Jungler | Emerald Coaching (Full Review),28,,,,,,,,,,https://www.youtube.com/watch?v=gKzkLyilR2g
JungleGapGG,,y2CNE_0O-SQ,LIVE COACHING 900LP KINDRED TO SECURE CHALLENGER + REVIEW,29,,,,,,,,,,https://www.youtube.com/watch?v=y2CNE_0O-SQ
JungleGapGG,,BgBlbsLQYg0,Live Coaching Low Elo Student who has 5 Smurf Accounts...(reality check),38,,,,,,,,,,https://www.youtube.com/watch?v=BgBlbsLQYg0
JungleGapGG,,g42Urg8l7EM,Live Coaching MASTER TIER | Applying Fundamentals = Perfect Early Game,7,,,,,,,,,,https://www.youtube.com/watch?v=g42Urg8l7EM
JungleGapGG,,m4klVu0QZsA,Live Coaching Plat Player to have the Perfect Early Game as Xin Zhao...**VERY EASY**,8,,,,,,,,,,https://www.youtube.com/watch?v=m4klVu0QZsA
JungleGapGG,,4s86TurNjfQ,Live Coaching Player on How to Actually Climb out of Low Elo... **PLAY YOUR OWN GAME**,31,,,,,,,,,,https://www.youtube.com/watch?v=4s86TurNjfQ
JungleGapGG,,fFqkkFYNfgE,Low Elo Enemy Junglers HATE This Invade Strategy - Challenger Coaching,9,,,,,,,,,,https://www.youtube.com/watch?v=fFqkkFYNfgE
JungleGapGG,,wicO47ktoC8,Low Elo Jungle Coaching | Everything you need to know to be CONSISTENT,41,,,,,,,,,,https://www.youtube.com/watch?v=wicO47ktoC8
JungleGapGG,,j0Qpxaev0J4,Low Elo Jungle Coaching | The most IMPORTANT Fundamentals you need to CLIMB,40,,,,,,,,,,https://www.youtube.com/watch?v=j0Qpxaev0J4
JungleGapGG,,rSB4jYWxawo,Master Tier vs Challenger Decision Making & Tempo Assessment | S14 Jungle Coaching,6,,,,,,,,,,https://www.youtube.com/watch?v=rSB4jYWxawo
JungleGapGG,,w9z38UxK5dw,MID GAME SOLVED! WHEN TO FARM OR GROUP AS JUNGLE,17,,,,,,,,,,https://www.youtube.com/watch?v=w9z38UxK5dw
JungleGapGG,,ckTfUwImfyY,Mistakes You NEED To Fix To Climb As Jungle | Fundamentals Explained,18,,,,,,,,,,https://www.youtube.com/watch?v=ckTfUwImfyY
JungleGapGG,,RlkPa7XkEZ0,Must Know Concepts To CLIMB With Carry Junglers - Educational Guide LoL,30,,,,,,,,,,https://www.youtube.com/watch?v=RlkPa7XkEZ0
JungleGapGG,,tj0NF89-I3k,MUST KNOW Fundamentals | Early Invades & Closing Out Games Cleanly,31,,,,,,,,,,https://www.youtube.com/watch?v=tj0NF89-I3k
JungleGapGG,,YCnok6tmIt0,My student wanted to know what Challenger Jungle Macro looks like in Emerald...(we won),52,,,,,,,,,,https://www.youtube.com/watch?v=YCnok6tmIt0
JungleGapGG,,2viv8KdVIS0,NEW OP S14 JUNGLE PATH **USE TO GAIN FREE LP 🚀**,13,,,,,,,,,,https://www.youtube.com/watch?v=2viv8KdVIS0
JungleGapGG,,prbJkJqHvmc,NEW UPDATED — STRONGEST Junglers For Season 16 TIER LIST,14,,,,,,,,,,https://www.youtube.com/watch?v=prbJkJqHvmc
JungleGapGG,,DnbBdgYtWMo,No BS Jungle Guide — How To Carry With 3 Losing Lanes (Fundamentals Explained),23,,,,,,,,,,https://www.youtube.com/watch?v=DnbBdgYtWMo
JungleGapGG,,c5PjvgiV9RE,OP Raptor Invade Path | How To Capitalize? **D4 Player Finds Out**,26,,,,,,,,,,https://www.youtube.com/watch?v=c5PjvgiV9RE
JungleGapGG,,FYrWv1dSh4Q,PLAT 1 XIN ZHAO COACHING **LEARN JUNGLE FUNDAMENTALS**,63,,,,,,,,,,https://www.youtube.com/watch?v=FYrWv1dSh4Q
JungleGapGG,,-lYhpXIC31E,Plat Jungler Learns CRITICAL Information Needed To CARRY Early (game changing),16,,,,,,,,,,https://www.youtube.com/watch?v=-lYhpXIC31E
JungleGapGG,,KgkKLI6PnNY,Plat Jungler Learns How To ACTUALLY Translate A Lead | In-Depth Challenger Coaching,37,,,,,,,,,,https://www.youtube.com/watch?v=KgkKLI6PnNY
JungleGapGG,,nlXmmHbwsak,Player Realizes The Difference between Diamond and Challenger Level Decision Making...,16,,,,,,,,,,https://www.youtube.com/watch?v=nlXmmHbwsak
JungleGapGG,,F-y1-4u3uig,Pro Jungle Concepts That Let Me Carry Games You Call 'Unwinnable',17,,,,,,,,,,https://www.youtube.com/watch?v=F-y1-4u3uig
JungleGapGG,,NiL16uRWGYM,Pro Jungle Concepts That SOLVE The Early Game (save hours of frustration),19,,,,,,,,,,https://www.youtube.com/watch?v=NiL16uRWGYM
JungleGapGG,,fU9it2zk28I,Pro Jungler Analysis: How PerryJG Uses TEMPO To Gap The Enemy Jungler,7,,,,,,,,,,https://www.youtube.com/watch?v=fU9it2zk28I
JungleGapGG,,pEnU2jI499k,Proof That Fundamentals & Decision Making Is All You Need To Carry in Low Elo,31,,,,,,,,,,https://www.youtube.com/watch?v=pEnU2jI499k
JungleGapGG,,FMYeqdh-Whs,Rank 1 KR Jungle EXPLAINED — NattyNatt Educational Breakdown,52,,,,,,,,,,https://www.youtube.com/watch?v=FMYeqdh-Whs
JungleGapGG,,ehsPjFfP6Fw,Ranking Fundamentals AGURIN Teaches To A Gold 4 Jungler (What's Actually Important),26,,,,,,,,,,https://www.youtube.com/watch?v=ehsPjFfP6Fw
JungleGapGG,,IMyTdHqUFtQ,Reaching a Higher Level of Fundamentals | Diamond 2 Jungle Coaching,62,,,,,,,,,,https://www.youtube.com/watch?v=IMyTdHqUFtQ
JungleGapGG,,_pqj7qSSMuA,Retired Pro Reveals The CURRENT 6 Most Important Jungle Fundamentals,45,,,,,,,,,,https://www.youtube.com/watch?v=_pqj7qSSMuA
JungleGapGG,,iLjvNsFFJas,REWORKED SKARNER IS OP??? | In-Depth Guide,33,,,,,,,,,,https://www.youtube.com/watch?v=iLjvNsFFJas
JungleGapGG,,wrImbNgPP3c,SEASON 16 IS HERE | First Thoughts & What You NEED To Know About Jungle (Timers/Meta/Tips),7,,,,,,,,,,https://www.youtube.com/watch?v=wrImbNgPP3c
JungleGapGG,,Wl4im8wEGSY,SHAPE THE EARLY GAME SO THE MAP FAVORS YOU | Coaching Emerald Graves,42,,,,,,,,,,https://www.youtube.com/watch?v=Wl4im8wEGSY
JungleGapGG,,QS26B9sCpok,SoloQ Advice I Wish I Learned Sooner — MUST KNOW To Climb In Season 16,42,,,,,,,,,,https://www.youtube.com/watch?v=QS26B9sCpok
JungleGapGG,,WW2X5kCSXN4,Solving The #1 SoloQ Problem (How To Carry Bad Teams) — Jungle Guide,52,,,,,,,,,,https://www.youtube.com/watch?v=WW2X5kCSXN4
JungleGapGG,,FtlN3JSgxDw,Start Impacting your games as Jungle using Fundamentals |  Diamond Coaching (Full Review),28,,,,,,,,,,https://www.youtube.com/watch?v=FtlN3JSgxDw
JungleGapGG,,gbj6hu8YleQ,Step By Step Early Game Blueprint For New/Low Elo Junglers,31,,,,,,,,,,https://www.youtube.com/watch?v=gbj6hu8YleQ
JungleGapGG,,dO6DD3AVWmg,Step by Step Fundamentals for NOOB JUNGLERS! | Low Elo Coaching,20,,,,,,,,,,https://www.youtube.com/watch?v=dO6DD3AVWmg
JungleGapGG,,LQ18_AHU5wg,Still one of the BEST JUNGLERS For Climbing in 2025,28,,,,,,,,,,https://www.youtube.com/watch?v=LQ18_AHU5wg
JungleGapGG,,6swybyO9b6w,Still one of the STRONGEST JUNGLERS | Educational High Elo Commentary,22,,,,,,,,,,https://www.youtube.com/watch?v=6swybyO9b6w
JungleGapGG,,Bai3mY-dTy8,Student goes on a 9 game WIN STREAK after we FIXED his MID GAME,81,,,,,,,,,,https://www.youtube.com/watch?v=Bai3mY-dTy8
JungleGapGG,,zeIpyvTn_CI,"Student Was SCARED TO GANK, This Is How I Changed His Mind.",12,,,,,,,,,,https://www.youtube.com/watch?v=zeIpyvTn_CI
JungleGapGG,,pongkKqdb8M,Suck at Jungle or just a Noob? This Video is for You - LoL Coaching,52,,,,,,,,,,https://www.youtube.com/watch?v=pongkKqdb8M
JungleGapGG,,7Ma0Hkcyd9A,Teaching My Student The 'Agurin Path' | Season 16 Jungle Coaching,32,,,,,,,,,,https://www.youtube.com/watch?v=7Ma0Hkcyd9A
JungleGapGG,,I5DPzL4Ku7A,Teaching The ENEMY Plat Jungler How To Jungle Gap (Extremely Educational),29,,,,,,,,,,https://www.youtube.com/watch?v=I5DPzL4Ku7A
JungleGapGG,,5-LtZYgB4B0,TEST YOUR KNOWLEDGE | ARE YOU AS GOOD AS A WORLD CHAMPION?,18,,,,,,,,,,https://www.youtube.com/watch?v=5-LtZYgB4B0
JungleGapGG,,SrazJe1teLA,TEST YOUR MACRO | Challenger Jungle Fundamentals,27,,,,,,,,,,https://www.youtube.com/watch?v=SrazJe1teLA
JungleGapGG,,vS6lUpGP8-o,The #1 MISTAKE Junglers make during MID GAME | Challenger Concepts EXPLAINED,13,,,,,,,,,,https://www.youtube.com/watch?v=vS6lUpGP8-o
JungleGapGG,,OsporZFgdDA,The #1 Mistake Junglers Make When Closing Out Games | Diamond 2 Coaching Session,13,,,,,,,,,,https://www.youtube.com/watch?v=OsporZFgdDA
JungleGapGG,,ZBsSW-QsNsM,The #1 mistake LOW ELO junglers make that prevents them from CLIMBING | S14 Coaching,9,,,,,,,,,,https://www.youtube.com/watch?v=ZBsSW-QsNsM
JungleGapGG,,StRiu302le4,The #1 Thing That Separates You From High Elo (you can always improve this),21,,,,,,,,,,https://www.youtube.com/watch?v=StRiu302le4
JungleGapGG,,xy6GjrKGd_4,THE ART OF PLAYING JUNGLE FROM BEHIND (disaster early game),34,,,,,,,,,,https://www.youtube.com/watch?v=xy6GjrKGd_4
JungleGapGG,,O9dK9845j_A,THE BEST TANK JUNGLER IN THE GAME (10k HP Cho Gath Incident),17,,,,,,,,,,https://www.youtube.com/watch?v=O9dK9845j_A
JungleGapGG,,d5KLthsUmQo,The BIGGEST Mistake 90% of Junglers Make Below Diamond SOLVED | Season 14 Coaching,21,,,,,,,,,,https://www.youtube.com/watch?v=d5KLthsUmQo
JungleGapGG,,IM-KhTTF6lY,The BIGGEST Mistake 95% of Junglers Below Diamond Are Making (preventing you from climbing),66,,,,,,,,,,https://www.youtube.com/watch?v=IM-KhTTF6lY
JungleGapGG,,4oTHoBX2shY,The Core Foundation of PATHING Fundamentals - Beginner Jungle GUIDE,50,,,,,,,,,,https://www.youtube.com/watch?v=4oTHoBX2shY
JungleGapGG,,uD768f4ljTI,The Current BEST Low Elo Jungler To FARM LP | Mini Mundo Guide (abuse before nerfs),40,,,,,,,,,,https://www.youtube.com/watch?v=uD768f4ljTI
JungleGapGG,,Mc1JHT4nCLw,The Early Game Mistakes 90% of EMERALD Junglers Make That Stop Them From Reaching DIAMOND+,30,,,,,,,,,,https://www.youtube.com/watch?v=Mc1JHT4nCLw
JungleGapGG,,Q2ZuXzfLBqc,The Early Game Mistakes Preventing EMERALD Junglers from CLIMBING | Full Coaching Session,31,,,,,,,,,,https://www.youtube.com/watch?v=Q2ZuXzfLBqc
JungleGapGG,,h3ysfu77bok,The Fundamentals of Playing Brand in S14...**Full Live Coaching Session**,30,,,,,,,,,,https://www.youtube.com/watch?v=h3ysfu77bok
JungleGapGG,,gYDxDKuDMeE,The Fundamentals That SEPERATE Low & High Elo Junglers | LoL Coaching,42,,,,,,,,,,https://www.youtube.com/watch?v=gYDxDKuDMeE
JungleGapGG,,Tg9IE6vxPlg,"The Gorillajones Jungle Incident, was the Ban & Flame Justified?",20,,,,,,,,,,https://www.youtube.com/watch?v=Tg9IE6vxPlg
JungleGapGG,,ch1qav3cNr4,THE KING OF SOLOQ??? RANK 1 KR **TARZAN REVIEW**,20,,,,,,,,,,https://www.youtube.com/watch?v=ch1qav3cNr4
JungleGapGG,,UF6M-8eKeYs,The Mentality You Need To Improve & Climb As Jungle - Educational Guide,34,,,,,,,,,,https://www.youtube.com/watch?v=UF6M-8eKeYs
JungleGapGG,,pOV5KBn8IFI,The Most BROKEN Jungle Path In Season 16 - League of Legends Guide,6,,,,,,,,,,https://www.youtube.com/watch?v=pOV5KBn8IFI
JungleGapGG,,qof2QfDOfmY,The Most BROKEN Jungler If You Master Him - Complete Guide,47,,,,,,,,,,https://www.youtube.com/watch?v=qof2QfDOfmY
JungleGapGG,,vcPIpoxc2Vs,The MOST IMPORTANT Fundamentals & Mentality for New/Low Elo Junglers EXPLAINED,33,,,,,,,,,,https://www.youtube.com/watch?v=vcPIpoxc2Vs
JungleGapGG,,HTeXDx0nGLI,The Most Informative Jungle Coaching For Low Elo In Season 2,34,,,,,,,,,,https://www.youtube.com/watch?v=HTeXDx0nGLI
JungleGapGG,,4Mj0eXNCMrY,The Most INSANE Jungler Is About To Hit RANK 1 KR Again! Here's His Secret...,36,,,,,,,,,,https://www.youtube.com/watch?v=4Mj0eXNCMrY
JungleGapGG,,aYCWEbflCwU,The Most MISUNDERSTOOD SoloQ Concept You Can ABUSE To Climb | LoL Guide,37,,,,,,,,,,https://www.youtube.com/watch?v=aYCWEbflCwU
JungleGapGG,,LO_w6T7o2wY,The Most VALUABLE Jungle Coaching In Over 1000+ Reviews - Learn Fundamentals,16,,,,,,,,,,https://www.youtube.com/watch?v=LO_w6T7o2wY
JungleGapGG,,KbTg3XIAlQg,The Most VALUABLE Jungle Coaching In Over 500+ Reviews,42,,,,,,,,,,https://www.youtube.com/watch?v=KbTg3XIAlQg
JungleGapGG,,usTjjJt7WRw,The Most VALUABLE Low Elo Coaching Session In Season 15,39,,,,,,,,,,https://www.youtube.com/watch?v=usTjjJt7WRw
JungleGapGG,,Y9iqq6Vl4fM,The NEW Best Junglers To Climb At Every Rank EXPLAINED,14,,,,,,,,,,https://www.youtube.com/watch?v=Y9iqq6Vl4fM
JungleGapGG,,uru4vXpDRY0,The Only Fundamentals You Need To CARRY With Farming Junglers - S16 Gameplay Guide,35,,,,,,,,,,https://www.youtube.com/watch?v=uru4vXpDRY0
JungleGapGG,,EGRxLj5vsto,The Only Ganking Guide You Will EVER Need In League of Legends (In-Depth),22,,,,,,,,,,https://www.youtube.com/watch?v=EGRxLj5vsto
JungleGapGG,,b3aWUZQvzcE,The Real Reason You Feel LOW IMPACT As Jungle & How To Fix It,18,,,,,,,,,,https://www.youtube.com/watch?v=b3aWUZQvzcE
JungleGapGG,,mQrjOc1zzfA,The Real Reason You Have LOW IMPACT As Jungle (and how to fix it),41,,,,,,,,,,https://www.youtube.com/watch?v=mQrjOc1zzfA
JungleGapGG,,sPHUzk3XNs8,The REAL Reason You’re Not Snowballing Your Jungle Leads (Challenger Breakdown),14,,,,,,,,,,https://www.youtube.com/watch?v=sPHUzk3XNs8
JungleGapGG,,xZtWIoJ7KNg,The Reality of SoloQ | Jungle Fundamentals to Climb & Mindset to Improve,55,,,,,,,,,,https://www.youtube.com/watch?v=xZtWIoJ7KNg
JungleGapGG,,-UAjl1ESwPg,The Reason You DONT Carry Games When You SHOULD - Emerald Jungle Coaching,24,,,,,,,,,,https://www.youtube.com/watch?v=-UAjl1ESwPg
JungleGapGG,,JygwTpbcrfg,The Secret Mindset that gives Challenger Players 99% winrate in Low Elo.,6,,,,,,,,,,https://www.youtube.com/watch?v=JygwTpbcrfg
JungleGapGG,,r8VygRbh1bg,The SECRET To Climbing In Season 15 That EVERY Jungler Wants To Know,38,,,,,,,,,,https://www.youtube.com/watch?v=r8VygRbh1bg
JungleGapGG,,MTnmqvqEjU8,The SECRET To Climbing In Season 16 Every Jungler Wants To Know,22,,,,,,,,,,https://www.youtube.com/watch?v=MTnmqvqEjU8
JungleGapGG,,YKDgSpRt3qA,The State of Jungle for 2026 — is it Doomed? (Season 16 Breakdown),7,,,,,,,,,,https://www.youtube.com/watch?v=YKDgSpRt3qA
JungleGapGG,,4XvWYcA9Vrw,The STRONGEST Junglers Patch 25.23 | Tier List - League of Legends,19,,,,,,,,,,https://www.youtube.com/watch?v=4XvWYcA9Vrw
JungleGapGG,,mCx6RZlncOc,The ULTIMATE Jungle Strategy To Climb out of LOW ELO - Educational Commentary,30,,,,,,,,,,https://www.youtube.com/watch?v=mCx6RZlncOc
JungleGapGG,,Y4GbjL-ku04,These Concepts Will SOLVE Your Mid Game As Jungle | LoL Coaching,21,,,,,,,,,,https://www.youtube.com/watch?v=Y4GbjL-ku04
JungleGapGG,,s2wKQA7Ov0o,Things that stop you from climbing (TIER LIST) - League of Legends,26,,,,,,,,,,https://www.youtube.com/watch?v=s2wKQA7Ov0o
JungleGapGG,,xV0cgRwIdr8,This Champ PRINTS LP If Played Correctly (NattyNatt Cosplay) - Educational,33,,,,,,,,,,https://www.youtube.com/watch?v=xV0cgRwIdr8
JungleGapGG,,1m6ycA6qrSs,This Jungler hit his dream rank right after our session...,74,,,,,,,,,,https://www.youtube.com/watch?v=1m6ycA6qrSs
JungleGapGG,,DAcvgksWl7o,Turning a MASTER TIER Jungler to GRANDMASTER after ONE SESSION 📈,29,,,,,,,,,,https://www.youtube.com/watch?v=DAcvgksWl7o
JungleGapGG,,fLnl7yCiiPU,Turning my Plat Student into a VIEGO PRO | Season 15 Jungle Coaching,31,,,,,,,,,,https://www.youtube.com/watch?v=fLnl7yCiiPU
JungleGapGG,,7em9aXVwxFk,Wait... Teemo Jungle Might Actually Be OP?,19,,,,,,,,,,https://www.youtube.com/watch?v=7em9aXVwxFk
JungleGapGG,,e9SSpRzFwo4,What 2200LP Jungle Fundamentals Actually Look Like (rank 1 KR review),37,,,,,,,,,,https://www.youtube.com/watch?v=e9SSpRzFwo4
JungleGapGG,,4IYQ0AOx3C8,"WHAT 30,000+ HOURS OF JUNGLE LOOKS LIKE - Educational Challenger Commentary",28,,,,,,,,,,https://www.youtube.com/watch?v=4IYQ0AOx3C8
JungleGapGG,,tYS21LXOGh8,What 3000LP Jungle Fundamentals Actually Look Like — Educational Review,50,,,,,,,,,,https://www.youtube.com/watch?v=tYS21LXOGh8
JungleGapGG,,J1453eOt0Rc,What 80% Winrate To 1263LP Fundamentals Look Like (Insane) - NattyNatt Review,52,,,,,,,,,,https://www.youtube.com/watch?v=J1453eOt0Rc
JungleGapGG,,2W1UgMH0ghs,What Challenger decision making looks like in Diamond | Live Coaching,29,,,,,,,,,,https://www.youtube.com/watch?v=2W1UgMH0ghs
JungleGapGG,,TBifBK-ybeo,What happens when you give a SILVER Jungler CHALLENGER level decision making?,30,,,,,,,,,,https://www.youtube.com/watch?v=TBifBK-ybeo
JungleGapGG,,A1vFc9Q22jo,What will it take for this EMERALD Jungler to hit DIAMOND? LoL Coaching,76,,,,,,,,,,https://www.youtube.com/watch?v=A1vFc9Q22jo
JungleGapGG,,ORa2zIqs6xk,What you might be missing to 1v9 as Jungle (finding calm in the chaos),30,,,,,,,,,,https://www.youtube.com/watch?v=ORa2zIqs6xk
JungleGapGG,,eKV-ykrrwB4,WHICH JUNGLE PLAYSTYLE IS THE BEST?? (you need to hear this),4,,,,,,,,,,https://www.youtube.com/watch?v=eKV-ykrrwB4
JungleGapGG,,fHr5nFcyQSI,Why 'Doing' Fundamentals Does Not Always Equal 'Winning' | Plat Jungle Coaching,16,,,,,,,,,,https://www.youtube.com/watch?v=fHr5nFcyQSI
JungleGapGG,,9_zemOtCzxs,WHY IS THIS EMERALD JUNGLER HARDSTUCK? | Season 15 Coaching,49,,,,,,,,,,https://www.youtube.com/watch?v=9_zemOtCzxs
JungleGapGG,,pqaTc4kNT8k,Why It's IMPOSSIBLE To Invade Me | Challenger Fundamentals Explained,25,,,,,,,,,,https://www.youtube.com/watch?v=pqaTc4kNT8k
JungleGapGG,,O2E6OwRtccc,Why It's Impossible to Vs the Rank 1 EUW Jungler,52,,,,,,,,,,https://www.youtube.com/watch?v=O2E6OwRtccc
JungleGapGG,,04gxlwofAmA,Why Tarzaned FAILED To Hit Challenger In Korean SoloQ (educational),16,,,,,,,,,,https://www.youtube.com/watch?v=04gxlwofAmA
JungleGapGG,,luzXqurDXBA,Why TEMPO Is The Most Important Fundamental | High Elo Coaching,45,,,,,,,,,,https://www.youtube.com/watch?v=luzXqurDXBA
JungleGapGG,,JbVVVmLSjNM,Why You Get Fed On Carry Junglers But DONT 1v9 The Game (Plat VOD Vs NattyNatt),39,,,,,,,,,,https://www.youtube.com/watch?v=JbVVVmLSjNM
JungleGapGG,,pthhLRqlMBI,You need to LOCK IN if you want to CLIMB | Gold Jungle Coaching,39,,,,,,,,,,https://www.youtube.com/watch?v=pthhLRqlMBI
JungleGapGG,,ZlHyOWH_40k,Your ticket to High Elo | Challenger Junglers Thought Process & Fundamentals Explained,38,,,,,,,,,,https://www.youtube.com/watch?v=ZlHyOWH_40k
JungleGapGG,,Y0q9nqFF6tI,Your Ticket To HIGH ELO | Nasus Jungle Gameplay Guide & Fundamentals,26,,,,,,,,,,https://www.youtube.com/watch?v=Y0q9nqFF6tI
KireiLoL,KireiLoL,WxytId6zdO0,#1 Complete Jungle Guide on CARRYING 3 LOSING LANES (MUST WATCH),31,,yes,yes,yes,yes,intermediate,"adapting, decision, jungle_tracking, macro, mental, tempo","Kha'Zix, assassin","This video provides a comprehensive guide for jungle players on how to carry games when all three lanes are losing. It emphasizes strategic decision-making, tempo management, jungle tracking, and objective play to recover from early deficits. Key takeaways include prioritizing farm over bad ganks, sacrificing laners for tempo, and using cross-map plays and Baron pressure to create win conditions.",https://www.youtube.com/watch?v=WxytId6zdO0
KireiLoL,KireiLoL,xX9lHB-5Qqc,#1 Fundamental in Jungle: Mastering Objective Control and Mid-Game Macro,39,,yes,yes,yes,yes,intermediate,"fundamentals, objectives, mid_game, macro, tracking, win_condition, early_game, pathing",general,"This video teaches a consistent framework for carrying games by prioritizing objectives and playing around the team's strongest members. The coach explains a three-step process for objective control involving tempo identification, information gathering, and creating a 'numbers game' advantage through wave pressure and base timing.",https://www.youtube.com/watch?v=xX9lHB-5Qqc
KireiLoL,KireiLoL,8_bjkkY5AM4,A No BS Guide to Jungle Tempo and Map Pressure,48,,yes,yes,yes,yes,intermediate,"fundamentals, intermediate, advanced, early_game, mid_game, macro, mindset, jungle_tracking","general, Bel'Veth, Elise, Kha'Zix","This video provides a comprehensive breakdown of 'Tempo' in the jungle, defining it as the ability to make plays first. Coach KireiLoL explains how to recognize tempo advantages through death timers and objectives, and how to toggle between aggressive and defensive mindsets to optimize map presence and set up traps.",https://www.youtube.com/watch?v=8_bjkkY5AM4
KireiLoL,KireiLoL,r9KJiLMCy4Q,"Advanced Baron Execution: The 3K Rule, Turning, and Zoning Strategies",,,yes,yes,yes,yes,advanced,"objectives, baron, mid_game, late_game, macro, decision, advanced","g, e, n, e, r, a, l","This video by KireiLoL explains advanced Baron execution strategies, focusing on the '3K rule' for Baron HP to force enemy engagement. It details the critical decision-making process of whether to turn and fight the approaching enemy team or to finish Baron while zoning the enemy jungler. The coach uses professional game examples to illustrate successful and unsuccessful Baron calls, emphasizing timing and strategic considerations.",https://www.youtube.com/watch?v=r9KJiLMCy4Q
KireiLoL,KireiLoL,QNwt2GhKVoY,Advanced Baron Setup and Execution: Pro Team Strategies,,,yes,yes,yes,yes,advanced,"advanced, objectives, baron, macro, vision, grouping, decision, team_comp","Zeri, Gragas, Tristana, Sejuani, Azir, Nautilus","This video breaks down advanced Baron setup and execution strategies used by professional League of Legends teams. It teaches players how to recognize critical cues like lane tempo and priority, utilize a ""ping-pong"" strategy to translate pressure, and establish comprehensive vision control around the Baron pit. Key takeaways include coordinating team movements, understanding Baron take speed, and effectively baiting enemy vision to secure the objective.",https://www.youtube.com/watch?v=QNwt2GhKVoY
KireiLoL,KireiLoL,HjLP-LlYpvg,"Advanced Jungle Decision Making: Gank vs. Farm, Lane States & Tempo",,,yes,yes,yes,yes,advanced,"ganking, farming, pathing, decision, early_game, macro, counter_gank, jungle_tracking, vision, objectives, matchup, champion, dive","g, e, n, e, r, a, l","This video teaches advanced jungle decision-making, focusing on when to gank versus when to farm by analyzing lane volatility and various lane states (slow push, neutral, bounce). It emphasizes predicting enemy jungler movements, understanding wave management, and knowing when to skip camps or prioritize objectives to gain tempo and secure advantages. The coach provides examples of identifying gank opportunities, executing counter-ganks, and leveraging lane states even against warded lanes to climb to high ELO.",https://www.youtube.com/watch?v=HjLP-LlYpvg
KireiLoL,KireiLoL,91NnpZLn_Fs,Advanced Jungle Invading and Counter-Jungling Guide with KireiLoL,,,yes,yes,yes,yes,advanced,"advanced, clearing, camps, farming, pathing, early_game, jungle_tracking, matchup, objectives, win_condition, decision, macro, full_clear","Kha'Zix, general","This video offers an advanced practical course on invading and counter-jungling in League of Legends, emphasizing the importance of jungle camp timers, enemy jungler tracking, and leveraging lane priority. KireiLoL demonstrates how to consistently cycle enemy camps to build a significant level and gold advantage, detailing decision-making for early and mid-game invades, including the ""bulldoze tactic"" for safe exits.",https://www.youtube.com/watch?v=91NnpZLn_Fs
KireiLoL,KireiLoL,D87139pUILo,"Advanced Jungle Invading Strategy: Level 1, 3, and Mid-Game Invades",20,,yes,yes,yes,yes,advanced,"advanced, early_game, mid_game, jungle_tracking, pathing, decision, macro, camps, objectives","Nidalee, Kindred, Rex'Sai, Nunu, general","This video provides advanced jungle coaching on effective invasion strategies at levels 1, 3, and around the 6-7 minute mark. It emphasizes crucial decision-making, such as identifying favorable matchups and lane states, coordinating with laners through specific pinging techniques, and adapting to enemy movements. Key takeaways include planning invasions in advance, knowing your exit routes, and denying enemy buffs to gain significant advantages.",https://www.youtube.com/watch?v=D87139pUILo
KireiLoL,KireiLoL,Q8KQWF_qIG8,Baron Usage: Mid Game Strategy & Tempo Management,,,yes,yes,yes,yes,intermediate,"baron, objectives, mid_game, macro, grouping, decision, pathing, tempo","g, e, n, e, r, a, l","This video, part of a mid-game course, provides a comprehensive guide on effective Baron usage. It details strategies for identifying target towers, grouping with tanks, and adapting post-Baron pathing based on team tempo (ahead or behind) to safely siege objectives. The core lesson emphasizes strategic positioning and communication to maximize Baron buff's impact and avoid common pitfalls.",https://www.youtube.com/watch?v=Q8KQWF_qIG8
KireiLoL,KireiLoL,hsPO2cdGAcQ,"Climbing the Ladder: Jungle Fundamentals, Mindset, and Early Game Mastery",22,,yes,yes,yes,yes,intermediate,"fundamentals, mindset, early_game, ganking, macro, jungle_tracking","Hecarim, general","This video by KireiLoL provides a comprehensive guide for jungle players aiming to climb in any ELO. It emphasizes crucial foundational principles such as maintaining a 'no victim mindset,' mastering a select few champions, and effectively muting chat. The core of the lesson focuses on dominating the early game through optimal map presence, precise base timing, and strategic ganking based on wave states and jungle tracking, all illustrated with a Challenger Hecarim gameplay example.",https://www.youtube.com/watch?v=hsPO2cdGAcQ
KireiLoL,KireiLoL,xfKZ5d30KhU,"Complete Guide to Jungle: Drakes, Snowballing, and Game Plans",40,,yes,yes,yes,yes,intermediate,"fundamentals, objectives, dragon, baron, snowballing, jungle_tracking, win_condition, ganking, pathing, early_game, mid_game, macro, decision, intermediate",general,"This video provides a comprehensive guide to jungle strategy, focusing on objective control, particularly Drakes and Baron, and efficient snowballing. It teaches players how to identify win conditions, track enemy junglers, make informed ganking decisions, and maintain game momentum through strategic pathing and team coordination. The coach emphasizes creating a game plan and adapting to team compositions to secure leads and close out games effectively.",https://www.youtube.com/watch?v=xfKZ5d30KhU
KireiLoL,KireiLoL,nXXBUehKD9s,Complete Jungle Fundamentals Guide: How to 1v9 and Carry from Minute Zero,47,,yes,yes,yes,yes,intermediate,"fundamentals, basics, clearing, pathing, full_clear, 3_camp, early_game, first_clear, ganking, objectives, mid_game, macro, late_game, teamfight, vision, jungle_tracking, mental, decision, win_condition, adapting, champion",Wukong,"This video offers a comprehensive guide to jungle fundamentals, detailing strategies from draft to late-game to enable a 1v9 carry performance. It covers crucial aspects like optimal clear paths, jungle tracking, leveraging tempo for invades, and adapting playstyles when dealing with losing lanes or objective disadvantages. The coach emphasizes strategic decision-making, effective communication, and mental fortitude to consistently impact games.",https://www.youtube.com/watch?v=nXXBUehKD9s
KireiLoL,KireiLoL,-_qRsle6D5E,Comprehensive Game Review Routine for Jungle Improvement (Silver to Challenger),,,yes,yes,yes,yes,intermediate,"fundamentals, macro, decision, adapting, mental, jungle_tracking","g, e, n, e, r, a, l","This video outlines a comprehensive game review routine for jungle players aiming to climb from Silver to Challenger. It teaches how to analyze micro mistakes (spell usage, dodging) and macro errors (gold spending, number advantage, objective planning) from replays. The coach emphasizes focusing on one fundamental at a time and using an improvement sheet to track progress and build good habits.",https://www.youtube.com/watch?v=-_qRsle6D5E
KireiLoL,KireiLoL,Y3k_Kd2uEWY,"Early Game Jungle Coaching: Pathing, Win Conditions, and Advanced Tracking",,,yes,yes,yes,yes,intermediate,"fundamentals, early_game, pathing, routing, ganking, jungle_tracking, win_condition, objectives, macro, decision, advanced, camps, clearing",Lee Sin,"This video provides an early game practical course for junglers, focusing on understanding pathing, identifying win conditions, and effective jungle tracking. The coach demonstrates how to adapt to game states, utilize advanced strategies like the 'Narnia strategy' for invading, and make crucial decisions around ganks, objectives, and tempo to secure early leads.",https://www.youtube.com/watch?v=Y3k_Kd2uEWY
KireiLoL,KireiLoL,eIaL2xnP4oQ,"Early Game Jungle: Understanding Draft, Win Conditions, and Lane Matchups",16,,yes,yes,yes,yes,intermediate,"fundamentals, early_game, win_condition, team_comp, matchup, pathing, ganking, draft, picks","g, e, n, e, r, a, l","This video, the first in an early game jungle course, focuses on understanding draft and identifying win conditions before the game starts. It teaches junglers how to analyze team compositions, balance AD/AP and CC, and evaluate lane matchups (e.g., range vs. melee, ignite vs. teleport) to determine optimal early game pathing and gank opportunities. Key takeaways include hovering your champion, communicating with teammates in draft, and recognizing 2v2/3v3 strengths to play for advantageous lanes.",https://www.youtube.com/watch?v=eIaL2xnP4oQ
KireiLoL,KireiLoL,jkV__yT3Ik4,From Iron to Challenger: Jungle Guide to Climb Fast (2025),47,,yes,yes,yes,yes,advanced,"fundamentals, beginner, intermediate, advanced, macro, mental, decision, champion, team_comp, objectives, jungle_tracking, ganking, early_game, mid_game, win_condition, mindset, vision","g, e, n, e, r, a, l","This video provides a comprehensive guide for League of Legends jungle players to climb from Iron to Challenger, emphasizing crucial general principles like accountability, effective game review, and mental fortitude. It details ELO-specific strategies, from optimizing settings and champion pools for lower ranks to mastering objective control, draft understanding, and tempo management for higher ELOs. The coach stresses the importance of applying learned knowledge and focusing on a limited champion pool for consistent improvement.",https://www.youtube.com/watch?v=jkV__yT3Ik4
KireiLoL,KireiLoL,X33JxUfXd2k,Full Clearing Fundamentals and Carrying with Losing Lanes,40,,yes,yes,yes,yes,intermediate,"fundamentals, full_clear, pathing, jungle_tracking, ganking, mid_game, macro, mindset",Jarvan IV,"This video teaches how to maintain consistency through full clearing and fundamental jungle tracking even when teammates are falling behind. It emphasizes champion mastery, specifically holding abilities for the right moment, and using proactive communication to manage lane pressure and cross-map objectives.",https://www.youtube.com/watch?v=X33JxUfXd2k
KireiLoL,KireiLoL,aDcd5B2hLP4,Fundamentals of Jungle Decision Making: Diamond ELO Live Coaching,58,,yes,yes,yes,yes,intermediate,"fundamentals, intermediate, pathing, early_game, objectives, tracking, decision, win_condition",Bel'Veth,"This live coaching session focuses on the transition from mechanical mastery to fundamental decision-making in Diamond ELO. Key takeaways include the importance of proactive game planning, understanding lane priority before contesting objectives, and maintaining a lead through proper basing and tempo management.",https://www.youtube.com/watch?v=aDcd5B2hLP4
KireiLoL,KireiLoL,q6a6VefgkD8,HOW TO CARRY INTERS WITH GRAGAS IN ANY ELO!,38,,yes,yes,yes,yes,intermediate,"win_condition, team_comp, pathing, jungle_tracking, macro, decision, objectives, early_game, mid_game, adapting, mental, teamfight",Gragas,"This video by KireiLoL coaches Gragas jungle, emphasizing macro decision-making over mechanical skill to carry games in any ELO. It focuses on pre-game and dynamic win condition analysis, jungle tracking, and adapting pathing and objective priorities based on team compositions, lane states, and game tempo. The core takeaway is to consistently make informed decisions about where to play, who to play for, and when to engage, even with 'boosted' teammates.",https://www.youtube.com/watch?v=q6a6VefgkD8
KireiLoL,KireiLoL,wXwc8FZGNn4,How to Carry Three Losing Lanes as Jungle in High ELO (Challenger Gameplay),25,,yes,yes,yes,yes,advanced,"adapting, win_condition, decision, objectives, macro, jungle_tracking, mental, early_game, mid_game, late_game, teamfight, farming, pathing","g, e, n, e, r, a, l","This video provides advanced jungle coaching on how to carry games with multiple losing lanes in high ELO. The coach emphasizes decisive decision-making, avoiding unfavorable objective fights, prioritizing efficient kill trades, and adapting macro play to defensive situations. Key strategies include using tempo for man advantage, jungle tracking, and strategic side lane pushing to create win conditions despite a significant gold deficit.",https://www.youtube.com/watch?v=wXwc8FZGNn4
KireiLoL,KireiLoL,LsB8BB6QfHE,How to Carry Three Losing Lanes Guide (Jungle),48,,yes,yes,yes,yes,advanced,"mental, decision, adapting, macro, jungle_tracking, objectives, cross_mapping, defensive_mindset, vision, pathing, ganking, counter_ganking, fundamentals, early_game, mid_game, late_game",Lee Sin,"This video teaches junglers how to carry games with three losing lanes by focusing on four core principles: understanding lane volatility, cross-mapping for resources, maintaining a defensive mindset, and having a winners mentality. It provides a detailed VOD review of a Lee Sin player, demonstrating strategic decision-making, jungle tracking, and objective trading to create comeback opportunities in seemingly doomed scenarios. The key takeaway is that even when behind, strategic play and resource management are crucial for turning games around.",https://www.youtube.com/watch?v=LsB8BB6QfHE
KireiLoL,KireiLoL,j0gpNrzOy28,"How to Counter Early Jungle Invades (Level 1, 2, & 3)",,,yes,yes,yes,yes,intermediate,"early_game, first_clear, pathing, jungle_tracking, counter, adapting, vision","Bel'Veth, Olaf, Karthus, Nidalee, Lillia, Brand, Kindred, Viego, Rengar, Fiora","This video teaches junglers how to effectively play against and counter early game jungle invades at levels 1, 2, and 3. It covers essential strategies such as strategic ward placement, adapting your starting camps and clear path, and understanding when to counter-invade or concede camps based on enemy movements and lane priority. The goal is to minimize losses from invades and maintain a farm advantage.",https://www.youtube.com/watch?v=j0gpNrzOy28
KireiLoL,KireiLoL,Wi4W_YGJNZA,How to Escape LOW ELO as Jungle - Midgame Guide to Master,35,,yes,yes,yes,yes,intermediate,"mid_game, macro, tracking, jungle_tracking, objectives, decision, adapting, mental, fundamentals",general,"This video focuses on the mid-game jungle macro and decision-making required to climb from Gold/Emerald to Master. Key lessons include tracking the enemy jungler, managing base timers for map tempo, and the importance of counting numbers before committing to a fight.",https://www.youtube.com/watch?v=Wi4W_YGJNZA
KireiLoL,KireiLoL,spdj5qawwEA,How to Gank Successfully: Essential Conditions and Execution,,,yes,yes,yes,yes,intermediate,"ganking, fundamentals, vision, wards, pathing, early_game, counter_ganking, decision, mindset","g, e, n, e, r, a, l","This video by KireiLoL breaks down the crucial conditions required for a successful jungle gank in League of Legends, including wave state, enemy vision, crowd control (CC), summoner spells, and damage output. It provides practical examples of gank execution and positioning, emphasizing the importance of not forcing ganks and understanding counter-gank opportunities. The key takeaway is to analyze these conditions before committing to a gank to maximize success.",https://www.youtube.com/watch?v=spdj5qawwEA
KireiLoL,KireiLoL,v3RUks__BKs,How to jungle class Lesson 1: GANKING!,66,,yes,yes,,yes,,,general,,https://www.youtube.com/watch?v=v3RUks__BKs
KireiLoL,KireiLoL,ygKgZi3TPkc,HOW TO JUNGLE FROM BEHIND AND 3 LOSING LANES? - Here is How.,31,,yes,yes,yes,yes,advanced,"adapting, mental, mindset, win_condition, decision, macro, farming, jungle_tracking, objectives, ganking, team_comp",Diana,"This video features coach KireiLoL playing Diana from a severely disadvantaged position with multiple losing lanes. He demonstrates advanced strategies for playing from behind, focusing on adaptive pathing, smart farming, objective trading, and identifying win conditions like split pushing. The key takeaway is maintaining a strong mental (""Never FF"") and making calculated decisions to turn around seemingly lost games.",https://www.youtube.com/watch?v=ygKgZi3TPkc
KireiLoL,KireiLoL,dWPk83RAhb8,How to Jungle from Behind and Carry on Kindred,41,,yes,yes,yes,yes,intermediate,"early_game, mid_game, late_game, macro, win_condition, adapting, tracking, objectives","Kindred, Lee Sin","This video demonstrates how to recover from an early game deficit by focusing on macro fundamentals, tracking the enemy jungler, and identifying team win conditions. Coach KireiLoL emphasizes the importance of playing defensively when down tempo, trading objectives effectively, and waiting for key item power spikes to turn the game around.",https://www.youtube.com/watch?v=dWPk83RAhb8
KireiLoL,KireiLoL,DJfAx7OSE4Q,How to Maintain and Snowball a Jungle Lead,35,,yes,yes,yes,yes,intermediate,"fundamentals, intermediate, pathing, ganking, counter_ganking, tracking, jungle_tracking, macro, objectives, vision","Diana, Lillia, Yasuo","Coach KireiLoL demonstrates how to maintain and snowball a lead by mastering jungle tracking and tempo. The video covers recovering from early deficits, the strategic difference between initiating and counter-ganking, and how to use vision to force favorable fights in the mid-to-late game.",https://www.youtube.com/watch?v=DJfAx7OSE4Q
KireiLoL,KireiLoL,6fiaw8CKBQE,"How to Play for Win Condition: Game Plan, Pathing & Base Timers",,,yes,yes,yes,yes,intermediate,"win_condition, pathing, routing, early_game, mid_game, macro, decision, clearing, objectives, jungle_tracking, counter_gank","g, e, n, e, r, a, l","This video teaches junglers how to consistently play for their win condition by developing a clear game plan and optimizing base timers. It emphasizes strategic pathing after kills, managing jungle tempo, and making informed decisions about when to base and which lanes to prioritize. The coach uses in-game examples to illustrate common mistakes and correct decision-making for early and mid-game scenarios.",https://www.youtube.com/watch?v=6fiaw8CKBQE
KireiLoL,KireiLoL,g0y-hvwSag4,How to Snowball After Every Kill and Objective in League of Legends Jungle,,,yes,yes,yes,yes,advanced,"macro, decision, jungle_tracking, objectives, pathing, advanced","g, e, n, e, r, a, l","This video provides an in-depth guide for junglers on how to effectively snowball after securing a kill or objective. It breaks down a systematic thought process centered around three crucial questions: whether to base, what objective or play to prioritize, and tracking the enemy jungler's position and intentions. The coach emphasizes understanding lane states, leveraging team advantages, and making calculated decisions to maintain tempo and secure further leads.",https://www.youtube.com/watch?v=g0y-hvwSag4
KireiLoL,KireiLoL,6n4tVSuiCl4,How To Unstuck At Each Rank (League of Legends Jungle Coaching),37,,yes,yes,yes,yes,intermediate,"fundamentals, mindset, jungle_tracking, objectives, macro, adapting","g, e, n, e, r, a, l","This video by Coach KireiLoL offers a comprehensive guide for League of Legends jungle players aiming to climb at any rank. It emphasizes crucial mental fortitude, consistent practice, and a process-oriented approach over immediate results. The coach breaks down specific in-game concepts, from early game pathing and ganking for lower elos to advanced objective control, jungle tracking, and lane pressure utilization for higher elos, stressing the importance of applying and reviewing knowledge.",https://www.youtube.com/watch?v=6n4tVSuiCl4
KireiLoL,KireiLoL,56JarAH_S-I,How to Win From Behind as a Jungler,40,,yes,yes,yes,yes,intermediate,"fundamentals, early_game, macro, decision, mindset, adapting","Ivern, Jinx, Garen, Nautilus, Valkos, Ari","This video teaches junglers how to maintain a positive mental attitude and make effective decisions when behind in a League of Legends game. It emphasizes adapting to the game state, focusing on objectives, and not giving up even when facing significant deficits.",https://www.youtube.com/watch?v=56JarAH_S-I
KireiLoL,KireiLoL,Z3dwmoZ_DIs,"Jarvan IV Jungle Coaching: When to Farm, Gank, and Base for Optimal Tempo",,,yes,yes,yes,yes,intermediate,"farming, ganking, pathing, tracking, objectives, decision, mindset",Jarvan IV,"This video provides practical jungle coaching on Jarvan IV, focusing on the critical decision-making between farming, ganking, and basing. KireiLoL explains how to analyze wave states, enemy vision, and jungle tracking to determine optimal gank timings versus prioritizing camp clears for experience and gold. Key takeaways include understanding tempo, playing defensively when behind, and timing bases for item power spikes before major objectives.",https://www.youtube.com/watch?v=Z3dwmoZ_DIs
KireiLoL,KireiLoL,tc0XpAhk7mk,Jungle Base Timers & Macro Fundamentals: Optimizing Your Backs,,,yes,yes,yes,yes,intermediate,"fundamentals, pathing, early_game, mid_game, late_game, objectives, macro, decision, win_condition, adapting, jungle_tracking, vision, ganking, camps, clearing, farming, teamfight","g, e, n, e, r, a, l","This video provides a practical course on optimizing jungle base timers in League of Legends. It teaches junglers how to make strategic basing decisions based on gold, objective spawns (Grubbies, Drake, Baron), camp timers, and current lane states to maximize efficiency and map presence. The coach emphasizes planning ahead, identifying win conditions, and adapting pathing to control the map and secure objectives throughout all game stages.",https://www.youtube.com/watch?v=tc0XpAhk7mk
KireiLoL,KireiLoL,VwhmEql5yOk,Jungle Champion Identity: When to Farm vs. Gank,7,,yes,yes,yes,yes,intermediate,"fundamentals, intermediate, champion, ganking, farming, early_game, pathing, clear_speed, decision, win_condition","Kha'Zix, Rek'Sai, Lillia","This video explains the concept of Champion Identity for junglers, focusing on when to prioritize farming versus ganking based on your champion's strengths (e.g., early gankers like Rek'Sai vs. farm-to-six champions like Kha'Zix). It emphasizes the importance of not over-forcing ganks, maintaining high tempo and clear speed, and staying alive to secure your champion's win condition.",https://www.youtube.com/watch?v=VwhmEql5yOk
KireiLoL,KireiLoL,3TiClwpBHuo,Jungle Coaching: Deep Wave Understanding for Ganks and Macro,,,yes,yes,yes,yes,intermediate,"fundamentals, early_game, ganking, macro, pathing, jungle_tracking, objectives",Volibear,"This video provides a practical course on deep wave understanding for junglers, focusing on how to recognize different wave states (like bouncing and slow pushes) and leverage them for successful ganks and overall macro play. The coach explains how wave states create lane vulnerability, influence jungle pathing, and dictate objective timing, especially in the early game. Key takeaways include using wave knowledge to identify kill opportunities, make efficient base timings, and pressure the enemy jungler through invasions.",https://www.youtube.com/watch?v=3TiClwpBHuo
KireiLoL,KireiLoL,4UkL27tBrYQ,Jungle Coaching: The 'What and When' Concept for Game Plans and Win Conditions,,,yes,yes,yes,yes,intermediate,"fundamentals, decision, win_condition, macro, pathing, ganking, objectives, early_game, mid_game, adapting","Caitlyn, Yorick, Ash, Camille","This video introduces the 'What and When' concept for League of Legends jungle, a framework for making informed decisions after every kill, objective, or base. It emphasizes identifying and playing for your team's win condition, managing tempo through efficient pathing and base timings, and adapting your strategy based on lane states and enemy jungler's movements. The coach demonstrates how to apply this mindset to maximize impact and avoid random, unproductive plays.",https://www.youtube.com/watch?v=4UkL27tBrYQ
KireiLoL,KireiLoL,mYlvViM80j4,"Jungle Fundamentals Guide: Base Timers, Tempo, Objectives, and 1v9 Carrying",35,,yes,yes,yes,yes,intermediate,"fundamentals, pathing, jungle_tracking, ganking, objectives, macro","Viego, general","This video is a comprehensive jungle fundamentals guide by KireiLoL, demonstrating how to '1v9' games through strategic decision-making. It covers crucial concepts like optimal pathing based on lane priority, jungle tracking, abusing tempo with precise base timers, and effective ganking strategies. The guide also delves into mid-to-late game macro, including objective control, adapting game plans, and leveraging Baron buff for pushing leads and closing out games.",https://www.youtube.com/watch?v=mYlvViM80j4
KireiLoL,KireiLoL,K9bwO_LEyiw,"Jungle Fundamentals to Win in Emerald Elo: Macro, Decision-Making, and Carrying with Any Build",34,,yes,yes,yes,yes,intermediate,"fundamentals, decision, macro, jungle_tracking, objectives, pathing, ganking, vision, win_condition, early_game, mid_game, late_game, mindset","Rek'Sai, Fizz, Wukong","This video by KireiLoL demonstrates how to consistently win in Emerald Elo by focusing on jungle fundamentals, decision-making, and macro play, even with a suboptimal champion build. The coach, playing AP Rek'Sai, highlights key concepts such as jungle tracking, tempo management, objective prioritization, and playing for win conditions. He emphasizes that strong macro and consistent fundamental application are more crucial for climbing than perfect item builds or blaming teammates.",https://www.youtube.com/watch?v=K9bwO_LEyiw
KireiLoL,KireiLoL,T7k-_XfAILA,Jungle Fundamentals You NEED to Master - Jungle Coaching,55,,yes,yes,yes,yes,intermediate,"fundamentals, decision, mindset, jungle_tracking, macro, ganking",Lillia,"This coaching session focuses on helping a Lilia jungle player overcome mental blocks and refine decision-making to climb to GM. The coach introduces key concepts like understanding the 'turn-based' nature of the jungle, the importance of having a clear game plan (PCA framework), and learning to trust one's own judgment over teammate pings. The video emphasizes building consistent habits and structured review to achieve long-term improvement.",https://www.youtube.com/watch?v=T7k-_XfAILA
KireiLoL,KireiLoL,_QPYvnzKxY8,Jungle Fundamentals: How to Carry Low ELO Games (Diamond Smurf POV),,,yes,yes,yes,yes,intermediate,"fundamentals, early_game, pathing, ganking, objectives, jungle_tracking, decision, win_condition, adapting, mental, macro, clearing, camps, tracking",general,"This video by KireiLoL, played on a Diamond 3 smurf as Z, teaches fundamental jungle concepts to consistently carry games in lower elos. Key takeaways include identifying win conditions, optimal base timings for item advantage, effective jungle tracking, and adapting pathing based on lane states and enemy movements. The coach emphasizes decision-making, objective control, and communicating with teammates to maximize win probability.",https://www.youtube.com/watch?v=_QPYvnzKxY8
KireiLoL,KireiLoL,8nSzcPfqXAU,"Jungle Fundamentals: Pre-Game Planning, Tracking, and Objective Control",,,yes,yes,yes,yes,intermediate,"fundamentals, early_game, ganking, jungle_tracking, objectives, macro, decision, win_condition, adapting, matchup, champion, mental, pathing, clearing, mid_game, teamfight","Udyr, general","This video provides a practical guide to jungle decision-making, covering crucial aspects from pre-game planning to mid-game objective control. The coach emphasizes identifying win conditions, tracking the enemy jungler, executing ganks effectively, and making smart post-kill and objective-focused decisions. Key takeaways include constant threat assessment, effective communication with laners, and adapting to game state to maximize impact.",https://www.youtube.com/watch?v=8nSzcPfqXAU
KireiLoL,KireiLoL,Wa4MLBCndxI,Jungle Gank Execution and Mid-Game Macro Fundamentals by KireiLoL,,,yes,yes,yes,yes,intermediate,"ganking, gank_timing, mid_game, macro, jungle_tracking, objectives, decision, fundamentals","g, e, n, e, r, a, l","This video by KireiLoL focuses on practical gank execution, emphasizing pre-game analysis of drafts and matchups, understanding wave states, and cutting off enemy escape paths. It also covers crucial mid-game fundamentals, including decision-making after kills, objective control, jungle tracking, and advanced macro strategies to close out games effectively. The coach highlights the importance of smart play, risk assessment, and proper communication over simply fighting.",https://www.youtube.com/watch?v=Wa4MLBCndxI
KireiLoL,KireiLoL,aBtsBD_mwE4,"Jungle Ganking Fundamentals: Pathing, Timing, and Skirmish Concepts",,,yes,yes,yes,yes,intermediate,"ganking, pathing, vision, jungle_tracking, early_game, decision, fundamentals, counter_gank","g, e, n, e, r, a, l","This video covers essential jungle ganking concepts for climbing, focusing on effective gank pathing to dodge vision and cut off enemy escape routes. It emphasizes optimal gank timing, specifically when enemy laners are focused on last hitting, and outlines crucial pre-gank conditions like wave state, enemy jungle tracking, and ward awareness. The coach also details skirmish target priority, advising to focus enemy carries or junglers over supports in early game engagements.",https://www.youtube.com/watch?v=aBtsBD_mwE4
KireiLoL,KireiLoL,GrlYItFK0zk,Jungle Tracking and Playing for Win Condition with Skarner,,,yes,yes,yes,yes,intermediate,"win_condition, jungle_tracking, pathing, routing, ganking, objectives, decision, adapting, farming, macro, fundamentals, intermediate, early_game, mid_game, late_game, mindset",Skarner,"This video teaches junglers how to effectively track the enemy jungler and play for their team's win condition throughout the game. It covers making strategic game plans, adapting pathing based on lane states and tempo, and making crucial basing decisions to maximize gold efficiency and item power spikes. Key takeaways include constant lane awareness, proactive pinging to manage teammate safety, and understanding when to engage or disengage from fights.",https://www.youtube.com/watch?v=GrlYItFK0zk
KireiLoL,KireiLoL,PzwOD6jom8U,"KireiLoL Hecarim Jungle Coaching: Mastering Decision Making, Pathing, and Tempo",,,yes,yes,yes,yes,advanced,"decision, jungle_tracking, pathing, tempo, ganking, objectives",Hecarim,"This video features KireiLoL reviewing his own Hecarim jungle POV from a high-kill game, breaking down his real-time decision-making. He explains his thought process on pathing, gank execution, jungle tracking, tempo management, and objective control, emphasizing how to identify win conditions and adapt to game states. Key takeaways include understanding wave states, leveraging item power spikes, and setting up for major objectives like Baron.",https://www.youtube.com/watch?v=PzwOD6jom8U
KireiLoL,KireiLoL,FW5WVyRkS_A,KireiLoL's Guide to Champion Mastery for Challenger Rank,,,yes,yes,yes,yes,advanced,"champion, matchup, decision, mental, mindset, advanced, ganking, tracking",Nidalee,"This video by KireiLoL outlines a crucial four-step process for achieving Champion Mastery, essential for reaching Challenger rank. It emphasizes learning from top players like Canyon by proactively visualizing plays and comparing them to professional execution. Key takeaways include understanding your champion's damage limits, practicing optimal ability usage, and actively limit testing in games to internalize advanced mechanics and decision-making.",https://www.youtube.com/watch?v=FW5WVyRkS_A
KireiLoL,KireiLoL,OYNYBPTkPo0,League of Legends Jungle Fundamentals in Korean Solo Queue with KireiLoL,31,,yes,yes,yes,yes,intermediate,"fundamentals, basics, beginner, early_game, ganking, macro, decision, win_condition","general, Warwick, Zac, Aatrox, Ahri, Siloas","This video focuses on fundamental jungle concepts within Korean Solo Queue, emphasizing decision-making, win conditions, and gank execution. The coach highlights how understanding these core principles, even with imperfect teammates, is crucial for climbing and improving macro play.",https://www.youtube.com/watch?v=OYNYBPTkPo0
KireiLoL,KireiLoL,4wg0nAM8Lgg,Lee Sin Jungle Fundamentals: 3-Camp Base Strategy and Mid-Lane Synergy,32,,yes,yes,yes,yes,intermediate,"fundamentals, pathing, 3_camp, early_game, ganking, objectives, macro, jungle_tracking","Lee Sin, Nocturne, Twisted Fate","This guide demonstrates how to carry from the jungle by utilizing a 3-camp base strategy for an early item advantage and playing around mid-lane priority. It emphasizes the importance of tempo, objective control, and effective communication with teammates to maintain a lead and close out games.",https://www.youtube.com/watch?v=4wg0nAM8Lgg
KireiLoL,KireiLoL,7dx3pdLTvjg,Mastering Baron Execution: The 'Push and Hide' Baiting Strategy,,,yes,yes,yes,yes,advanced,"objectives, baron, macro, vision, grouping, decision, team_comp, advanced, teamfight","Bard, Ezreal, Lilia, K'Sante, Ahri, Taliyah, Thresh","This video teaches advanced strategies for executing and baiting around Baron, emphasizing its use as a 'fishing' tool. It covers using wave control to gain river vision, clearing enemy wards, and employing a 'push and hide' tactic to bait opponents into face-checking or engaging disadvantageously. The coach stresses the importance of team communication and having champions capable of turning on the enemy for successful objective plays.",https://www.youtube.com/watch?v=7dx3pdLTvjg
KireiLoL,KireiLoL,z2_In7-gR0Q,Mastering Jungle Base Timers: 5 Crucial Situations for Optimal Play,,,yes,yes,yes,yes,intermediate,"fundamentals, decision, macro, pathing, objectives, win_condition","g, e, n, e, r, a, l","This video teaches junglers the critical importance of base timers and outlines five key situations for when to base. It covers basing when low HP, for item power spikes, for time efficiency, to align with your win condition pathing, and before objectives spawn. Mastering these timings ensures junglers are always strong and ready for crucial map plays, leading to more impactful contributions.",https://www.youtube.com/watch?v=z2_In7-gR0Q
KireiLoL,KireiLoL,1ogwfu5sODg,"Mastering Jungle Tracking: Warding, Pathing, Gank Timers & Wave States",,,yes,yes,yes,yes,intermediate,"fundamentals, early_game, pathing, tracking, jungle_tracking, vision, wards, ganking, gank, matchup, matchups, decision","g, e, n, e, r, a, l","This video provides a comprehensive guide to jungle tracking, emphasizing its importance for saving lives and gaining ELO. It covers predicting enemy jungler movements from level 1 warding and leash tells, understanding champion-specific pathing, and utilizing gank timers, CS counts, and wave states to anticipate ganks and counter-play. The coach also highlights the importance of effective communication through pings to alert teammates.",https://www.youtube.com/watch?v=1ogwfu5sODg
KireiLoL,KireiLoL,tqrIiqO5jaE,Mastering Tempo in Jungle: Achieving Comebacks and Carrying Losing Lanes,32,,yes,yes,yes,yes,intermediate,"fundamentals, tempo, macro, decision, adapting, jungle_tracking, win_condition, objectives, clearing, ganking, mindset","Amumu, Elise","This video teaches how to master tempo in the jungle, focusing on making significant gold comebacks and carrying games with losing lanes. The coach demonstrates crucial decision-making regarding basing, clearing, and making plays, emphasizing the importance of jungle tracking and effective pinging. He illustrates these concepts by playing with self-imposed handicaps (one hand, no pings) to highlight the power of strong fundamentals and adapting to challenging game states.",https://www.youtube.com/watch?v=tqrIiqO5jaE
KireiLoL,KireiLoL,p_Hk7lp5KE4,Mid-Game Fundamentals: The Power of Counting Numbers and Tempo,38,,yes,yes,yes,yes,intermediate,"fundamentals, mid_game, macro, pathing, early_game, objectives, grouping, decision",Viego,"This video focuses on the most critical mid-game fundamental: counting numbers to determine whether to take a fight. Coach KireiLoL demonstrates how to maintain tempo through efficient clearing and basing, while emphasizing the importance of side-lane pressure and grouping for objectives based on numerical advantages.",https://www.youtube.com/watch?v=p_Hk7lp5KE4
KireiLoL,KireiLoL,ZBKr-SEuX70,Mid-Game Objective Prioritization: Recognizing What to Play For,,,yes,yes,yes,yes,intermediate,"mid_game, objectives, decision, macro, win_condition, team_comp, adapting, vision, ganking, dive, herald, dragon, baron, late_game","Jarvan IV, Jax, Renekton, Akali, Syndra, Tristana, Braum, Ezreal","This video teaches how to recognize what to play for in the mid-game, focusing on objective prioritization and trading. It emphasizes evaluating team strength, win conditions, tempo, and cooldowns to decide whether to fight for an objective or trade it for an advantage elsewhere. Key takeaways include prioritizing the second Herald for mid tower, understanding when to hit side towers, and establishing vision control for Baron in the late game.",https://www.youtube.com/watch?v=ZBKr-SEuX70
KireiLoL,KireiLoL,fqU4bySpR2c,No BS 1-Hour Guide To Actually Climbing With Jungle,45,,yes,yes,,yes,,,general,,https://www.youtube.com/watch?v=fqU4bySpR2c
KireiLoL,KireiLoL,0Skwr4YbT7w,Perma Gank Jungle Playstyle: Achieving 1 Kill Per Minute as Jarvan IV,43,,yes,yes,yes,yes,intermediate,"ganking, mindset, early_game, mid_game, vision, decision, adapting, matchup",Jarvan IV,"This video demonstrates an aggressive 'perma gank' jungle playstyle, aiming for one kill per minute as Jarvan IV. The coach explains how to identify volatile lanes, check for enemy wards, and leverage wave states and summoner spell cooldowns to create constant gank opportunities. While emphasizing an aggressive mindset, the video also touches on adapting to game states and playing around strong laners.",https://www.youtube.com/watch?v=0Skwr4YbT7w
KireiLoL,KireiLoL,-I-S7cbFrKc,"Practical Jungle Coaching: Level 1 Warding, Camera Control, and Advanced Jungle Tracking",,,yes,yes,yes,yes,intermediate,"fundamentals, basics, intermediate, early_game, vision, wards, tracking, jungle_tracking, decision, win_condition, macro, objectives, ganking, counter_gank, teamfighting, mental","Lillia, Viego, Jhin, general","This video, part of a practical course, focuses on crucial jungle fundamentals including effective level one warding, optimal camera control, and advanced enemy jungle tracking. The coach emphasizes how gathering information leads to better decision-making, playing for your team's win condition, and leveraging man advantage in skirmishes and objective control. It also covers strategic base timings, item spikes, and adapting game plans based on lane states and objective timers to consistently improve your win rate.",https://www.youtube.com/watch?v=-I-S7cbFrKc
KireiLoL,KireiLoL,slYBGqCWMts,Practical Jungle Tracking: Early to Mid-Game Decision Making,,,yes,yes,yes,yes,intermediate,"jungle_tracking, tracking, early_game, mid_game, pathing, decision, macro",Kha'Zix,"This video provides a practical course on jungle tracking, emphasizing its importance for denying enemy kills and carrying games. It covers early game strategies like level one warding and predicting enemy paths based on lane states, and extends to mid-game macro decisions such as invading, ganking, and managing waves. The coach stresses consistent pinging and adapting playstyle based on jungler location and lane priority to maintain an advantage.",https://www.youtube.com/watch?v=slYBGqCWMts
KireiLoL,KireiLoL,jpM0iOSrGg0,"The Only Jungle Guide You Need to Climb: Big Picture, Champion Mastery, and Game Plans",41,,yes,yes,yes,yes,intermediate,"fundamentals, intermediate, macro, ganking, objectives, team_comp","general, assassins","This video offers a comprehensive jungle guide to help players climb, focusing on three core pillars: 'Big Picture Understanding' (draft analysis, lane volatility, team composition), 'Champion Mastery' (knowing strengths, weaknesses, and item spikes), and 'Generating a Lead' (effective ganking conditions and execution). It emphasizes the critical role of game plans, optimal base timers around objectives, and consistent application of these fundamentals to secure advantages and win games.",https://www.youtube.com/watch?v=jpM0iOSrGg0
KireiLoL,KireiLoL,1N2t85s_AXs,The Ping Pong Strategy: Mid-Game Macro for Junglers,,,yes,yes,yes,yes,advanced,"advanced, mid_game, macro, objectives, ganking, pathing, grouping, decision, vision",general,"This video by KireiLoL explains the ""Ping Pong"" strategy, a crucial mid-game macro concept for junglers. It involves using a winning lane's priority to create man advantage in another lane or for objectives, then transferring that pressure. The coach details conditions for execution, jungler and laner responsibilities, and advanced applications for competitive play.",https://www.youtube.com/watch?v=1N2t85s_AXs
KireiLoL,KireiLoL,XeDz45ySYIU,"The What, How, When Concept: Mid Game Macro for Challenger Jungle",,,yes,yes,yes,yes,intermediate,"mid_game, objectives, macro, decision, grouping, team_comp, win_condition, fundamentals","Ziggs, Renekton, Kha'Zix","This video introduces the ""What, How, When"" concept for mid-game decision-making in League of Legends, emphasizing its importance for climbing to Challenger. It teaches players how to identify objectives and strong teammates (""What""), execute plays with proper team coordination and mid-lane priority (""How""), and manage wave states and tempo around objectives (""When""). Key takeaways include securing mid-lane push before Herald/Baron and utilizing ""basing on fresh waves"" for optimal objective control.",https://www.youtube.com/watch?v=XeDz45ySYIU
KireiLoL,KireiLoL,n62xv_LZLaA,The WWE Concept: What and When to Play For as a Jungler (Early & Mid Game Decision Making),,,yes,yes,yes,yes,advanced,"fundamentals, early_game, mid_game, ganking, farming, pathing, jungle_tracking, decision, macro, tempo, objectives, win_condition","g, e, n, e, r, a, l","This video introduces the 'WWE concept' (What and When) for junglers, a crucial framework for high-level decision-making. It teaches how to analyze wave states, manage tempo, and track the enemy jungler to identify optimal times for ganks, farming, or objectives. By understanding what to play for and when, junglers can consistently gain leads and influence games towards victory.",https://www.youtube.com/watch?v=n62xv_LZLaA
KireiLoL,KireiLoL,stLT4arGlKs,"Top 3 Jungle Fundamentals: Generating, Maintaining, and Snowballing a Lead",34,,yes,yes,yes,yes,intermediate,"fundamentals, pathing, early_game, macro, jungle_tracking, mindset, objectives","Jarvan IV, Kayn","Coach KireiLoL breaks down the three essential pillars for climbing: generating, maintaining, and snowballing a lead. Using Jarvan IV gameplay in an Emerald/Diamond lobby, he demonstrates how to punish enemy mistakes, manage tempo through efficient basing, and use communication to keep teammates safe while ahead.",https://www.youtube.com/watch?v=stLT4arGlKs
KireiLoL,KireiLoL,BCJHRhrxbH8,Understanding Pathing Options and Win Conditions as a Jungler,,,yes,yes,yes,yes,intermediate,"win_condition, pathing, early_game, ganking, jungle_tracking, macro, objectives, vision, decision, adapting, full_clear, matchup","Graves, general","This video provides a practical course on understanding jungle pathing options and identifying win conditions in League of Legends. The coach demonstrates how to adapt jungle routes, make invade decisions, and communicate with the team through pings, all while prioritizing the identified win condition lane. Key takeaways include jungle tracking, tempo management, and strategic clearing for optimal impact.",https://www.youtube.com/watch?v=BCJHRhrxbH8
KireiLoL,KireiLoL,5pqfQUd_qbU,Understanding Tempo and Map Advantage in League of Legends Mid-Game,,,yes,yes,yes,yes,advanced,"mid_game, macro, decision, objectives, jungle_tracking, ganking, farming, advanced",general,"This video defines 'tempo' in League of Legends as an individual's map state and ability to make the first move. It explains four crucial types of 'down tempo' – jungle, objective, base, and death – detailing how to recognize them and adjust play to avoid disadvantage. The core lesson emphasizes understanding map turns and communicating with teammates to leverage or mitigate tempo advantages, crucial for high-level play.",https://www.youtube.com/watch?v=5pqfQUd_qbU
KireiLoL,,mx4i9tRexVQ,#1 Complete Fullclear guide (99% Fullclear wrong) - Here is Why,31,,,,,,,,,,https://www.youtube.com/watch?v=mx4i9tRexVQ
KireiLoL,,hz9Ob9AjCrw,#1 Fundamental hack to print LP (BROKEN),17,,,,,,,,,,https://www.youtube.com/watch?v=hz9Ob9AjCrw
KireiLoL,,66oaE8k28zI,13 Years of Challenger Jungle Knowledge in 56 Mins,56,,,,,,,,,,https://www.youtube.com/watch?v=66oaE8k28zI
KireiLoL,,a1OvR_xFNzw,15M RULE vs RANK 1 - ABUSE THIS NOW,23,,,,,,,,,,https://www.youtube.com/watch?v=a1OvR_xFNzw
KireiLoL,,aiuYA3oP3Qg,1v9 Consistently As Jungle (instant results if applied),30,,,,,,,,,,https://www.youtube.com/watch?v=aiuYA3oP3Qg
KireiLoL,,aqBiy6MBcUw,2 BROKEN Fundamentals I Used To Hit CHALLENGER In Season 16,26,,,,,,,,,,https://www.youtube.com/watch?v=aqBiy6MBcUw
KireiLoL,,EHesRV_bT2I,2 Fundamentals to get MASTER - How to Climb Low Elo in League of Legends,26,,,,,,,,,,https://www.youtube.com/watch?v=EHesRV_bT2I
KireiLoL,,ItTNMUw8Um8,3 BROKEN Jungle Fundamentals to Unstuck,28,,,,,,,,,,https://www.youtube.com/watch?v=ItTNMUw8Um8
KireiLoL,,RDHQ5Gw5FKM,3 BROKEN Tips to Climb in Jungle,27,,,,,,,,,,https://www.youtube.com/watch?v=RDHQ5Gw5FKM
KireiLoL,,E5fGGHi9PTE,3 COMMON MISTAKES in LOW ELO -  START DOING THIS INSTEAD!,25,,,,,,,,,,https://www.youtube.com/watch?v=E5fGGHi9PTE
KireiLoL,,9Rjcj3A1aic,3 Fundamentals to Climb to master,21,,,,,,,,,,https://www.youtube.com/watch?v=9Rjcj3A1aic
KireiLoL,,llpNUzLsOTM,3 LOSING LANES COMEBACK GUIDE,25,,,,,,,,,,https://www.youtube.com/watch?v=llpNUzLsOTM
KireiLoL,,BCb3bOKWDp4,3 Simple Fundamentals 90% Fail (THE REASON You're Stuck),22,,,,,,,,,,https://www.youtube.com/watch?v=BCb3bOKWDp4
KireiLoL,,M83pMuvFIhk,4 FUNDAMENTALS THAT WILL WIN YOU MORE GAMES,26,,,,,,,,,,https://www.youtube.com/watch?v=M83pMuvFIhk
KireiLoL,,juvV5L5ZP4E,5s Rule Into Narnia Strategy - Unranked to Master - Jungle guide how to Invade & Snowball in Jungle,2058,,,,,,,,,,https://www.youtube.com/watch?v=juvV5L5ZP4E
KireiLoL,,XFxzmbs6UPw,77% WINRATE KR CHALLENGER BROKEN DOWN,13,,,,,,,,,,https://www.youtube.com/watch?v=XFxzmbs6UPw
KireiLoL,,Gv46u-6SY3Q,85% Winrate in KR Challenger Rengar - Nattynatt's Gameplay Breakdown,42,,,,,,,,,,https://www.youtube.com/watch?v=Gv46u-6SY3Q
KireiLoL,,fVrBEH7tOXE,A Challenger League of Legends Coach Helping YOU Climb!,2,,,,,,,,,,https://www.youtube.com/watch?v=fVrBEH7tOXE
KireiLoL,,wDwjywyjT7A,ABUSE AMBESSA JUNGLE BEFORE RIOT NERFS,87,,,,,,,,,,https://www.youtube.com/watch?v=wDwjywyjT7A
KireiLoL,,EooFmaVyvn0,ABUSE BEFORE NERFS  - MOST BROKEN JUNGLER,75,,,,,,,,,,https://www.youtube.com/watch?v=EooFmaVyvn0
KireiLoL,,KdkK9wra8BI,ABUSE BEFORE NERFS - How to play Diana and 1v9,27,,,,,,,,,,https://www.youtube.com/watch?v=KdkK9wra8BI
KireiLoL,,qnXznIxjC04,ABUSE THIS BEFORE NERFS,73,,,,,,,,,,https://www.youtube.com/watch?v=qnXznIxjC04
KireiLoL,,jVdvKqW5yfQ,ABUSING EARLY GAME FUNDAMENTALS IN KOREAN CHALLENGER,22,,,,,,,,,,https://www.youtube.com/watch?v=jVdvKqW5yfQ
KireiLoL,,-8bk15KdrPw,Achieve Master In 2026 - Here Is How,10,,,,,,,,,,https://www.youtube.com/watch?v=-8bk15KdrPw
KireiLoL,,g_LKFMiROjw,AFK Farming with Xin Zhao: Defying the Gank Meta!,27,,,,,,,,,,https://www.youtube.com/watch?v=g_LKFMiROjw
KireiLoL,,d9cAoVJun3k,AGURIN ACCUSED ME OF GHOSTING?,26,,,,,,,,,,https://www.youtube.com/watch?v=d9cAoVJun3k
KireiLoL,,nTS0h5Z_tno,ALL Jungle Fundamentals explained - How far are you from Diamond?,28,,,,,,,,,,https://www.youtube.com/watch?v=nTS0h5Z_tno
KireiLoL,,Ex6YzrsAHjg,ALL Jungle Fundamentals explained - How far are you from master?,22,,,,,,,,,,https://www.youtube.com/watch?v=Ex6YzrsAHjg
KireiLoL,,0Qmoibi6HfU,APPLY Challenger Fundamentals in YOUR RANK,22,,,,,,,,,,https://www.youtube.com/watch?v=0Qmoibi6HfU
KireiLoL,,Z94bG29Ly34,Apply These Lessons and Dominate Every Match – Coach Kirei,21,,,,,,,,,,https://www.youtube.com/watch?v=Z94bG29Ly34
KireiLoL,,IF90PXtwiqs,Assassin Fundamentals with Rengar - How to play Rengar,26,,,,,,,,,,https://www.youtube.com/watch?v=IF90PXtwiqs
KireiLoL,,9xEg3jOGPCs,Being a PERFECT Jungler For My Team,20,,,,,,,,,,https://www.youtube.com/watch?v=9xEg3jOGPCs
KireiLoL,,tUejdPcUbm8,BEST Jungle Tier List Patch 26.10 - League of Legends,28,,,,,,,,,,https://www.youtube.com/watch?v=tUejdPcUbm8
KireiLoL,,Z_P-OAbgjDM,BEST Jungle TIERLIST TO CLIMB OUT OF YOUR ELO - (Cheat ranks),37,,,,,,,,,,https://www.youtube.com/watch?v=Z_P-OAbgjDM
KireiLoL,,tXgw1Dj73uc,BEST Junglers - TIER LIST Patch 25.20 - League of Legends,13,,,,,,,,,,https://www.youtube.com/watch?v=tXgw1Dj73uc
KireiLoL,,g-IhRIY-oXw,BEST JUNGLERS Patch 26.8 - Jungle Tierlist,24,,,,,,,,,,https://www.youtube.com/watch?v=g-IhRIY-oXw
KireiLoL,,frlL6ipSeN4,BEST Junglers Tier List Patch 26.13 - League of Legends,32,,,,,,,,,,https://www.youtube.com/watch?v=frlL6ipSeN4
KireiLoL,,M2nZVIDfgdI,Best OTP Jungle Tierlist To CHEAT Elo With in 2026,24,,,,,,,,,,https://www.youtube.com/watch?v=M2nZVIDfgdI
KireiLoL,,knBkISDR9DE,BIGGEST JUNGLE PATCH THIS YEAR - 25.23 Jungle Tierlist League of legends,30,,,,,,,,,,https://www.youtube.com/watch?v=knBkISDR9DE
KireiLoL,,538CyhGTJg8,Brain Only. Mechanics Are Overrated!,19,,,,,,,,,,https://www.youtube.com/watch?v=538CyhGTJg8
KireiLoL,,UKepoe3A6Qc,Breakdown of Agurin Gameplay. What does he do different than everyone else?,21,,,,,,,,,,https://www.youtube.com/watch?v=UKepoe3A6Qc
KireiLoL,,CfP4wYjv_Ko,Challenger 10 years teaches you how to Carry inters in Jungle  - League of Legends S14,24,,,,,,,,,,https://www.youtube.com/watch?v=CfP4wYjv_Ko
KireiLoL,,dqeV__EjZhI,Challenger Diana Jungle Guide - Everything you need to know,21,,,,,,,,,,https://www.youtube.com/watch?v=dqeV__EjZhI
KireiLoL,,2djeQCvxFa4,CHALLENGER FUNDAMENTALS WORK IN EVERY RANK!,17,,,,,,,,,,https://www.youtube.com/watch?v=2djeQCvxFa4
KireiLoL,,JBayKx_cGMA,"Challenger Nocturne Jungle Guide 2026 | Best Build, Runes & Tips to 1v9",30,,,,,,,,,,https://www.youtube.com/watch?v=JBayKx_cGMA
KireiLoL,,Wi0860bOBhc,Challenger PLACED IN IRON 4 💀?,31,,,,,,,,,,https://www.youtube.com/watch?v=Wi0860bOBhc
KireiLoL,,NA6xXEA-Wm8,CHALLENGER S13 course episode 6: Waves understanding,24,,,,,,,,,,https://www.youtube.com/watch?v=NA6xXEA-Wm8
KireiLoL,,ji_SqMO2Nnc,CHALLENGER S13 course episode 7: ADVANCED JG TRACKING,13,,,,,,,,,,https://www.youtube.com/watch?v=ji_SqMO2Nnc
KireiLoL,,wEUFMCuoa-U,CHALLENGER S13 Jungle course - Episode 3: WINCONDITIONS&PATHING,16,,,,,,,,,,https://www.youtube.com/watch?v=wEUFMCuoa-U
KireiLoL,,oKXRQeaW3ME,CHALLENGER S13 Jungle course - Episode 4: SECRET PATHINGS,16,,,,,,,,,,https://www.youtube.com/watch?v=oKXRQeaW3ME
KireiLoL,,1MZbnoN064o,Challenger teaches you how to Carry inters in Jungle  - League of Legends,24,,,,,,,,,,https://www.youtube.com/watch?v=1MZbnoN064o
KireiLoL,,EErb_4Zx24o,CHALLENGER VIEGO GUIDE - How To Play Viego And Solo Carry Games,53,,,,,,,,,,https://www.youtube.com/watch?v=EErb_4Zx24o
KireiLoL,,T2VmP04zxZM,Challenger vs Non-Challenger (How to Jungle like a Challenger),25,,,,,,,,,,https://www.youtube.com/watch?v=T2VmP04zxZM
KireiLoL,,T_7dOn3qUBw,CHALLENGER VS OTHER RANKS - HOW DO YOU CLOSE THE GAP?,17,,,,,,,,,,https://www.youtube.com/watch?v=T_7dOn3qUBw
KireiLoL,,b95HHoifkz0,Coaching class episode 3: winconditions,67,,,,,,,,,,https://www.youtube.com/watch?v=b95HHoifkz0
KireiLoL,,xqolE65liLg,Coaching class episode 4: Carry games,55,,,,,,,,,,https://www.youtube.com/watch?v=xqolE65liLg
KireiLoL,,G0ldStkbLEg,COACHING DENDI on ELO HACKS - How to JUNGLE,106,,,,,,,,,,https://www.youtube.com/watch?v=G0ldStkbLEg
KireiLoL,,BxavFyUcU2U,Coaching Jungle Fundamentals - How to climb in League of Legends ,80,,,,,,,,,,https://www.youtube.com/watch?v=BxavFyUcU2U
KireiLoL,,ItYGWhV-FbA,COMPLETE ELISE GUIDE - HOW TO PLAY ELISE,79,,,,,,,,,,https://www.youtube.com/watch?v=ItYGWhV-FbA
KireiLoL,,SDTC-5NPvNA,Complete Graves Guide - How To Carry EVERY Game,56,,,,,,,,,,https://www.youtube.com/watch?v=SDTC-5NPvNA
KireiLoL,,U7YmhANeWcE,CORRECT Way to Fullclear (PLS Start doing this),17,,,,,,,,,,https://www.youtube.com/watch?v=U7YmhANeWcE
KireiLoL,,CMIIPcifKO4,CORRECT way to play Assasins - How to play Talon,41,,,,,,,,,,https://www.youtube.com/watch?v=CMIIPcifKO4
KireiLoL,,JYlzjjlOKAE,CORRECT Way to play for Objectives and Laners (be the 4%),13,,,,,,,,,,https://www.youtube.com/watch?v=JYlzjjlOKAE
KireiLoL,,OagZPgUae2I,Dantes Gets Coached by a PRO COACH - KireiOP,38,,,,,,,,,,https://www.youtube.com/watch?v=OagZPgUae2I
KireiLoL,,QeLfDbchGfs,"Diamond Players, Stop doing THIS - Coach Kirei",24,,,,,,,,,,https://www.youtube.com/watch?v=QeLfDbchGfs
KireiLoL,,pd2EMMe-e3o,DIANA OP in LOW ELO - ABUSE BEFORE NERFS!,36,,,,,,,,,,https://www.youtube.com/watch?v=pd2EMMe-e3o
KireiLoL,,qyCHvMHbYH4,doing this SIMPLE concept will help you carry many more games (WW concept),21,,,,,,,,,,https://www.youtube.com/watch?v=qyCHvMHbYH4
KireiLoL,,Zkezijh4eu8,DOMINATE Early Games as Jungle (2 losing lanes),26,,,,,,,,,,https://www.youtube.com/watch?v=Zkezijh4eu8
KireiLoL,,SFMDl3jUu3M,EDUCATING SINERIAS ON JUNGLE FUNDAMENTALS,17,,,,,,,,,,https://www.youtube.com/watch?v=SFMDl3jUu3M
KireiLoL,,dI-CMSEpoTM,EG vs MAD - Game 2 | Live review | Worlds 2022,45,,,,,,,,,,https://www.youtube.com/watch?v=dI-CMSEpoTM
KireiLoL,,XVBsHTzcIWg,ELISE JUNGLE GAMEPLAY GUIDE SEASON 16 - HOW TO PLAY ELISE JUNGLE,20,,,,,,,,,,https://www.youtube.com/watch?v=XVBsHTzcIWg
KireiLoL,,XcWWO4qF4PI,Emerald Is The HARDEST ELO...,26,,,,,,,,,,https://www.youtube.com/watch?v=XcWWO4qF4PI
KireiLoL,,1-aZjdTjEhU,EVERYONE PLAYS THIS CHAMP WRONG? (HECARIM JUNGLE SEASON 16),36,,,,,,,,,,https://www.youtube.com/watch?v=1-aZjdTjEhU
KireiLoL,,QEyKUNMm6Lk,EX PRO PLAYER VS FAKER,13,,,,,,,,,,https://www.youtube.com/watch?v=QEyKUNMm6Lk
KireiLoL,,H2SzdxLeHF8,First time Challenger after THIS Coaching Session.,5,,,,,,,,,,https://www.youtube.com/watch?v=H2SzdxLeHF8
KireiLoL,,HQf9-_ceXI8,FNC XL GAME 5 LIVE ANALYSIS,60,,,,,,,,,,https://www.youtube.com/watch?v=HQf9-_ceXI8
KireiLoL,,Oer8dnA_rj0,FREE JUNGLE TEMPO TRACKING GUIDE (MUST WATCH),12,,,,,,,,,,https://www.youtube.com/watch?v=Oer8dnA_rj0
KireiLoL,,o4YgqhW-VYM,From Bronze to Rank 1 - Climb out of Every ELO! KireiOP,15,,,,,,,,,,https://www.youtube.com/watch?v=o4YgqhW-VYM
KireiLoL,,PnuZWquKQM0,From Rank 140 to RANK 1 - ADC Coaching Session,68,,,,,,,,,,https://www.youtube.com/watch?v=PnuZWquKQM0
KireiLoL,,kzCt68fV51k,Fullclear or Gank? | Jungle Guide,20,,,,,,,,,,https://www.youtube.com/watch?v=kzCt68fV51k
KireiLoL,,Zu_X0KkI41c,Fullclearing and LOSING? (5 Reasons) and how to FIX IT,16,,,,,,,,,,https://www.youtube.com/watch?v=Zu_X0KkI41c
KireiLoL,,ro8Dr9wuAPI,FULLCLEARING and LOSING? (WATCH THIS),29,,,,,,,,,,https://www.youtube.com/watch?v=ro8Dr9wuAPI
KireiLoL,,P1SfUI2nX64,FUNDAMENTALS TO STOMP EARLY GAME,14,,,,,,,,,,https://www.youtube.com/watch?v=P1SfUI2nX64
KireiLoL,,blBxWnP04Uw,FUNDAMENTALS VS  THEBAUSFSS,20,,,,,,,,,,https://www.youtube.com/watch?v=blBxWnP04Uw
KireiLoL,,0yUR2snwTsE,FUNDAMENTALS WITH BEST TOPLANER IN THE WORLD,28,,,,,,,,,,https://www.youtube.com/watch?v=0yUR2snwTsE
KireiLoL,,t9AWbmtSIFE,G2 vs EG | Live Review | MSI,52,,,,,,,,,,https://www.youtube.com/watch?v=t9AWbmtSIFE
KireiLoL,,gFv-xZK_pzw,G2 vs T1 | Live Review | MSI | Rumble stage,61,,,,,,,,,,https://www.youtube.com/watch?v=gFv-xZK_pzw
KireiLoL,,nr0cCfLm-5Y,Generate LEAD and Snowball with FUNDAMENTALS (always works),21,,,,,,,,,,https://www.youtube.com/watch?v=nr0cCfLm-5Y
KireiLoL,,Z--KfgXoh7U,Give me 6 Mins and Your Midgame will be Challenger lvl,7,,,,,,,,,,https://www.youtube.com/watch?v=Z--KfgXoh7U
KireiLoL,,QhPcwQkNMw4,Gold is the Hardest ELO!!!,15,,,,,,,,,,https://www.youtube.com/watch?v=QhPcwQkNMw4
KireiLoL,,JIqBw79-bDU,GRAVES JUNGLE S+ IF YOU MASTER THIS MIDGAME CONCEPT,25,,,,,,,,,,https://www.youtube.com/watch?v=JIqBw79-bDU
KireiLoL,,1wuwe0eor6U,Hard Carry My L9 Team ft. RATIRL and YamatosDeath,13,,,,,,,,,,https://www.youtube.com/watch?v=1wuwe0eor6U
KireiLoL,,L3z08WeBHTE,HARDSTUCK in Split 3? - Here is why and WHAT TO DO!,13,,,,,,,,,,https://www.youtube.com/watch?v=L3z08WeBHTE
KireiLoL,,cSv7De85cLE,Holding Back Low ELO Players - Coach Kirei,14,,,,,,,,,,https://www.youtube.com/watch?v=cSv7De85cLE
KireiLoL,,9rKJJqineuY,How CHALLENGER Players Play ASSASSIN Junglers,23,,,,,,,,,,https://www.youtube.com/watch?v=9rKJJqineuY
KireiLoL,,8Vz1Bpd5nlE,How I climbed from Silver 1 to challenger in 6 months,13,,,,,,,,,,https://www.youtube.com/watch?v=8Vz1Bpd5nlE
KireiLoL,,2-gGk94zm4I,How I Solo Carried in THE MOST STACKED EU West Lobby... Nemisis-Santorin-hylissang,20,,,,,,,,,,https://www.youtube.com/watch?v=2-gGk94zm4I
KireiLoL,,wChSeVr1i0Q,How I Would Learn Jungle (If I Could start over),20,,,,,,,,,,https://www.youtube.com/watch?v=wChSeVr1i0Q
KireiLoL,,Vs2qHK4Zot4,How I Would Learn League of Legends (From a 13 Years Challenger),9,,,,,,,,,,https://www.youtube.com/watch?v=Vs2qHK4Zot4
KireiLoL,,29HgPzFfhbc,How this player got RANK #1 with a 77% winrate in EUW,27,,,,,,,,,,https://www.youtube.com/watch?v=29HgPzFfhbc
KireiLoL,,6I9fVWclYgQ,HOW TO 1V9 AS JUNGLE WITH 3 LOSING LANES! (Season 16 Guide),16,,,,,,,,,,https://www.youtube.com/watch?v=6I9fVWclYgQ
KireiLoL,,EXNqKMPOSH0,How to 1V9 On Qiyana Jungle,52,,,,,,,,,,https://www.youtube.com/watch?v=EXNqKMPOSH0
KireiLoL,,jOjrnAQF4S4,HOW TO 1V9 ON ZAAHEN - ZAAHEN JUNGLE GUIDE,75,,,,,,,,,,https://www.youtube.com/watch?v=jOjrnAQF4S4
KireiLoL,,uX6-O0iHElc,How to Abuse Their Poor Wave Control? - Coach Kirei,23,,,,,,,,,,https://www.youtube.com/watch?v=uX6-O0iHElc
KireiLoL,,32prvviTOYc,How to ABUSE Winning Matchup in Jungle,25,,,,,,,,,,https://www.youtube.com/watch?v=32prvviTOYc
KireiLoL,,dhqZ1o3oNcA,How to ACTUALLY Carry in jungle and 1v9 - Jungle Fundamentals,24,,,,,,,,,,https://www.youtube.com/watch?v=dhqZ1o3oNcA
KireiLoL,,ofoNKQagzc4,How to ACTUALLY Jungle track (Inflate ur elo),16,,,,,,,,,,https://www.youtube.com/watch?v=ofoNKQagzc4
KireiLoL,,j7jn2shGJ4U,How to Carry  in Teamfights as a Jungler,13,,,,,,,,,,https://www.youtube.com/watch?v=j7jn2shGJ4U
KireiLoL,,OJ31GkjHWnA,HOW TO CARRY 3 LOSING LANES FROM BEHIND,26,,,,,,,,,,https://www.youtube.com/watch?v=OJ31GkjHWnA
KireiLoL,,o4gA_99cYps,HOW TO CARRY 3 Losing Lanes Guide as Jungle,16,,,,,,,,,,https://www.youtube.com/watch?v=o4gA_99cYps
KireiLoL,,r-w47zj44bw,How to carry 3 LOSING LANES? - Secret to Jungle,22,,,,,,,,,,https://www.youtube.com/watch?v=r-w47zj44bw
KireiLoL,,nn-K0QLEWe0,How to CARRY 3 Losing Lanes? - WATCH THIS (thank me later),24,,,,,,,,,,https://www.youtube.com/watch?v=nn-K0QLEWe0
KireiLoL,,KKjCU3KQkv4,How to CARRY and WIN more games in your elo!,19,,,,,,,,,,https://www.youtube.com/watch?v=KKjCU3KQkv4
KireiLoL,,wtPwL7t-e4o,HOW TO CARRY EVERY GAME AS JUNGLER,20,,,,,,,,,,https://www.youtube.com/watch?v=wtPwL7t-e4o
KireiLoL,,_X4bbeha7Ns,How to carry in any elo,24,,,,,,,,,,https://www.youtube.com/watch?v=_X4bbeha7Ns
KireiLoL,,GiR6Twrn5w8,How to carry in ANY elo with this SIMPLE trick,17,,,,,,,,,,https://www.youtube.com/watch?v=GiR6Twrn5w8
KireiLoL,,rIOzphK0Ldo,How to CARRY in league of legends as a jungler | Challenger jungler breakdown |,16,,,,,,,,,,https://www.youtube.com/watch?v=rIOzphK0Ldo
KireiLoL,,5wo5LeCrB0U,How To Carry Losing Lanes With 0 Engage,24,,,,,,,,,,https://www.youtube.com/watch?v=5wo5LeCrB0U
KireiLoL,,g7uAmBD07p0,How to carry more games applying these tricks,8,,,,,,,,,,https://www.youtube.com/watch?v=g7uAmBD07p0
KireiLoL,,WbxBHz7YBqU,HOW TO CARRY ON ELISE AND SNOWBALL,14,,,,,,,,,,https://www.youtube.com/watch?v=WbxBHz7YBqU
KireiLoL,,g8McvoaOAqc,How to Carry on Hecarim? Coach Kirei,13,,,,,,,,,,https://www.youtube.com/watch?v=g8McvoaOAqc
KireiLoL,,gzeBoF1EXjM,How to Carry with Any Champion? - Kirei Guide,13,,,,,,,,,,https://www.youtube.com/watch?v=gzeBoF1EXjM
KireiLoL,,hTc8CWeqiME,How to Climb Out of Low Elo as a Jungler - TEMPO,29,,,,,,,,,,https://www.youtube.com/watch?v=hTc8CWeqiME
KireiLoL,,Xf1XGuJt81Q,HOW TO CLIMB TO DIAMOND - Jungle Fundamentals,25,,,,,,,,,,https://www.youtube.com/watch?v=Xf1XGuJt81Q
KireiLoL,,juTO8La9-RE,How to COMEBACK and Get FED from behind,24,,,,,,,,,,https://www.youtube.com/watch?v=juTO8La9-RE
KireiLoL,,dCV88ZzHOLI,How To Easily Carry With Fiddlesticks In EUW Challenger,16,,,,,,,,,,https://www.youtube.com/watch?v=dCV88ZzHOLI
KireiLoL,,7SlYZia8NCk,HOW TO ESCAPE LOW ELO  (3 steps),30,,,,,,,,,,https://www.youtube.com/watch?v=7SlYZia8NCk
KireiLoL,,9mALl8O0IgM,How to Escape LOW ELO as Jungle - guide to diamond,25,,,,,,,,,,https://www.youtube.com/watch?v=9mALl8O0IgM
KireiLoL,,pkSIgHFozJw,How to Escape LOW ELO as Jungle - Guide to Master,24,,,,,,,,,,https://www.youtube.com/watch?v=pkSIgHFozJw
KireiLoL,,y11QW3hBZjA,How to Gank with Base Timers to Crush Low Elo - Kirei,22,,,,,,,,,,https://www.youtube.com/watch?v=y11QW3hBZjA
KireiLoL,,EsKI8xKJKt0,How to HARD CARRY as Bel'Veth Like a Challenger,17,,,,,,,,,,https://www.youtube.com/watch?v=EsKI8xKJKt0
KireiLoL,,JblNLJLZnwo,How To HARD Carry Games In Low ELO,28,,,,,,,,,,https://www.youtube.com/watch?v=JblNLJLZnwo
KireiLoL,,F4fcxgKyRHk,How to HARD Carry out of low elo - Carry Junglers,29,,,,,,,,,,https://www.youtube.com/watch?v=F4fcxgKyRHk
KireiLoL,,xt0EOKdRFcw,How to hit RANK 1 Episode 10 - Waiting to scale......,18,,,,,,,,,,https://www.youtube.com/watch?v=xt0EOKdRFcw
KireiLoL,,9EvUWBIRp8U,How to hit RANK 1 Episode 11- Meta Slaves Get Elo,29,,,,,,,,,,https://www.youtube.com/watch?v=9EvUWBIRp8U
KireiLoL,,T0wgg6BIW8M,How to hit RANK 1 Episode 12 - King of Demacia,27,,,,,,,,,,https://www.youtube.com/watch?v=T0wgg6BIW8M
KireiLoL,,RwgI33uyaLI,How to hit RANK 1 Episode 13 - Burning Sigma,18,,,,,,,,,,https://www.youtube.com/watch?v=RwgI33uyaLI
KireiLoL,,ixG4tR0sCaA,How to hit RANK 1 Episode 2 - Beating Agurin as ELISE,17,,,,,,,,,,https://www.youtube.com/watch?v=ixG4tR0sCaA
KireiLoL,,ZLu1xZ2QoRw,How to hit RANK 1 Episode 3- How to deal double damage on Zyra,25,,,,,,,,,,https://www.youtube.com/watch?v=ZLu1xZ2QoRw
KireiLoL,,XMDuTNKbrDs,How to hit RANK 1 Episode 4 - Don't let your team feed,26,,,,,,,,,,https://www.youtube.com/watch?v=XMDuTNKbrDs
KireiLoL,,8QDPHOSz7vY,How to hit RANK 1 Episode 5 - Don't FF just because you're Behind,23,,,,,,,,,,https://www.youtube.com/watch?v=8QDPHOSz7vY
KireiLoL,,5mTIeaTaszM,How to hit RANK 1 Episode 6 - Beating the #1 Talon as Kindred,28,,,,,,,,,,https://www.youtube.com/watch?v=5mTIeaTaszM
KireiLoL,,Vpd8wpVVEtg,How to hit RANK 1 Episode 7 - Don't let them BREATHE,24,,,,,,,,,,https://www.youtube.com/watch?v=Vpd8wpVVEtg
KireiLoL,,fiKUNafAA9c,How to hit RANK 1 Episode 8- Watch Every lane!,27,,,,,,,,,,https://www.youtube.com/watch?v=fiKUNafAA9c
KireiLoL,,kF7PQxwcsv4,How to hit RANK 1 Episode 9 - You know who to Camp....,19,,,,,,,,,,https://www.youtube.com/watch?v=kF7PQxwcsv4
KireiLoL,,_az8r5F-tD8,How to hit RANK 1 Episode ONE - Don't let them Play the game,23,,,,,,,,,,https://www.youtube.com/watch?v=_az8r5F-tD8
KireiLoL,,Zlw_AjDEF7k,How to JARVAN JUNGLE and 1v9,31,,,,,,,,,,https://www.youtube.com/watch?v=Zlw_AjDEF7k
KireiLoL,,fIm6CnMzATY,How to jungle class Lesson 2: Jungle tempo,73,,,,,,,,,,https://www.youtube.com/watch?v=fIm6CnMzATY
KireiLoL,,5-m1bU7jZpU,HOW TO JUNGLE WITH 3 LOSING LANES (MUST WATCH),27,,,,,,,,,,https://www.youtube.com/watch?v=5-m1bU7jZpU
KireiLoL,,_oopm9FPMQw,How to Jungle With a BAD Support - vs Broxah,15,,,,,,,,,,https://www.youtube.com/watch?v=_oopm9FPMQw
KireiLoL,,QAH9DsYc9P4,"How to Jungle with Fundamentals, be 2 steps ahead!",17,,,,,,,,,,https://www.youtube.com/watch?v=QAH9DsYc9P4
KireiLoL,,Mh4c1d4JgGY,How to KAYN Jungle and 1V9 (Recommended to 1v9),35,,,,,,,,,,https://www.youtube.com/watch?v=Mh4c1d4JgGY
KireiLoL,,UufzrO8WmzI,How to make EVERY GANK work,23,,,,,,,,,,https://www.youtube.com/watch?v=UufzrO8WmzI
KireiLoL,,uDrUMG0GNdM,How To Master Any Champion FAST!,29,,,,,,,,,,https://www.youtube.com/watch?v=uDrUMG0GNdM
KireiLoL,,zuEzpgDMvs0,HOW TO MASTER KINDRED JUNGLE (KEY Fundamentals),25,,,,,,,,,,https://www.youtube.com/watch?v=zuEzpgDMvs0
KireiLoL,,D_4riPaM9-o,How to Master Win Conditions and Gank Lanes! Kirei OP Guide,16,,,,,,,,,,https://www.youtube.com/watch?v=D_4riPaM9-o
KireiLoL,,CBOFfFCNAsM,HOW TO PATH IN JUNGLE WHEN COUNTERPICKED,26,,,,,,,,,,https://www.youtube.com/watch?v=CBOFfFCNAsM
KireiLoL,,Utgep0lyvks,How to play from BEHIND and CARRY THE GAME!,24,,,,,,,,,,https://www.youtube.com/watch?v=Utgep0lyvks
KireiLoL,,2U0jSwkmJls,HOW TO PLAY HECARIM JUNGLE (Like a Challenger),37,,,,,,,,,,https://www.youtube.com/watch?v=2U0jSwkmJls
KireiLoL,,ghvsPpe33Bw,How to play Master Yi - 1v9 with Fundamentals,32,,,,,,,,,,https://www.youtube.com/watch?v=ghvsPpe33Bw
KireiLoL,,4e5-ocxZM1E,How to play Rek'Sai and carry games,26,,,,,,,,,,https://www.youtube.com/watch?v=4e5-ocxZM1E
KireiLoL,,GuNJc-A-5Rs,HOW TO PLAY RIVEN JUNGLE - NEW JUNGLER,56,,,,,,,,,,https://www.youtube.com/watch?v=GuNJc-A-5Rs
KireiLoL,,WrwvY16THvI,How to play Zyra Jungle (4v5 game),29,,,,,,,,,,https://www.youtube.com/watch?v=WrwvY16THvI
KireiLoL,,gp8stCgTX0g,How to Replicate Succesful plays,24,,,,,,,,,,https://www.youtube.com/watch?v=gp8stCgTX0g
KireiLoL,,W3hrGSTuTGQ,How to review your own games and become the best,35,,,,,,,,,,https://www.youtube.com/watch?v=W3hrGSTuTGQ
KireiLoL,,9zL-ue2P81M,How to stomp and carry games in ANY ELO with KHAZIX in Jungle,14,,,,,,,,,,https://www.youtube.com/watch?v=9zL-ue2P81M
KireiLoL,,0568LhDP9yU,How to win on a champ you don't even play,33,,,,,,,,,,https://www.youtube.com/watch?v=0568LhDP9yU
KireiLoL,,__mCwueLwUo,HOW TO WIN WITH TROLLS IN TEAM,25,,,,,,,,,,https://www.youtube.com/watch?v=__mCwueLwUo
KireiLoL,,LZ-pcJ2NEyY,"I be-friended a troll, so I could flame him - Coach Kirei",17,,,,,,,,,,https://www.youtube.com/watch?v=LZ-pcJ2NEyY
KireiLoL,,07yW2jVPM34,I carried Bausffs in the V9 tournament- KireiOP,71,,,,,,,,,,https://www.youtube.com/watch?v=07yW2jVPM34
KireiLoL,,yUF1cw_n7-A,I Coached Him And Now He's in my Solo Que Game,24,,,,,,,,,,https://www.youtube.com/watch?v=yUF1cw_n7-A
KireiLoL,,rq60BnmuvIk,I Coached Him till Challenger And Now He's MY Rival!,24,,,,,,,,,,https://www.youtube.com/watch?v=rq60BnmuvIk
KireiLoL,,_RZqmaYctsE,I Coached Him… And Now He's in MY Game! - Coach Kirei,16,,,,,,,,,,https://www.youtube.com/watch?v=_RZqmaYctsE
KireiLoL,,lmRxLBu6yxg,I got Coached by the #1 Kayn Karasmai,27,,,,,,,,,,https://www.youtube.com/watch?v=lmRxLBu6yxg
KireiLoL,,xoqtgyD0-fA,I Got Coached By xPetu - Shen Jungle,54,,,,,,,,,,https://www.youtube.com/watch?v=xoqtgyD0-fA
KireiLoL,,z9whUICGZw4,I MADE A BET WITH SINERIAS,23,,,,,,,,,,https://www.youtube.com/watch?v=z9whUICGZw4
KireiLoL,,FodOAWHYtCI,I Played Jungle vs My STUDENT!,20,,,,,,,,,,https://www.youtube.com/watch?v=FodOAWHYtCI
KireiLoL,,AY5u0BasUQ8,I Spent 55 Hours Becoming Volibear – Volibear BUILD GUIDE,39,,,,,,,,,,https://www.youtube.com/watch?v=AY5u0BasUQ8
KireiLoL,,yFAVs49EqxI,I Taught him how to play. Now I have to crush him in Solo Que | Jankos VS Kirei,14,,,,,,,,,,https://www.youtube.com/watch?v=yFAVs49EqxI
KireiLoL,,VmQvIhr_Mik,I would pay Riot to report my team again - Coach Kirei,26,,,,,,,,,,https://www.youtube.com/watch?v=VmQvIhr_Mik
KireiLoL,,_-Yk9RBHp6k,Inside a Challenger’s Mind (Jungle POV),40,,,,,,,,,,https://www.youtube.com/watch?v=_-Yk9RBHp6k
KireiLoL,,WViPbyK8zsg,Jax Jungle Guide - How to play Jax and 1v9 (Best champion to climb),31,,,,,,,,,,https://www.youtube.com/watch?v=WViPbyK8zsg
KireiLoL,,P_XGhS7sXks,Jungle Coaching Master elo,67,,,,,,,,,,https://www.youtube.com/watch?v=P_XGhS7sXks
KireiLoL,,xMtvGXyRqV8,Jungle Fundamentals In Season 15,15,,,,,,,,,,https://www.youtube.com/watch?v=xMtvGXyRqV8
KireiLoL,,IzNhI-2wSzY,Jungle Fundamentals Tierlist Cheatsheet (Stop Wasting Your Time),17,,,,,,,,,,https://www.youtube.com/watch?v=IzNhI-2wSzY
KireiLoL,,CcjMpAzmnvg,Jungle fundamentals to Carry to Challenger!,13,,,,,,,,,,https://www.youtube.com/watch?v=CcjMpAzmnvg
KireiLoL,,ew1EQGmU_uM,Jungle FUNDAMENTALS To Climb Out of Low ELO,30,,,,,,,,,,https://www.youtube.com/watch?v=ew1EQGmU_uM
KireiLoL,,oPr_g3ZE-ck,Jungle Fundementals For EVERY ELO | Kirei,17,,,,,,,,,,https://www.youtube.com/watch?v=oPr_g3ZE-ck
KireiLoL,,cMtuyxoBhnY,Jungle Gameplay Guide Season 16 (How to Carry 3 Losing Lanes),28,,,,,,,,,,https://www.youtube.com/watch?v=cMtuyxoBhnY
KireiLoL,,F8kXQmoQxT0,Jungle Guide To Master - Season 16,20,,,,,,,,,,https://www.youtube.com/watch?v=F8kXQmoQxT0
KireiLoL,,_EdY917Dd6Y,JUNGLE IS DEAD IN SEASON 2026? - (My Honest Opinion),14,,,,,,,,,,https://www.youtube.com/watch?v=_EdY917Dd6Y
KireiLoL,,KyGaKeWaJwY,Jungle Secrets That 99% of Players DON'T do (Think like a Challenger),30,,,,,,,,,,https://www.youtube.com/watch?v=KyGaKeWaJwY
KireiLoL,,mlZrd6io2MY,Jungle secrets to Climb out of Low ELO,28,,,,,,,,,,https://www.youtube.com/watch?v=mlZrd6io2MY
KireiLoL,,qJNZ-4_3EpY,JUNGLE TEMPO GUIDE - SEASON 16,13,,,,,,,,,,https://www.youtube.com/watch?v=qJNZ-4_3EpY
KireiLoL,,AMxGER57pNY,"Jungle Tempo Mastery, Always Have The PERFECT Timing | Kirei",17,,,,,,,,,,https://www.youtube.com/watch?v=AMxGER57pNY
KireiLoL,,IyAkqoNu85A,"Kesha Jungle Incident, Taking FREE LP",12,,,,,,,,,,https://www.youtube.com/watch?v=IyAkqoNu85A
KireiLoL,,uWC2pThtUhA,Kindred Guide - How To CARRY on Kindred,65,,,,,,,,,,https://www.youtube.com/watch?v=uWC2pThtUhA
KireiLoL,,DiTzJ4G3N6g,KINDRED IS BACK Ultimate Jungle Tierlist for patch 14.17,9,,,,,,,,,,https://www.youtube.com/watch?v=DiTzJ4G3N6g
KireiLoL,,M0oSP1Xj3qM,King of Solo Que shows what he can do in Diamond elo,28,,,,,,,,,,https://www.youtube.com/watch?v=M0oSP1Xj3qM
KireiLoL,,p00pm1iO_TE,Kirei's educational video. difference between KR & EU/NA,26,,,,,,,,,,https://www.youtube.com/watch?v=p00pm1iO_TE
KireiLoL,,Lgk969xEp_I,"knowing how to play with laners, and laners with jungle.",43,,,,,,,,,,https://www.youtube.com/watch?v=Lgk969xEp_I
KireiLoL,,p44POubuMmU,Last win for Challenger - VS Canyon,14,,,,,,,,,,https://www.youtube.com/watch?v=p44POubuMmU
KireiLoL,,7upo6KzBnbs,LEARN how to FULLCLEAR to DIAMOND - Step by Step,17,,,,,,,,,,https://www.youtube.com/watch?v=7upo6KzBnbs
KireiLoL,,RBKRF_9jQLw,Learn how to Ping like a Rank 1 - KireiOP Pro Tips!,23,,,,,,,,,,https://www.youtube.com/watch?v=RBKRF_9jQLw
KireiLoL,,9WBN72p-6YY,LEARN TEMPO FROM THE #1 JUNGLER! - Coach Kirei,14,,,,,,,,,,https://www.youtube.com/watch?v=9WBN72p-6YY
KireiLoL,,EUe6raIi2hs,LETHALITY NOCTURNE GUIDE (1V9),33,,,,,,,,,,https://www.youtube.com/watch?v=EUe6raIi2hs
KireiLoL,,QwAUqEDH4dI,LILLIA JUNGLE BUFFS ARE HUGE - League of Legends Season 16,22,,,,,,,,,,https://www.youtube.com/watch?v=QwAUqEDH4dI
KireiLoL,,zVWTkZYGOg8,LOUD vs FNC | Day 3 LoL Worlds 2022 Play-Ins | VOD REVIEW,62,,,,,,,,,,https://www.youtube.com/watch?v=zVWTkZYGOg8
KireiLoL,,M93Wo4GDktU,MAD vs EG - Game 3 | Live Review | Worlds 2022,39,,,,,,,,,,https://www.youtube.com/watch?v=M93Wo4GDktU
KireiLoL,,yxIRCbKwnM4,Master Kha'Zix: Before and After Level 6,30,,,,,,,,,,https://www.youtube.com/watch?v=yxIRCbKwnM4
KireiLoL,,Efy_aDtDrsU,MASTER to CHALLENGER in 23 Hours - Diana Guide,1395,,,,,,,,,,https://www.youtube.com/watch?v=Efy_aDtDrsU
KireiLoL,,_023WP4zj48,"MASTER to CHALLENGER in 30 Hours - Midgame Jungle Guide (Objectives, Teamfighting, Midgame Hacks)",1709,,,,,,,,,,https://www.youtube.com/watch?v=_023WP4zj48
KireiLoL,,p7ilxC02DV4,MOST BROKEN S+Jungler in the game (im sorry),36,,,,,,,,,,https://www.youtube.com/watch?v=p7ilxC02DV4
KireiLoL,,O1W_XG5nvYU,MY FIRST DAY PLAYING KOREAN SOLOQ,33,,,,,,,,,,https://www.youtube.com/watch?v=O1W_XG5nvYU
KireiLoL,,seoQmqZrQAc,My Hecarim Was #1 Before Dantes Even Existed! Coach Kirei,27,,,,,,,,,,https://www.youtube.com/watch?v=seoQmqZrQAc
KireiLoL,,DmRkEcZQeyg,My top 3 Jungle Tips | Kirei,12,,,,,,,,,,https://www.youtube.com/watch?v=DmRkEcZQeyg
KireiLoL,,kU2n8FzC1Mg,NARNIA Strategy Explained - How To Carry Games As a Jungler,25,,,,,,,,,,https://www.youtube.com/watch?v=kU2n8FzC1Mg
KireiLoL,,zOhc-gpdyEE,NATTYNATT 95% WINRATE TO RANK 1 HOW?,41,,,,,,,,,,https://www.youtube.com/watch?v=zOhc-gpdyEE
KireiLoL,,NI2I_jO-NG8,Nattynatt’s INSANE 95.5% Winrate Explained (63-3) on Rengar,25,,,,,,,,,,https://www.youtube.com/watch?v=NI2I_jO-NG8
KireiLoL,,G_LeuEDbavE,NEVER LOSE Again with This Jungle Strategy,18,,,,,,,,,,https://www.youtube.com/watch?v=G_LeuEDbavE
KireiLoL,,uUXJbf-EHUs,NEW Best Graves Build After Buffs,76,,,,,,,,,,https://www.youtube.com/watch?v=uUXJbf-EHUs
KireiLoL,,HwD5YOC1-ks,NEW BEST JUNGLERS PATCH 25.16 - League Of Legends Jungle Tierlist,34,,,,,,,,,,https://www.youtube.com/watch?v=HwD5YOC1-ks
KireiLoL,,YdMZy6f5J1I,NEW BEST JUNGLERS PATCH 25.18 - League Of Legends Jungle Tierlist,26,,,,,,,,,,https://www.youtube.com/watch?v=YdMZy6f5J1I
KireiLoL,,SVEk0FdyEUw,NEW BEST JUNGLERS PATCH 25.22  - League Of Legends Jungle Tierlist,23,,,,,,,,,,https://www.youtube.com/watch?v=SVEk0FdyEUw
KireiLoL,,slntHVsM_UM,New Champion Zaahen is BROKEN in Jungle - How to play Zaahen Jungle,151,,,,,,,,,,https://www.youtube.com/watch?v=slntHVsM_UM
KireiLoL,,WLWwLVrmR1o,NEW CHO GATH JUNGLE BUILD IS OP,95,,,,,,,,,,https://www.youtube.com/watch?v=WLWwLVrmR1o
KireiLoL,,C3r7kapujm0,"New Jungle Strategy, Going to NARNIA - VS ScrubNoob",16,,,,,,,,,,https://www.youtube.com/watch?v=C3r7kapujm0
KireiLoL,,3s44yAMD2SA,NEW JUNGLE TIER LIST for PATCH 14.19 - LEAUGE OF LEGENDS,12,,,,,,,,,,https://www.youtube.com/watch?v=3s44yAMD2SA
KireiLoL,,hZNDazeHHp4,NEW JUNGLE TIER LIST for PATCH 26.03 - League of Legends,30,,,,,,,,,,https://www.youtube.com/watch?v=hZNDazeHHp4
KireiLoL,,-_3U9QoBPSw,NEW JUNGLE TIER LIST for PATCH 26.06 - League of Legends,32,,,,,,,,,,https://www.youtube.com/watch?v=-_3U9QoBPSw
KireiLoL,,9ExzCvIkk7E,NEW JUNGLE TIER LIST for PATCH 26.09 - League of Legends,29,,,,,,,,,,https://www.youtube.com/watch?v=9ExzCvIkk7E
KireiLoL,,GbY-hqZQ6U4,NEW JUNGLE TIERLIST PATCH 26.04 (SECRET OP PICKS?) - League of Legends,31,,,,,,,,,,https://www.youtube.com/watch?v=GbY-hqZQ6U4
KireiLoL,,dutcp_aERhQ,NEW Kindred tech and how to CARRY games in ANY ELO.,25,,,,,,,,,,https://www.youtube.com/watch?v=dutcp_aERhQ
KireiLoL,,TC1IEtWJA44,NEW LOW ELO TIER LIST Patch 25.12 - League of Legends,28,,,,,,,,,,https://www.youtube.com/watch?v=TC1IEtWJA44
KireiLoL,,igprSgj7KeY,NEW OP VOLIBEAR BUILD to 1V9 - S+ TIER,36,,,,,,,,,,https://www.youtube.com/watch?v=igprSgj7KeY
KireiLoL,,aEY4SIz8x1g,NEW S+ JUNGLER TO CLIMB (how to 1v9),20,,,,,,,,,,https://www.youtube.com/watch?v=aEY4SIz8x1g
KireiLoL,,UNTRrKJFB3Y,NEW S+ Jungler? (Easy champion),26,,,,,,,,,,https://www.youtube.com/watch?v=UNTRrKJFB3Y
KireiLoL,,UGJkWO-9Sx0,New S+ VOLIBEAR JUNGLE BUILD,24,,,,,,,,,,https://www.youtube.com/watch?v=UGJkWO-9Sx0
KireiLoL,,YsvzfV2bduk,NEW SHYVANA JUNGLE IS BROKEN!,45,,,,,,,,,,https://www.youtube.com/watch?v=YsvzfV2bduk
KireiLoL,,l0IHsLfK33c,NEW TIER LIST Changes for Jungle 14.20 | What is BROKEN?,20,,,,,,,,,,https://www.youtube.com/watch?v=l0IHsLfK33c
KireiLoL,,xOl7BwaR8wI,NEW TIER LIST for PATCH 14.21 JUNGLE - League of Legends,8,,,,,,,,,,https://www.youtube.com/watch?v=xOl7BwaR8wI
KireiLoL,,Ptxvl6Kx5Pw,NEW TIER LIST PATCH 14.15 - League of Legends,10,,,,,,,,,,https://www.youtube.com/watch?v=Ptxvl6Kx5Pw
KireiLoL,,0nXxOsiYRjo,NEW TIER LIST Patch 14.24 - League of Legends | Kirei,30,,,,,,,,,,https://www.youtube.com/watch?v=0nXxOsiYRjo
KireiLoL,,UcYg7YYAWAk,NEW TIER LIST Patch 25 S1.3 - League of Legends,8,,,,,,,,,,https://www.youtube.com/watch?v=UcYg7YYAWAk
KireiLoL,,ONPqteEY10Q,NEW TIER LIST Patch 25 S1.5 - League of Legends,11,,,,,,,,,,https://www.youtube.com/watch?v=ONPqteEY10Q
KireiLoL,,mj6Qiz7IOWY,NEW TIER LIST Patch 25.13 - League of Legends,24,,,,,,,,,,https://www.youtube.com/watch?v=mj6Qiz7IOWY
KireiLoL,,iB2sMCnNKhY,NEW TIER LIST Patch 25.6 - League of Legends,20,,,,,,,,,,https://www.youtube.com/watch?v=iB2sMCnNKhY
KireiLoL,,MXjzzYI9098,NEW TIER LIST Patch 25.7 - League of Legends,16,,,,,,,,,,https://www.youtube.com/watch?v=MXjzzYI9098
KireiLoL,,UW33XIuLG7Q,NEW TIER LIST Patch 25.9 - League of Legends,40,,,,,,,,,,https://www.youtube.com/watch?v=UW33XIuLG7Q
KireiLoL,,AqgvYHuf0R0,NEW TIER LIST Season 15 - League of Legends,13,,,,,,,,,,https://www.youtube.com/watch?v=AqgvYHuf0R0
KireiLoL,,WFFUQEOlhDQ,No mechanics needed. Only knowledge,24,,,,,,,,,,https://www.youtube.com/watch?v=WFFUQEOlhDQ
KireiLoL,,IEJn6B7lndw,Nocturne Jungle Is Easy IF You Apply THIS,27,,,,,,,,,,https://www.youtube.com/watch?v=IEJn6B7lndw
KireiLoL,,MmfpdQLuHLs,North America's Last hope! I beat 100T Quid,25,,,,,,,,,,https://www.youtube.com/watch?v=MmfpdQLuHLs
KireiLoL,,PvmyS_VZ0V8,One of the BEST Jungle coaching on how to CLIMB | Season 13 ANY ELO up to Challenger,27,,,,,,,,,,https://www.youtube.com/watch?v=PvmyS_VZ0V8
KireiLoL,,3EN4od8dAqs,Only Rank 1 Players Know these Pro Tips!,72,,,,,,,,,,https://www.youtube.com/watch?v=3EN4od8dAqs
KireiLoL,,BUEH-oZnOig,Play Taliyah Like a Pro! Challenger Coach Explains How to Carry on Taliyah,16,,,,,,,,,,https://www.youtube.com/watch?v=BUEH-oZnOig
KireiLoL,,9PIQD7U0Xik,Playing Against Team Nemesis in NNO Tournament!,50,,,,,,,,,,https://www.youtube.com/watch?v=9PIQD7U0Xik
KireiLoL,,zxtYr19sQ1s,Playing her After 3 Years!! - Coach Kirei,29,,,,,,,,,,https://www.youtube.com/watch?v=zxtYr19sQ1s
KireiLoL,,VZefwVQkzbI,Press B And HardLift Emeralds - Coach Kirei,20,,,,,,,,,,https://www.youtube.com/watch?v=VZefwVQkzbI
KireiLoL,,R0ew-TME0d8,Pro Nidalee Optimization Tips: Coach Kirei,27,,,,,,,,,,https://www.youtube.com/watch?v=R0ew-TME0d8
KireiLoL,,es9sr36RQr4,Pro Rank 1 Coach teaches you how to WIN with Minions,19,,,,,,,,,,https://www.youtube.com/watch?v=es9sr36RQr4
KireiLoL,,dC9KZQTBPvI,Qiyana Buff is Nuts? - Coach Kirei,10,,,,,,,,,,https://www.youtube.com/watch?v=dC9KZQTBPvI
KireiLoL,,6ENc9M6GtAA,QIYANA JUNGLE BROKEN IF YOU MASTER IT,22,,,,,,,,,,https://www.youtube.com/watch?v=6ENc9M6GtAA
KireiLoL,,rOoXeW2xKvM,QUINN JUNGLE BUFFED (CRAZY FUN),17,,,,,,,,,,https://www.youtube.com/watch?v=rOoXeW2xKvM
KireiLoL,,GSKqx3V7byU,RANK 1 BROKEN DOWN (abuse this),34,,,,,,,,,,https://www.youtube.com/watch?v=GSKqx3V7byU
KireiLoL,,rfjSDPEEU4A,Rank 1 Jungle Broken Down,22,,,,,,,,,,https://www.youtube.com/watch?v=rfjSDPEEU4A
KireiLoL,,Gq8J-GrhoGg,RANK 1 Jungle Secrets - HOW TO 1V9 Guide,33,,,,,,,,,,https://www.youtube.com/watch?v=Gq8J-GrhoGg
KireiLoL,,ZSR-tTq-4NE,Rank 1 Lillia Live Coaching PerryJG,70,,,,,,,,,,https://www.youtube.com/watch?v=ZSR-tTq-4NE
KireiLoL,,Ie1HFwLLzsc,Retired Pro Explains How to Get Kills and CARRY in 6 MINS in ANY ELO,6,,,,,,,,,,https://www.youtube.com/watch?v=Ie1HFwLLzsc
KireiLoL,,49qB1Z0TLiw,RNG vs TES LPL finals game 1 VOD review,69,,,,,,,,,,https://www.youtube.com/watch?v=49qB1Z0TLiw
KireiLoL,,fSCdCFLlVlc,S+ Jungler you NEED to ABUSE (OTP Champion),27,,,,,,,,,,https://www.youtube.com/watch?v=fSCdCFLlVlc
KireiLoL,,vZcXlCt35GI,Saving a COOKED game with Jungle Fundamentals,29,,,,,,,,,,https://www.youtube.com/watch?v=vZcXlCt35GI
KireiLoL,,qIcWyV5JKwU,Season 16 Diana Build Guide - BEST Items on Diana Jungle,13,,,,,,,,,,https://www.youtube.com/watch?v=qIcWyV5JKwU
KireiLoL,,yg2r83LJ32k,Season 16 Jungle Guide  - Things you NEED to know,13,,,,,,,,,,https://www.youtube.com/watch?v=yg2r83LJ32k
KireiLoL,,wHWcWtbWc1c,"Season 16 Jungle guide (Correct way to 1v9 - Faelights,Objectives,Midgame)",18,,,,,,,,,,https://www.youtube.com/watch?v=wHWcWtbWc1c
KireiLoL,,tQ_rSYru24I,SEASON 16 JUNGLE TIERLIST - MOST BROKEN JUNGLERS - LEAGUE OF LEGENDS,25,,,,,,,,,,https://www.youtube.com/watch?v=tQ_rSYru24I
KireiLoL,,oqopvHsKiJI,Secret tips to rank 1,30,,,,,,,,,,https://www.youtube.com/watch?v=oqopvHsKiJI
KireiLoL,,7_fLQkbP_-k,Secret to CARRYING LOSING lanes as a Jungler in S13 that no1 tells you,25,,,,,,,,,,https://www.youtube.com/watch?v=7_fLQkbP_-k
KireiLoL,,zZnFIQNAAmc,SHOWING PRO PLAYERS HOW IT'S DONE!,15,,,,,,,,,,https://www.youtube.com/watch?v=zZnFIQNAAmc
KireiLoL,,ioPfVU9FpbA,Standing Still Wins You Games!,22,,,,,,,,,,https://www.youtube.com/watch?v=ioPfVU9FpbA
KireiLoL,,gN1s6goALgg,Super Spider Elise Gameplay,21,,,,,,,,,,https://www.youtube.com/watch?v=gN1s6goALgg
KireiLoL,,Nxyg_yhdw1M,Sylas Gameplay Guide - How to play Sylas Jungle,43,,,,,,,,,,https://www.youtube.com/watch?v=Nxyg_yhdw1M
KireiLoL,,6cpBLy_8cLI,SYLAS JUNGLE BROKEN IF YOU MASTER IT,14,,,,,,,,,,https://www.youtube.com/watch?v=6cpBLy_8cLI
KireiLoL,,vnJpWmurZr8,T1 VS DK | Playoffs Game 1 | Live review |,51,,,,,,,,,,https://www.youtube.com/watch?v=vnJpWmurZr8
KireiLoL,,78FDKs8eiPk,Taking Drakes is LOSING You Games - Here is Why,9,,,,,,,,,,https://www.youtube.com/watch?v=78FDKs8eiPk
KireiLoL,,cJn7aDPoPCw,Talon Jungle FUNDAMENTALS to 1V9,30,,,,,,,,,,https://www.youtube.com/watch?v=cJn7aDPoPCw
KireiLoL,,8585sQFctJE,Teamfighting VS Splitpushing From Behind,26,,,,,,,,,,https://www.youtube.com/watch?v=8585sQFctJE
KireiLoL,,cV7_EYzg1LY,Thank you...,3,,,,,,,,,,https://www.youtube.com/watch?v=cV7_EYzg1LY
KireiLoL,,NYgZ62IJpf8,"The 5 Sec Rule Explained, ELO HACK - Abuse While You Can!!!",14,,,,,,,,,,https://www.youtube.com/watch?v=NYgZ62IJpf8
KireiLoL,,1Btw2qgjE3U,The Greatest Comeback in Challenger - Coach Kirei,30,,,,,,,,,,https://www.youtube.com/watch?v=1Btw2qgjE3U
KireiLoL,,ZVbwR09tEKg,The Key to Winning Your Games and Escaping Low Elo...,17,,,,,,,,,,https://www.youtube.com/watch?v=ZVbwR09tEKg
KireiLoL,,_WxMUAIrX2A,The New NARNIA Strategy Is Too Good!,17,,,,,,,,,,https://www.youtube.com/watch?v=_WxMUAIrX2A
KireiLoL,,4SwSKf5KyZU,The Only Season 15 Jungle Guide,19,,,,,,,,,,https://www.youtube.com/watch?v=4SwSKf5KyZU
KireiLoL,,V6yLSMK9bCU,THIS Concept got my student to Challenger,29,,,,,,,,,,https://www.youtube.com/watch?v=V6yLSMK9bCU
KireiLoL,,4W8zE66q1uc,This Is Actually REALLY Strong,4,,,,,,,,,,https://www.youtube.com/watch?v=4W8zE66q1uc
KireiLoL,,OD8hU_ajIvs,This Is How You Carry on the LOWEST Winrate Champ!,20,,,,,,,,,,https://www.youtube.com/watch?v=OD8hU_ajIvs
KireiLoL,,XbI2Ay-5TeI,This is How You Play Buffed Kindred in Season 14,21,,,,,,,,,,https://www.youtube.com/watch?v=XbI2Ay-5TeI
KireiLoL,,uvzWpoeNa4g,This is How You Snowball and DOMINATE Your Games!,15,,,,,,,,,,https://www.youtube.com/watch?v=uvzWpoeNa4g
KireiLoL,,ioQxUAiqi6E,This is How You Take Control of THE ENTIRE Game,15,,,,,,,,,,https://www.youtube.com/watch?v=ioQxUAiqi6E
KireiLoL,,rKU6bxSQ0Kw,This NEEDS To Get Nerfed!,17,,,,,,,,,,https://www.youtube.com/watch?v=rKU6bxSQ0Kw
KireiLoL,,X8-X5A85spc,This New Viego Build Makes You UNFAIRLY! 😈,29,,,,,,,,,,https://www.youtube.com/watch?v=X8-X5A85spc
KireiLoL,,-b3oDSepyT0,this SIMPLE concept will make you carry EVERY GAME,24,,,,,,,,,,https://www.youtube.com/watch?v=-b3oDSepyT0
KireiLoL,,OzqNi4Z2KiE,"This Simple Concept will make you the 0,020% and help you CLIMB to CHALLENGER",2,,,,,,,,,,https://www.youtube.com/watch?v=OzqNi4Z2KiE
KireiLoL,,eP9SKez5HKE,Throwing When Ahead? (Never Again After This Video),13,,,,,,,,,,https://www.youtube.com/watch?v=eP9SKez5HKE
KireiLoL,,qgnuhVWalKI,TIER LIST Patch 14.22 - League of Legends,14,,,,,,,,,,https://www.youtube.com/watch?v=qgnuhVWalKI
KireiLoL,,8cuJeBTrprQ,Tilting Agurin on my way to Challenger,10,,,,,,,,,,https://www.youtube.com/watch?v=8cuJeBTrprQ
KireiLoL,,4g4dkCEsMWc,Top 5 BEST Jungle Champions ALL RANKS (2026),12,,,,,,,,,,https://www.youtube.com/watch?v=4g4dkCEsMWc
KireiLoL,,Oxh-WM8Z5jQ,TOP 5 BEST Junglers for ALL Ranks (2025 meta) - Patch 25.19 TIER LIST,15,,,,,,,,,,https://www.youtube.com/watch?v=Oxh-WM8Z5jQ
KireiLoL,,IbX39bR3wS0,TOP 5 Early Game Jungle Fundamentals (Early Game Guide),13,,,,,,,,,,https://www.youtube.com/watch?v=IbX39bR3wS0
KireiLoL,,COX5AN3J7wI,TOP 5 Jungle Champions You NEED to Abuse Right Now,26,,,,,,,,,,https://www.youtube.com/watch?v=COX5AN3J7wI
KireiLoL,,t68QdP0aXg0,Trinity force + Viego = S+ tier,21,,,,,,,,,,https://www.youtube.com/watch?v=t68QdP0aXg0
KireiLoL,,VKwOazR48uo,Trundle Gameplay Guide - How to play Trundle Jungle,55,,,,,,,,,,https://www.youtube.com/watch?v=VKwOazR48uo
KireiLoL,,CoMTUld7pP0,ULTIMATE Champion Pool Guide in 7 MIN,7,,,,,,,,,,https://www.youtube.com/watch?v=CoMTUld7pP0
KireiLoL,,ATP0ubHe2fk,UNRANKED to CHALLENGER in 10 Hours - Elise Gameplay,600,,,,,,,,,,https://www.youtube.com/watch?v=ATP0ubHe2fk
KireiLoL,,YWV0-P0I3Fg,Unranked to Challenger in 10 Hours - Graves Gameplay,600,,,,,,,,,,https://www.youtube.com/watch?v=YWV0-P0I3Fg
KireiLoL,,xsJWEz8qClM,UNRANKED to CHALLENGER in 10 Hours - Kindred Gameplay,600,,,,,,,,,,https://www.youtube.com/watch?v=xsJWEz8qClM
KireiLoL,,Prjr5mbd0Vk,UNRANKED to CHALLENGER in 10 Hours - Viego Guide,576,,,,,,,,,,https://www.youtube.com/watch?v=Prjr5mbd0Vk
KireiLoL,,ztmtK_123OY,UNRANKED to CHALLENGER in 6 Hours - Kha'Zix Guide,398,,,,,,,,,,https://www.youtube.com/watch?v=ztmtK_123OY
KireiLoL,,TAOGcZTwaBo,UNRANKED to CHALLENGER in 6 Hours - Lee Sin Guide,382,,,,,,,,,,https://www.youtube.com/watch?v=TAOGcZTwaBo
KireiLoL,,6jZ6grKLp1E,UNRANKED to CHALLENGER in 7 Hours - Lillia Guide,413,,,,,,,,,,https://www.youtube.com/watch?v=6jZ6grKLp1E
KireiLoL,,juYeqA61oPI,UNRANKED to CHALLENGER in 8 Hours - Nidalee Guide,480,,,,,,,,,,https://www.youtube.com/watch?v=juYeqA61oPI
KireiLoL,,-2lKJGTZZHI,UNRANKED to MASTER in 12 Hours - Naafiri Guide,719,,,,,,,,,,https://www.youtube.com/watch?v=-2lKJGTZZHI
KireiLoL,,vlSsf3NQ4cE,UNRANKED to MASTER in 30 Hours - Diana Guide,1727,,,,,,,,,,https://www.youtube.com/watch?v=vlSsf3NQ4cE
KireiLoL,,xr47oDj78nI,UNRANKED to MASTER in 55 Hours - Volibear Gameplay Guide,3363,,,,,,,,,,https://www.youtube.com/watch?v=xr47oDj78nI
KireiLoL,,saJeS4baJPQ,Use The NARNIA Strategy and Abuse The Enemy,12,,,,,,,,,,https://www.youtube.com/watch?v=saJeS4baJPQ
KireiLoL,,Mga2WDMcFMA,Using FUNDAMENTALS vs the Rank 1 Jungler,32,,,,,,,,,,https://www.youtube.com/watch?v=Mga2WDMcFMA
KireiLoL,,FOVFnLoFE5E,Using The NARNIA STRATEGY In Korea,16,,,,,,,,,,https://www.youtube.com/watch?v=FOVFnLoFE5E
KireiLoL,,M7WHohQmOYM,Using The NARNIA Strategy vs an LEC PRO,18,,,,,,,,,,https://www.youtube.com/watch?v=M7WHohQmOYM
KireiLoL,,icODTChPy7A,VIEGO JUNGLE BROKEN? - How to HARD Carry on Viego Jungle,36,,,,,,,,,,https://www.youtube.com/watch?v=icODTChPy7A
KireiLoL,,mRuBlHdGclI,Waiting For Them to Feed,17,,,,,,,,,,https://www.youtube.com/watch?v=mRuBlHdGclI
KireiLoL,,wyI8D0yDmcM,Want to get Master elo? - Apply these fundamentals,29,,,,,,,,,,https://www.youtube.com/watch?v=wyI8D0yDmcM
KireiLoL,,VIEep0g3n6U,Warwick BROKEN in High ELO?,27,,,,,,,,,,https://www.youtube.com/watch?v=VIEep0g3n6U
KireiLoL,,lBqobMscavs,What champions are the most broken at worlds this year? Patch 14.18 tierlist,8,,,,,,,,,,https://www.youtube.com/watch?v=lBqobMscavs
KireiLoL,,CbmSv7Db75k,What I Do To Win Games | Kirei,14,,,,,,,,,,https://www.youtube.com/watch?v=CbmSv7Db75k
KireiLoL,,pwuL8aSv8ro,What's My Job as a Brand Jungler? - Coach Kirei,25,,,,,,,,,,https://www.youtube.com/watch?v=pwuL8aSv8ro
KireiLoL,,3XwMmlzECu8,When a Rank 1 player Coaches Diamond players,36,,,,,,,,,,https://www.youtube.com/watch?v=3XwMmlzECu8
KireiLoL,,6AvNoXZfdOY,When Fundamentals meets Narnia - vs @AloisNL,18,,,,,,,,,,https://www.youtube.com/watch?v=6AvNoXZfdOY
KireiLoL,,-1m4pNbe-GA,When I Played Buffed Kindred Against Warwick!,18,,,,,,,,,,https://www.youtube.com/watch?v=-1m4pNbe-GA
KireiLoL,,ebFF9l9UVWM,Who Wins? Lee Sin vs. Nidalee  - Coach Kirei,26,,,,,,,,,,https://www.youtube.com/watch?v=ebFF9l9UVWM
KireiLoL,,dBP9K37useE,Why Champion Mastery is SO Important,20,,,,,,,,,,https://www.youtube.com/watch?v=dBP9K37useE
KireiLoL,,7qN8lzIB6og,Why Fullclearing is Losing You Games,19,,,,,,,,,,https://www.youtube.com/watch?v=7qN8lzIB6og
KireiLoL,,bJVBGTSNdsk,Why Low ELO Players Struggle – How to Get Out of Low Elo (Challenger Tips),29,,,,,,,,,,https://www.youtube.com/watch?v=bJVBGTSNdsk
KireiLoL,,7_BAxuk9rJI,Why Rank 1 Loses in Gold Elo?,23,,,,,,,,,,https://www.youtube.com/watch?v=7_BAxuk9rJI
KireiLoL,,xuqObqR1Pew,WHY SKIPPING CAMPS WINS YOU GAMES - HOW TO GET FREEKILLS EVERY GAME,16,,,,,,,,,,https://www.youtube.com/watch?v=xuqObqR1Pew
KireiLoL,,RADO6_4VKaU,WHY UR IN LOW ELO AND WHAT TO DO TO GET OUT OF IT,20,,,,,,,,,,https://www.youtube.com/watch?v=RADO6_4VKaU
KireiLoL,,kqTMcyVPyyg,Why You CAN'T Climb in Jungle (Harsh Truth),29,,,,,,,,,,https://www.youtube.com/watch?v=kqTMcyVPyyg
KireiLoL,,glAzz6dz5Mg,Why You Don't Climb - 5 Reasons - League Of Legends,7,,,,,,,,,,https://www.youtube.com/watch?v=glAzz6dz5Mg
KireiLoL,,uEjp9VymwxU,Why You Don't climb in Season 16 - How to ACTUALLY Climb in Jungle,22,,,,,,,,,,https://www.youtube.com/watch?v=uEjp9VymwxU
KireiLoL,,uKN1jarQ8i4,Why You Don’t Climb: Truth about Jungling - League of Legends,30,,,,,,,,,,https://www.youtube.com/watch?v=uKN1jarQ8i4
KireiLoL,,U3siGjQmGCY,Win a Game With 3 Losing Lanes,17,,,,,,,,,,https://www.youtube.com/watch?v=U3siGjQmGCY
KireiLoL,,l6FshFDvJcc,Win ANY Game From Behind As Jungler,25,,,,,,,,,,https://www.youtube.com/watch?v=l6FshFDvJcc
KireiLoL,,wSdE1R9tyHc,Win game from LVL 1 in high elo (works in low elo too),12,,,,,,,,,,https://www.youtube.com/watch?v=wSdE1R9tyHc
KireiLoL,,cjXx_R31Ng8,Win Games Playing NEW Champions Using JUNGLE Fundamentals,20,,,,,,,,,,https://www.youtube.com/watch?v=cjXx_R31Ng8
KireiLoL,,LnCrTaBYevs,Win More Games as Jungle - How to Snowball,20,,,,,,,,,,https://www.youtube.com/watch?v=LnCrTaBYevs
KireiLoL,,WUclNk9BZjQ,WIN with BAD DRAFTS with Fundamentals  - How to get out of low elo,29,,,,,,,,,,https://www.youtube.com/watch?v=WUclNk9BZjQ
KireiLoL,,NryFGLJ4iQg,WIN WITH JUNGLE FUNDAMENTALS (items overrated),24,,,,,,,,,,https://www.youtube.com/watch?v=NryFGLJ4iQg
KireiLoL,,agnaZhfV-O0,WORLD Record Rank 1 Broken down,38,,,,,,,,,,https://www.youtube.com/watch?v=agnaZhfV-O0
KireiLoL,,Y4TJXjJ-e4Q,XIN ZHAO JUNGLE on CRACK (How To 1v9 In Season 16),29,,,,,,,,,,https://www.youtube.com/watch?v=Y4TJXjJ-e4Q
KireiLoL,,zYYzTh_8318,❗ DIAMOND to CHALLENGER with this SECRET concept ❗ CARRY IN JUNGLE 1V9,21,,,,,,,,,,https://www.youtube.com/watch?v=zYYzTh_8318
KireiLoL,,667ybVxsYn8,👍How to carry in Jungle and CARRY low elo👍,25,,,,,,,,,,https://www.youtube.com/watch?v=667ybVxsYn8
KireiVODs,KireiLoL,79gr0FLgL4s,How to Play ELISE JUNGLE and Play by FUNDAMENTALS,32,,yes,yes,,yes,,,general,,https://www.youtube.com/watch?v=79gr0FLgL4s
KireiVODs,KireiLoL,-JjISBU-DxE,How to Play GRAVES JUNGLE and TAKE EVERY OBJECTIVE,25,,yes,yes,,yes,,,general,,https://www.youtube.com/watch?v=-JjISBU-DxE
KireiVODs,KireiLoL,RW7NLPPIvPE,How to Play KHA'ZIX and MASTER TEMPO,26,,yes,yes,,yes,,,general,,https://www.youtube.com/watch?v=RW7NLPPIvPE
KireiVODs,KireiLoL,Vyl0Ao8c2mM,How to Play KHA'ZIX JUNGLE and WIN THROUGH INSANE MACRO,35,,yes,yes,,yes,,,general,,https://www.youtube.com/watch?v=Vyl0Ao8c2mM
KireiVODs,KireiLoL,s7UJd01YxRM,How to Play LEE SIN and FULL CLEAR FOR WINS,28,,yes,yes,,yes,,,general,,https://www.youtube.com/watch?v=s7UJd01YxRM
KireiVODs,KireiLoL,RpArke-b3fM,How to Play LEE SIN JUNGLE and Use THE 15 MIN RULE,38,,yes,yes,,yes,,,general,,https://www.youtube.com/watch?v=RpArke-b3fM
KireiVODs,KireiLoL,deRVnADfZV8,How to Play LILLIA JUNGLE and 15 MIN RULE,11,,yes,yes,,yes,,,general,,https://www.youtube.com/watch?v=deRVnADfZV8
KireiVODs,KireiLoL,jLk0Ha0zxJ0,How to Play LILLIA JUNGLE and CARRY 3 LOSING LANES,32,,yes,yes,,yes,,,general,,https://www.youtube.com/watch?v=jLk0Ha0zxJ0
KireiVODs,KireiLoL,TPbwK8wy9LY,How to Play RENGAR JUNGLE and PLAY FROM BEHIND,31,,yes,yes,,yes,,,general,,https://www.youtube.com/watch?v=TPbwK8wy9LY
KireiVODs,KireiLoL,RITSSTmJqGY,How to Play RENGAR JUNGLE and Play the MID GAME,36,,yes,yes,,yes,,,general,,https://www.youtube.com/watch?v=RITSSTmJqGY
KireiVODs,KireiLoL,AHLwKg1aWpw,How to Play SYLAS JUNGLE and SMURF GAMES WITH FUNDAMENTALS,25,,yes,yes,,yes,,,general,,https://www.youtube.com/watch?v=AHLwKg1aWpw
KireiVODs,KireiLoL,fFyVzhanasw,How to Play WUKONG JUNGLE and Play From Behind (15MIN RULE GONE WRONG),34,,yes,yes,,yes,,,general,,https://www.youtube.com/watch?v=fFyVzhanasw
KireiVODs,,8YC3_KkoRDc,10 HOURS OF EDUCATIONAL SOLO QUEUE,595,,,,,,,,,,https://www.youtube.com/watch?v=8YC3_KkoRDc
KireiVODs,,A9EuZhwKWws,75% WINRATE LILLIA IN KOREA,422,,,,,,,,,,https://www.youtube.com/watch?v=A9EuZhwKWws
KireiVODs,,veeESBSDQGo,75% WINRATE LILLIA IN KOREA PART 2,377,,,,,,,,,,https://www.youtube.com/watch?v=veeESBSDQGo
KireiVODs,,RUjMH2UXLhc,AUTOFILLED MID AGAINST DOINB... EDUCATIONAL SOLO QUEUE,405,,,,,,,,,,https://www.youtube.com/watch?v=RUjMH2UXLhc
KireiVODs,,kgfNQlstTDg,BULLYING SINERIAS IN KOREA,382,,,,,,,,,,https://www.youtube.com/watch?v=kgfNQlstTDg
KireiVODs,,CYjzUk6jfbg,COOKING MY WAY TO RANK 1 KOREA,468,,,,,,,,,,https://www.youtube.com/watch?v=CYjzUk6jfbg
KireiVODs,,4HLcGkYm1VM,DAY 1 IRON TO RANK 1 KOREA - FULL DAY NARNIA,92,,,,,,,,,,https://www.youtube.com/watch?v=4HLcGkYm1VM
KireiVODs,,NWmgBEL_7tg,DAY 9 IRON TO CHALLENGER IN KOREA LOCKED IN PART,362,,,,,,,,,,https://www.youtube.com/watch?v=NWmgBEL_7tg
KireiVODs,,OC6oomqHCP4,DAY 9 IRON TO CHALLENGER IN KOREA LOCKED IN PART 1,395,,,,,,,,,,https://www.youtube.com/watch?v=OC6oomqHCP4
KireiVODs,,fSWSJebfLms,EDUCATIONAL DAY ON MY MAINS IN KOREA,380,,,,,,,,,,https://www.youtube.com/watch?v=fSWSJebfLms
KireiVODs,,J-WxNvX_Ym0,EDUCATIONAL KOREAN SOLOQ ALWAYS IMPROVE,361,,,,,,,,,,https://www.youtube.com/watch?v=J-WxNvX_Ym0
KireiVODs,,BKZ2xW_DMWE,EDUCATIONAL SOLO QUEUE IN KOREA,363,,,,,,,,,,https://www.youtube.com/watch?v=BKZ2xW_DMWE
KireiVODs,,lSF6UMqT0gs,ELISE MASTER CLASS IN KOREA,385,,,,,,,,,,https://www.youtube.com/watch?v=lSF6UMqT0gs
KireiVODs,,_X1XJMYWo8s,FULL DAY EDUCATIONAL CLIMB IN KOREA,327,,,,,,,,,,https://www.youtube.com/watch?v=_X1XJMYWo8s
KireiVODs,,iipkrDAgQ2c,FULL DAY of ABUSING OP CHAMPIONS before KOREA,260,,,,,,,,,,https://www.youtube.com/watch?v=iipkrDAgQ2c
KireiVODs,,CxMsqBeHgmw,FULL DAY OF EDUCATIONAL KOREAN SOLOQ,475,,,,,,,,,,https://www.youtube.com/watch?v=CxMsqBeHgmw
KireiVODs,,107IIvlkXh0,FULL DAY OF PLAYING IN MASTER ELO KOREA,417,,,,,,,,,,https://www.youtube.com/watch?v=107IIvlkXh0
KireiVODs,,-ZI8HIhwNw8,FULL DAY OF PLAYING LILLIA IN KOREA,561,,,,,,,,,,https://www.youtube.com/watch?v=-ZI8HIhwNw8
KireiVODs,,NlqN1W4Ag2s,FULL EDUCATIONAL NEW BROKEN NAAFIRI IS HERE!,112,,,,,,,,,,https://www.youtube.com/watch?v=NlqN1W4Ag2s
KireiVODs,,NDGdS11Wzkc,GETTING THE BREAD IN KOREAN SOLO QUEUE,425,,,,,,,,,,https://www.youtube.com/watch?v=NDGdS11Wzkc
KireiVODs,,jiwz8OFsFUs,How to  Play NIDALEE JUNGLE and CARRY GAMES After Getting Invaded,18,,,,,,,,,,https://www.youtube.com/watch?v=jiwz8OFsFUs
KireiVODs,,D5TXFrQkxIs,How to DOMINATE on GRAVES JUNGLE in SEASON 16 (INSANE COMEBACK),32,,,,,,,,,,https://www.youtube.com/watch?v=D5TXFrQkxIs
KireiVODs,,mzxBeBNmQlw,How to Play AMBESSA JUNGLE and 1V9 The Game,37,,,,,,,,,,https://www.youtube.com/watch?v=mzxBeBNmQlw
KireiVODs,,yoc_cfOJs7w,How to Play AMBESSA JUNGLE and Play Around Your Spike,30,,,,,,,,,,https://www.youtube.com/watch?v=yoc_cfOJs7w
KireiVODs,,jYG4pm-QFf0,How to Play AMUMU JUNGLE and WIN YOUR GAMES,36,,,,,,,,,,https://www.youtube.com/watch?v=jYG4pm-QFf0
KireiVODs,,P-xRLV4kej0,How to Play AP XIN ZHAO and CARRY EVERY GAME,25,,,,,,,,,,https://www.youtube.com/watch?v=P-xRLV4kej0
KireiVODs,,sh_Z9CWnepg,How to Play BEL'VET JUNGLE And DESTROY Your Opponents,18,,,,,,,,,,https://www.youtube.com/watch?v=sh_Z9CWnepg
KireiVODs,,4Lzpcz1Sfho,How to Play BEL'VETH JUNGLE and UNDERSTAND THE MACRO,22,,,,,,,,,,https://www.youtube.com/watch?v=4Lzpcz1Sfho
KireiVODs,,FbDWZd4s18k,How to Play BELVETH JUNGLE and SOLO CARRY GAMES,24,,,,,,,,,,https://www.youtube.com/watch?v=FbDWZd4s18k
KireiVODs,,KSNv2xa5Dvg,How to Play BRAND JUNGLE (GIGA OVERPOWERED),18,,,,,,,,,,https://www.youtube.com/watch?v=KSNv2xa5Dvg
KireiVODs,,LQCoIK0Tw_A,How to Play DIANA JUNGLE and Make ENEMY'S FF AT 15,16,,,,,,,,,,https://www.youtube.com/watch?v=LQCoIK0Tw_A
KireiVODs,,3wAYsZIydiY,How to Play DIANA JUNGLE and Use THE 15 MIN RULE,23,,,,,,,,,,https://www.youtube.com/watch?v=3wAYsZIydiY
KireiVODs,,FbAacR5MeUU,How to Play Ekko Jungle Carry Your Games,26,,,,,,,,,,https://www.youtube.com/watch?v=FbAacR5MeUU
KireiVODs,,2Kf4bPfDq58,How to Play ELISE JUNGLE and 15 MIN RULE (ENEMY TRIED TO COUNTER),21,,,,,,,,,,https://www.youtube.com/watch?v=2Kf4bPfDq58
KireiVODs,,ETygDFelZLo,How to Play ELISE JUNGLE and ABUSE 15 MIN RULE,35,,,,,,,,,,https://www.youtube.com/watch?v=ETygDFelZLo
KireiVODs,,iXA8a5mZcXE,How to Play ELISE JUNGLE and COUNTER JUNGLE,18,,,,,,,,,,https://www.youtube.com/watch?v=iXA8a5mZcXE
KireiVODs,,OrIaozsCUS8,How to Play Elise Jungle and DESTROY BROHAN AND UPSET,34,,,,,,,,,,https://www.youtube.com/watch?v=OrIaozsCUS8
KireiVODs,,-PE8HKZVjCI,How to Play ELISE JUNGLE and SOLO CARRY Your Games,15,,,,,,,,,,https://www.youtube.com/watch?v=-PE8HKZVjCI
KireiVODs,,daWMewJPU6Y,How to Play EVELYNN JUNGLE and COMPLETELY CARRY GAMES,31,,,,,,,,,,https://www.youtube.com/watch?v=daWMewJPU6Y
KireiVODs,,FoXnJkm1JkU,How to Play FIDDLESTICKS JUNGLE and CARRY YOUR GAMES,20,,,,,,,,,,https://www.youtube.com/watch?v=FoXnJkm1JkU
KireiVODs,,nBp-syUdIk4,How to Play GRAVES JUNGLE and ABUSE LEVEL 1,15,,,,,,,,,,https://www.youtube.com/watch?v=nBp-syUdIk4
KireiVODs,,qKRWArYTy-A,How to Play GRAVES JUNGLE and Play Around BASE TIMERS,22,,,,,,,,,,https://www.youtube.com/watch?v=qKRWArYTy-A
KireiVODs,,hXrkPRNnTBs,How to Play GRAVES JUNGLE and PLAY FOR OBJECTIVES,26,,,,,,,,,,https://www.youtube.com/watch?v=hXrkPRNnTBs
KireiVODs,,_ANlylfkOPc,How to Play GRAVES JUNGLE and SOLO CARRY EVERY GAME,28,,,,,,,,,,https://www.youtube.com/watch?v=_ANlylfkOPc
KireiVODs,,HqQlKPc5Gik,How to Play GRAVES JUNGLE and Use my NEW STRATEGY,19,,,,,,,,,,https://www.youtube.com/watch?v=HqQlKPc5Gik
KireiVODs,,f9lQj2J06GI,How to Play Hecarim and 1V9,34,,,,,,,,,,https://www.youtube.com/watch?v=f9lQj2J06GI
KireiVODs,,ie5ALmFOhbI,How to Play HECARIM JUNGLE and CARRY BY FULLCLEARING,20,,,,,,,,,,https://www.youtube.com/watch?v=ie5ALmFOhbI
KireiVODs,,GpjJYgZb-qI,How to Play HECARIM JUNGLE and DESTROY your Opponent,25,,,,,,,,,,https://www.youtube.com/watch?v=GpjJYgZb-qI
KireiVODs,,16z5-pcAQhs,How to Play JARVAN JUNGLE and SOLO CARRY GAMES,33,,,,,,,,,,https://www.youtube.com/watch?v=16z5-pcAQhs
KireiVODs,,cBddL_Pe9mY,How to Play KHA'ZIX and CARRY YOUR GAMES,29,,,,,,,,,,https://www.youtube.com/watch?v=cBddL_Pe9mY
KireiVODs,,kG6VywTqkHc,How to Play Kha'zix and Control the Game,20,,,,,,,,,,https://www.youtube.com/watch?v=kG6VywTqkHc
KireiVODs,,BG-LtgqwU6Y,How to Play KHA'ZIX JUNGLE and PLAY AS A ASSASIN,21,,,,,,,,,,https://www.youtube.com/watch?v=BG-LtgqwU6Y
KireiVODs,,itv_wqGAou4,How to Play KINDRED JUNGLE and 1V9,25,,,,,,,,,,https://www.youtube.com/watch?v=itv_wqGAou4
KireiVODs,,BZB3jSWoq-I,How to Play KINDRED JUNGLE and SOLO CARRY YOUR GAME,24,,,,,,,,,,https://www.youtube.com/watch?v=BZB3jSWoq-I
KireiVODs,,Z5VZFcJGXYo,How to Play LEE SIN and Carry Every Game,15,,,,,,,,,,https://www.youtube.com/watch?v=Z5VZFcJGXYo
KireiVODs,,gx1Ak7wgnCM,How to Play LEE SIN JUNGLE and HAVE PERFECT DECISION MAKING,29,,,,,,,,,,https://www.youtube.com/watch?v=gx1Ak7wgnCM
KireiVODs,,VSN3Ns3T6Uo,How to Play LEE SIN JUNGLE and Smurf Games,25,,,,,,,,,,https://www.youtube.com/watch?v=VSN3Ns3T6Uo
KireiVODs,,2JooLUAzrSQ,How to play LILLIA JUNGLE  (FULL EDUCATIONAL),22,,,,,,,,,,https://www.youtube.com/watch?v=2JooLUAzrSQ
KireiVODs,,XP9Wq1iRebE,How to Play LILLIA JUNGLE and CARRY YOUR GAMES,22,,,,,,,,,,https://www.youtube.com/watch?v=XP9Wq1iRebE
KireiVODs,,nP7GljInH5Q,How to Play LILLIA JUNGLE and SOLO CARRY YOUR GAMES,29,,,,,,,,,,https://www.youtube.com/watch?v=nP7GljInH5Q
KireiVODs,,sbvdoD7XyCo,How to Play Master Yi JUNGLE and Carry Your Team,19,,,,,,,,,,https://www.youtube.com/watch?v=sbvdoD7XyCo
KireiVODs,,QA9bqk8uT5k,How to Play NAAFIRI JUNGLE and 1V9,28,,,,,,,,,,https://www.youtube.com/watch?v=QA9bqk8uT5k
KireiVODs,,otYrLyuBr3k,How to Play NAAFIRI JUNGLE and Remove Your Opponent From the Game,15,,,,,,,,,,https://www.youtube.com/watch?v=otYrLyuBr3k
KireiVODs,,xFGUc93nN4w,How to Play NAAFIRI JUNGLE and WIN EVERY FIGHT,24,,,,,,,,,,https://www.youtube.com/watch?v=xFGUc93nN4w
KireiVODs,,DnE99xVyOXc,How to Play NASUS JUNGLE and GET 1000 STACKS EVERY GAME,38,,,,,,,,,,https://www.youtube.com/watch?v=DnE99xVyOXc
KireiVODs,,G5B-8xFawjM,How to Play NASUS JUNGLE and PLAY FROM BEHIND,26,,,,,,,,,,https://www.youtube.com/watch?v=G5B-8xFawjM
KireiVODs,,UZAT4ydZFCQ,How to Play NIDALEE JUNGLE and Carry Your Games,15,,,,,,,,,,https://www.youtube.com/watch?v=UZAT4ydZFCQ
KireiVODs,,YuU-KM7D_5o,How to Play NIDALEE JUNGLE And Carry Your Team,26,,,,,,,,,,https://www.youtube.com/watch?v=YuU-KM7D_5o
KireiVODs,,ug3JMrgg5tg,How to Play NIDALEE JUNGLE and SMURF GAMES,27,,,,,,,,,,https://www.youtube.com/watch?v=ug3JMrgg5tg
KireiVODs,,Ba3jXTt5KpM,How to Play NIDALEE JUNGLE and SNOWBALL GAMES,34,,,,,,,,,,https://www.youtube.com/watch?v=Ba3jXTt5KpM
KireiVODs,,LgdoWvmKmQ4,How to Play NOCTURNE JUNGLE and ABUSING 15 MIN RULE,27,,,,,,,,,,https://www.youtube.com/watch?v=LgdoWvmKmQ4
KireiVODs,,sxQIc2uSM5E,How to Play Nocturne Jungle and Carry Games (FULL EDUCATIONAL),23,,,,,,,,,,https://www.youtube.com/watch?v=sxQIc2uSM5E
KireiVODs,,lTLPDaOzr6Y,How to Play OLAF JUNGLE and 1V9 (BUFFED OLAF OP!?),25,,,,,,,,,,https://www.youtube.com/watch?v=lTLPDaOzr6Y
KireiVODs,,zQXmQbq2yyk,How to Play Pantheon Jungle Using The Fundamentals,29,,,,,,,,,,https://www.youtube.com/watch?v=zQXmQbq2yyk
KireiVODs,,QSSc9sPx8XQ,How to Play REK'SAI JUNGLE and PERMA GANK LIKE A PRO,16,,,,,,,,,,https://www.youtube.com/watch?v=QSSc9sPx8XQ
KireiVODs,,Qu-SNwFNxao,"How to Play REK'SAI JUNGLE in Season 16, INSANE GAP",27,,,,,,,,,,https://www.youtube.com/watch?v=Qu-SNwFNxao
KireiVODs,,37LL5ayfw_Q,How to Play RENGAR JUNGLE and CARRY BY FULL CLEARING,33,,,,,,,,,,https://www.youtube.com/watch?v=37LL5ayfw_Q
KireiVODs,,3u0qHguRWyU,How to Play RENGAR JUNGLE and CARRY YOUR GAMES,37,,,,,,,,,,https://www.youtube.com/watch?v=3u0qHguRWyU
KireiVODs,,hoZwgz8jYAY,How to Play RENGAR JUNGLE and HARD CARRY,37,,,,,,,,,,https://www.youtube.com/watch?v=hoZwgz8jYAY
KireiVODs,,sqYBtGzkWhE,How to Play SHYVANNA JUNGLE and CARRY GAMES,27,,,,,,,,,,https://www.youtube.com/watch?v=sqYBtGzkWhE
KireiVODs,,qeM-XACcsPI,How to Play SHYVANNA JUNGLE and CARRY YOUR GAMES,26,,,,,,,,,,https://www.youtube.com/watch?v=qeM-XACcsPI
KireiVODs,,USHyDkL_PqU,How to Play TALIYAH JUNGLE and CARRY GAMES,31,,,,,,,,,,https://www.youtube.com/watch?v=USHyDkL_PqU
KireiVODs,,FOSCmJcffwg,How to Play TALIYAH JUNGLE and Close Out Hard Games,38,,,,,,,,,,https://www.youtube.com/watch?v=FOSCmJcffwg
KireiVODs,,tezic_KjIbA,How to Play TALON JUNGLE and Carry Every Game,28,,,,,,,,,,https://www.youtube.com/watch?v=tezic_KjIbA
KireiVODs,,0zwZLuDE6A0,How to Play TALON JUNGLE and Make the Enemy FF in 15 MIN,15,,,,,,,,,,https://www.youtube.com/watch?v=0zwZLuDE6A0
KireiVODs,,z6umWD9hNcY,How to Play TALON JUNGLE and Play by ASSASIN FUNDAMENTALS,38,,,,,,,,,,https://www.youtube.com/watch?v=z6umWD9hNcY
KireiVODs,,GS9igMU-TIA,How to Play TRUNDLE JUNGLE and 1V9 EVERY GAME,26,,,,,,,,,,https://www.youtube.com/watch?v=GS9igMU-TIA
KireiVODs,,lnzgTOnBk00,How to Play UDYR JUNGLE and GAP your enemy's,18,,,,,,,,,,https://www.youtube.com/watch?v=lnzgTOnBk00
KireiVODs,,-IZrdEZOjd8,How to Play UDYR JUNGLE and WIN BAD GAMES,29,,,,,,,,,,https://www.youtube.com/watch?v=-IZrdEZOjd8
KireiVODs,,R00wVWx1erM,How to Play VIEGO JUNGLE and 1V9,40,,,,,,,,,,https://www.youtube.com/watch?v=R00wVWx1erM
KireiVODs,,DQ1Yv3cSNS4,How to Play VIEGO JUNGLE and CARRY IN SOLO QUEUE,15,,,,,,,,,,https://www.youtube.com/watch?v=DQ1Yv3cSNS4
KireiVODs,,FXGfoZwr4go,How to Play VIEGO JUNGLE and COMPLETELY DOMINATE The Game,33,,,,,,,,,,https://www.youtube.com/watch?v=FXGfoZwr4go
KireiVODs,,lig4dmTIw2g,How to Play VIEGO JUNGLE and DESTROY Your Opponent After Getting Level 1 Cheesed,29,,,,,,,,,,https://www.youtube.com/watch?v=lig4dmTIw2g
KireiVODs,,0eMqeV69iWU,How to play VIEGO JUNGLE and DESTROY YOUR OPPONENTS,24,,,,,,,,,,https://www.youtube.com/watch?v=0eMqeV69iWU
KireiVODs,,gwR8FztGYAQ,How to Play VIEGO JUNGLE and SOLO CARRY Every Game,33,,,,,,,,,,https://www.youtube.com/watch?v=gwR8FztGYAQ
KireiVODs,,a4aftBRL4_4,How to Play VIEGO JUNGLE From Behind,28,,,,,,,,,,https://www.youtube.com/watch?v=a4aftBRL4_4
KireiVODs,,rOKFIGbrcWE,How to Play VIEGO JUNGLE in SEASON 16 (COMPLETE 1V9),34,,,,,,,,,,https://www.youtube.com/watch?v=rOKFIGbrcWE
KireiVODs,,UYSSOUutGrg,How to Play WUKONG JUNGLE and CARRY A NOOB TEAM,35,,,,,,,,,,https://www.youtube.com/watch?v=UYSSOUutGrg
KireiVODs,,fVj91tfbxGo,How to Play WUKONG JUNGLE and CARRY GAMES,30,,,,,,,,,,https://www.youtube.com/watch?v=fVj91tfbxGo
KireiVODs,,Q_J8UzHvNWc,How to Play WUKONG JUNGLE and CARRY GAMES,35,,,,,,,,,,https://www.youtube.com/watch?v=Q_J8UzHvNWc
KireiVODs,,ERL_2eSxGXA,How to Play WUKONG JUNGLE and CARRY WITH MACRO,25,,,,,,,,,,https://www.youtube.com/watch?v=ERL_2eSxGXA
KireiVODs,,9sW6kVNoZ8w,How to Play WUKONG JUNGLE and Use a LVL 1 SUPRISE,26,,,,,,,,,,https://www.youtube.com/watch?v=9sW6kVNoZ8w
KireiVODs,,BDrfTHYSDqQ,How to Play XIN ZHAO JUNGLE and CARRY YOUR GAMES,36,,,,,,,,,,https://www.youtube.com/watch?v=BDrfTHYSDqQ
KireiVODs,,MmmoaYcFxSA,How to Play XIN ZHAO JUNGLE and GAIN LP FAST,23,,,,,,,,,,https://www.youtube.com/watch?v=MmmoaYcFxSA
KireiVODs,,TKVov4d6Zys,KOREAN SOLOQ FROM UNRANKED TO CHALLENGER,394,,,,,,,,,,https://www.youtube.com/watch?v=TKVov4d6Zys
KireiVODs,,hXkVSN0s_nE,MY LAST SREAM IN KOREA CAN I GET CHALLENGER!?,384,,,,,,,,,,https://www.youtube.com/watch?v=hXkVSN0s_nE
KireiVODs,,4skjw-ZoV64,PLAYING WITH ONER EDUCATIONAL KOREA SOLO QUEUE,363,,,,,,,,,,https://www.youtube.com/watch?v=4skjw-ZoV64
KireiVODs,,QBLOYUfYZ4M,PREPARING FOR KOREA AND SOME COACHING,175,,,,,,,,,,https://www.youtube.com/watch?v=QBLOYUfYZ4M
KireiVODs,,OgVr5bInnAw,SHOWING MY KINDRED IN KOREA,348,,,,,,,,,,https://www.youtube.com/watch?v=OgVr5bInnAw
KireiVODs,,Bq4o-6EWgrQ,So I tried KARTHUS in KOREA,398,,,,,,,,,,https://www.youtube.com/watch?v=Bq4o-6EWgrQ
KireiVODs,,ZkuhFrp4jPs,THE CLIMB TO CHALLENGER CONTINUES,571,,,,,,,,,,https://www.youtube.com/watch?v=ZkuhFrp4jPs
KireiVODs,,_brt0Bd13-M,Why i LOVE playing MY MAINS,598,,,,,,,,,,https://www.youtube.com/watch?v=_brt0Bd13-M
KireiVODs,,YLaW24JQUik,WILL I GET CHALLENGER KOREA?,404,,,,,,,,,,https://www.youtube.com/watch?v=YLaW24JQUik
PerryJG,,LgLwYOsSWY0,"""im the only good jungle in the tournament"" - Tarzaned #fyp #xyzbca #foryoupage #viral #perryjg",,2300,,,,,,,,,https://www.youtube.com/watch?v=LgLwYOsSWY0
PerryJG,,-qeXMh315Hk,#twitch #twitchstreamer #riot #leagueoflegends #gamer,,2500,,,,,,,,,https://www.youtube.com/watch?v=-qeXMh315Hk
PerryJG,,PKxj2dQYbAQ,#twitch #twitchstreamer #riot #leagueoflegends #gamer,,139,,,,,,,,,https://www.youtube.com/watch?v=PKxj2dQYbAQ
PerryJG,,GYAy8CRBdKs,#twitch #twitchstreamer #riot #leagueoflegends #gamer #coach,,758,,,,,,,,,https://www.youtube.com/watch?v=GYAy8CRBdKs
PerryJG,,s19o7-pWTK4,. | perryjg on #Twitch,,281,,,,,,,,,https://www.youtube.com/watch?v=s19o7-pWTK4
PerryJG,,mH5ohcj0dTY,11/3 adc vs 3/6 JG btw | perryjg on #Twitch,,6200,,,,,,,,,https://www.youtube.com/watch?v=mH5ohcj0dTY
PerryJG,,jQIa8SbjkOk,1200 CHAMP DMG SMITE HACK,,3500,,,,,,,,,https://www.youtube.com/watch?v=jQIa8SbjkOk
PerryJG,,298gaGOegVo,1871 LP Rank 2 Peak | Explaining Waves Educational | !guide !viego !metafy !coaching,247,,,,,,,,,,https://www.youtube.com/watch?v=298gaGOegVo
PerryJG,,xi3hfcZDQYk,1871 LP Rank 2 Peak | Explaining Waves Educational | !guide !viego !metafy !coaching,1,,,,,,,,,,https://www.youtube.com/watch?v=xi3hfcZDQYk
PerryJG,,6A3fFDH-95g,1871 LP Rank 2 Peak | Unranked - Diamond Shyvana Educational,451,,,,,,,,,,https://www.youtube.com/watch?v=6A3fFDH-95g
PerryJG,,VSiAYFidbdM,1871 LP Rank 2 Peak | Unranked - Diamond Udyr Educational,260,,,,,,,,,,https://www.youtube.com/watch?v=VSiAYFidbdM
PerryJG,,AZlV7Tcfwo8,19 Y/O Challenger Pro Jungle Gameplay | Carrying Alicopter | Currently Rank 17,23,,,,,,,,,,https://www.youtube.com/watch?v=AZlV7Tcfwo8
PerryJG,,-JuZ-NVldok,19 Y/O Challenger Pro Shows You How To Close Games Out As Jarvan | Gameplay Commentary,24,,,,,,,,,,https://www.youtube.com/watch?v=-JuZ-NVldok
PerryJG,,zHPB0tkCGm4,1v5 diana | perryjg on #Twitch,,2700,,,,,,,,,https://www.youtube.com/watch?v=zHPB0tkCGm4
PerryJG,,VlsegUGtI5U,1V9 Chinese Lee Sin Jungle | Challenger Gameplay,8,,,,,,,,,,https://www.youtube.com/watch?v=VlsegUGtI5U
PerryJG,,KqJdLWo87GY,1v9 Hidden Kayn Mechanic #fyp #xyzbca #foryoupage #viral,,7200,,,,,,,,,https://www.youtube.com/watch?v=KqJdLWo87GY
PerryJG,,_aI2hF7UM9Y,1v9 kindo machine,,9400,,,,,,,,,https://www.youtube.com/watch?v=_aI2hF7UM9Y
PerryJG,,nFzjUmzXBz4,"1v9ing the HARDEST, SWEATIEST GAME I'VE PLAYED THIS YEAR...",35,,,,,,,,,,https://www.youtube.com/watch?v=nFzjUmzXBz4
PerryJG,,VzSeHFYhuIc,2 TIPS TO CLIMB IN ANY ELO l perryjg on twitch,,7300,,,,,,,,,https://www.youtube.com/watch?v=VzSeHFYhuIc
PerryJG,,tOu1lP9b9h8,2-0 VS Team Liquid #riot #gaming #game #gamer #leaguememes #leagueoflegends #leagueoflegendscosplay,,109,,,,,,,,,https://www.youtube.com/watch?v=tOu1lP9b9h8
PerryJG,,bQBGhKslitY,2025 META 😅 l perryjg on twitch,,18000,,,,,,,,,https://www.youtube.com/watch?v=bQBGhKslitY
PerryJG,,yxjauO0Nk3U,2V8 In Challenger I'M THE KING#fyp #xyzbca #foryoupage #viral #perryjg,,1100,,,,,,,,,https://www.youtube.com/watch?v=yxjauO0Nk3U
PerryJG,,jnBtKe6bCjo,3 Losing Lanes? DOESN'T MATTER! Use Fundamentals To Your Advantage,58,,,,,,,,,,https://www.youtube.com/watch?v=jnBtKe6bCjo
PerryJG,,KAhQGOAlomE,3 SIMPLE TIPS to INSTANTLY improve your Ranked Climb!,11,,,,,,,,,,https://www.youtube.com/watch?v=KAhQGOAlomE
PerryJG,,jhsixAA0jgY,3:02 Ambessa Jungle Clear #leagueoflegends #ambessa,,350000,,,,,,,,,https://www.youtube.com/watch?v=jhsixAA0jgY
PerryJG,,EQxnVqsx9bs,4v5 THANOS JAX | Doaenel Tournament | perryjg on #Twitch,,8700,,,,,,,,,https://www.youtube.com/watch?v=EQxnVqsx9bs
PerryJG,,7SeZPwVypdU,520 LP start | CLIMB TO CHALLENGER DAY 7/15,45,,,,,,,,,,https://www.youtube.com/watch?v=7SeZPwVypdU
PerryJG,,Vem3IJv-K0M,7 day ban for this... Deserved?,19,,,,,,,,,,https://www.youtube.com/watch?v=Vem3IJv-K0M
PerryJG,,MlbrTbcZ1f0,9 DEATHS BUT NOT HIS FAULT  l perryjg on twitch,,24000,,,,,,,,,https://www.youtube.com/watch?v=MlbrTbcZ1f0
PerryJG,,9v_kZfxLisc,?!XD | perryjg on #Twitch,,2900,,,,,,,,,https://www.youtube.com/watch?v=9v_kZfxLisc
PerryJG,,78duUqE2_yA,@Agurinlol  Had No Idea Who I Was…  So I Fixed That 😤,23,,,,,,,,,,https://www.youtube.com/watch?v=78duUqE2_yA
PerryJG,,uCywLgMeZQc,@Arktheos HATES VIEGO 😂 l perryjg on twitch,,8500,,,,,,,,,https://www.youtube.com/watch?v=uCywLgMeZQc
PerryJG,,UuaDWPURBDI,@KatEvolved IS TOO GOOD ON SUPPORT 🤯 l perryjg on twitch,,6600,,,,,,,,,https://www.youtube.com/watch?v=UuaDWPURBDI
PerryJG,,MGaKNIyWIEc,@LolElekktro WANTS CHALLENGER - So I Coached Him On Viego,73,,,,,,,,,,https://www.youtube.com/watch?v=MGaKNIyWIEc
PerryJG,,7w-uQfWUb4Y,@ludwig HATES KAYN 😂 l perryjg on twitch,,30000,,,,,,,,,https://www.youtube.com/watch?v=7w-uQfWUb4Y
PerryJG,,HklkvVCb3hc,@ludwig WHAT WAS THAT 🔥 l perryjg on twitch,,29000,,,,,,,,,https://www.youtube.com/watch?v=HklkvVCb3hc
PerryJG,,VUjCS7VkXlM,@Pobelt LOVES MY VIEGO ☺️ l perryjg on twitch,,28000,,,,,,,,,https://www.youtube.com/watch?v=VUjCS7VkXlM
PerryJG,,brM2r8s6PAw,A bit of Jax gaming | #league #leagueoflegends #riotgames #fyp #streamer #twitch,,1700,,,,,,,,,https://www.youtube.com/watch?v=brM2r8s6PAw
PerryJG,,Xx9TFCILXdc,A DISCROD CALL WENT SOUTH !  l perryjg on twitch,,6100,,,,,,,,,https://www.youtube.com/watch?v=Xx9TFCILXdc
PerryJG,,lT1qGr5hVZM,A FED KAYN WITH YUUMI.. l perryjg on twitch,,90000,,,,,,,,,https://www.youtube.com/watch?v=lT1qGr5hVZM
PerryJG,,ri_IuT9o9TQ,A GAME CHANGER TIP ! l perryjg on twitch,,8800,,,,,,,,,https://www.youtube.com/watch?v=ri_IuT9o9TQ
PerryJG,,FVU_L0AWeW4,A MUST ON VIEGO 🧐 l perryjg on twitch,,10000,,,,,,,,,https://www.youtube.com/watch?v=FVU_L0AWeW4
PerryJG,,M7YZleXCT3Q,A VIEGO BUG 🤨 l perryjg on twitch,,8000,,,,,,,,,https://www.youtube.com/watch?v=M7YZleXCT3Q
PerryJG,,Tgsj-5dOsZk,Ability Haste Cooldown Calculator | Use This Sheet EVERY GAME,4,,,,,,,,,,https://www.youtube.com/watch?v=Tgsj-5dOsZk
PerryJG,,5zIzwkZfMfw,ABUSE THE ENEMY BAD TEMPO 🤠l perryjg on twitch,,13000,,,,,,,,,https://www.youtube.com/watch?v=5zIzwkZfMfw
PerryJG,,AA24W4UQDPc,ABUSE THIS RULE 👀 l perryjg on twitch,,18000,,,,,,,,,https://www.youtube.com/watch?v=AA24W4UQDPc
PerryJG,,iBVytCUBXxg,ABUSE YOUR LANER PRIO 🧐 l perryjg on twitch,,15000,,,,,,,,,https://www.youtube.com/watch?v=iBVytCUBXxg
PerryJG,,VZN9F4ujjqo,ACCELERATE YOUR GAME🧐 l perryjg on twitch,,67000,,,,,,,,,https://www.youtube.com/watch?v=VZN9F4ujjqo
PerryJG,,uCOvOmdSotc,ACCERELATE YOUR GAME ⚡️ l perryjg on twitch,,10000,,,,,,,,,https://www.youtube.com/watch?v=uCOvOmdSotc
PerryJG,,mUgN54UlDGQ,AD or AP Volibear? Here's EXACTLY When to Pick Each 🐻,60,,,,,,,,,,https://www.youtube.com/watch?v=mUgN54UlDGQ
PerryJG,,WsW6TSYoYSs,AD VOLIBEAR IS THE NEW KING OF LOW ELO AND HE'S HERE TO STAY,44,,,,,,,,,,https://www.youtube.com/watch?v=WsW6TSYoYSs
PerryJG,,7u1N_WnlcGs,ADC players are OVERREACTING,,29000,,,,,,,,,https://www.youtube.com/watch?v=7u1N_WnlcGs
PerryJG,,o2aUxAQFXuA,Advanced HIGH ELO Jungle Tracking,,19000,,,,,,,,,https://www.youtube.com/watch?v=o2aUxAQFXuA
PerryJG,,tZbSmxQKTNg,Advanced Jungle Tracking,,47000,,,,,,,,,https://www.youtube.com/watch?v=tZbSmxQKTNg
PerryJG,,c5kTofRdrJ4,Advanced Jungle | What's next after I know the basics? (FULL VOD),109,,,,,,,,,,https://www.youtube.com/watch?v=c5kTofRdrJ4
PerryJG,,ggU2l4FINKU,Aegis of Valor is BROKEN,,11000,,,,,,,,,https://www.youtube.com/watch?v=ggU2l4FINKU
PerryJG,,F_rEkgjcds0,ALWAYS Know WHERE JUNGLERS ARE By Doing THIS - League Tips #1,16,,,,,,,,,,https://www.youtube.com/watch?v=F_rEkgjcds0
PerryJG,,RQ04fqGN9Go,ALWAYS PATH BOTSIDE ! l perryjg on twitch,,25000,,,,,,,,,https://www.youtube.com/watch?v=RQ04fqGN9Go
PerryJG,,ghCN2UWRnlY,ALWAYS play to LIVE,,17000,,,,,,,,,https://www.youtube.com/watch?v=ghCN2UWRnlY
PerryJG,,RA4OKJwJdPA,ALWAYS TRACK SUMS 🧐 l perryjg on twitch,,12000,,,,,,,,,https://www.youtube.com/watch?v=RA4OKJwJdPA
PerryJG,,TrgWOyGSg1Q,ALWAYS WATCH LANES | perryjg on twitch,,6400,,,,,,,,,https://www.youtube.com/watch?v=TrgWOyGSg1Q
PerryJG,,OxMEeFhqE8U,AMUMU ITEMIZATON GUIDE - The 4 BEST AMUMU BUILDS you need to try,12,,,,,,,,,,https://www.youtube.com/watch?v=OxMEeFhqE8U
PerryJG,,s2pT7y0UPHU,AMUMU'S THE CHAMP 🤩 l perryjg on twitch,,3800,,,,,,,,,https://www.youtube.com/watch?v=s2pT7y0UPHU
PerryJG,,x-yd5iss-yQ,ANNOYING PINGS? 😒 l perryjg on twitch,,9700,,,,,,,,,https://www.youtube.com/watch?v=x-yd5iss-yQ
PerryJG,,4Puv3u79zU4,ANOTHER S TIER TANK 🦂 l perryjg on twitch,,6800,,,,,,,,,https://www.youtube.com/watch?v=4Puv3u79zU4
PerryJG,,kgHQK_Fks4Q,ANY CHAMP CAN WORK l perryjg on twitch,,7500,,,,,,,,,https://www.youtube.com/watch?v=kgHQK_Fks4Q
PerryJG,,OkgDUeedlQQ,ARE GRUBS USELESS ? l perryjg on twitch,,8600,,,,,,,,,https://www.youtube.com/watch?v=OkgDUeedlQQ
PerryJG,,ObjdmaE5sl0,ARE MY MECHANICS BAD  ?? l perryjg on twitch,,12000,,,,,,,,,https://www.youtube.com/watch?v=ObjdmaE5sl0
PerryJG,,uukNfL3nZ-Y,ASCENDED 🤩l perryjg on twitch,,6500,,,,,,,,,https://www.youtube.com/watch?v=uukNfL3nZ-Y
PerryJG,,GeFFF7xIQNc,auto auto auto auto #fyp #xyzbca #foryoupage #viral #perryjg,,4100,,,,,,,,,https://www.youtube.com/watch?v=GeFFF7xIQNc
PerryJG,,6kYDI4C0rnY,AVERAGE JUNGLER EXPERIENCE 💀 l perryjg on twitch,,44000,,,,,,,,,https://www.youtube.com/watch?v=6kYDI4C0rnY
PerryJG,,VmWyLL4Tv7A,baby cage activated | #fyp #xyzbca #foryoupage #viral #perryjg,,3300,,,,,,,,,https://www.youtube.com/watch?v=VmWyLL4Tv7A
PerryJG,,QBh7pZdsnag,bad early game? watch this. | Platinum Coaching,12,,,,,,,,,,https://www.youtube.com/watch?v=QBh7pZdsnag
PerryJG,,sYGD4uRvn3Y,BASE DAMAGE META 😧l perryjg on twitch,,6000,,,,,,,,,https://www.youtube.com/watch?v=sYGD4uRvn3Y
PerryJG,,CugWN0uGzdU,based. don't play for kills - Challenger Advice #fyp #xyzbca #foryoupage #viral #perryjg,,4400,,,,,,,,,https://www.youtube.com/watch?v=CugWN0uGzdU
PerryJG,,kGMpXyVf_HE,BASICS NEVER CHANGE l perryjg on twitch,,5300,,,,,,,,,https://www.youtube.com/watch?v=kGMpXyVf_HE
PerryJG,,mTZXXcoGL78,BE CAREFUL ON LVL 1  | perryjg on Twitch,,35000,,,,,,,,,https://www.youtube.com/watch?v=mTZXXcoGL78
PerryJG,,iUl88oZfePE,BE DISCIPLINED 😤 l perryjg on twitch,,20000,,,,,,,,,https://www.youtube.com/watch?v=iUl88oZfePE
PerryJG,,xtHBDZF4gac,BE THE BOSS 😎 l perryjg on twitch,,27000,,,,,,,,,https://www.youtube.com/watch?v=xtHBDZF4gac
PerryJG,,QymUL21qfvY,BEATING AGURIN FOR NA 🇺🇸🦅 l perryjg on twitch,,9400,,,,,,,,,https://www.youtube.com/watch?v=QymUL21qfvY
PerryJG,,V7laTAdqdjk,BEFORE FUMBLING A GANK..WATCH l perryjg on twitch,,3500,,,,,,,,,https://www.youtube.com/watch?v=V7laTAdqdjk
PerryJG,,BtdSGQ-4eEM,BEFORE TAKING OBJECTIVES 🧠  l perryjg on twitch,,6800,,,,,,,,,https://www.youtube.com/watch?v=BtdSGQ-4eEM
PerryJG,,UPwhnrA3SNU,BEST CHAMPION RIGHT NOW ! l perryjg on Twitch,,44000,,,,,,,,,https://www.youtube.com/watch?v=UPwhnrA3SNU
PerryJG,,z0ubjOT8H-s,BEST CHAMPION RIGHT NOW 🤩 l perryjg on twitch,,15000,,,,,,,,,https://www.youtube.com/watch?v=z0ubjOT8H-s
PerryJG,,WbQGhGusxmE,BEST CHAMPION THIS PATCH 👀 l perryjg on twitch,,3500,,,,,,,,,https://www.youtube.com/watch?v=WbQGhGusxmE
PerryJG,,Wk3rP-88dVg,BEST CHAMPION THIS PATCH 👀 l perryjg on twitch,,8900,,,,,,,,,https://www.youtube.com/watch?v=Wk3rP-88dVg
PerryJG,,Oos0oqzG7hM,BEST CHAMPION THIS PATCH 🤩  l perryjg on twitch,,10000,,,,,,,,,https://www.youtube.com/watch?v=Oos0oqzG7hM
PerryJG,,hC72p4neJMY,BEST CHAMPIONS THIS PATCH l perryjg on twitch,,9600,,,,,,,,,https://www.youtube.com/watch?v=hC72p4neJMY
PerryJG,,w0gywKB4iZg,BEST Junglers after HUGE Item Changes 📈 TIERLIST debate with @Arktheos,72,,,,,,,,,,https://www.youtube.com/watch?v=w0gywKB4iZg
PerryJG,,gnubrcRoE0k,BEST JUNGLERS THIS PATCH l perryjg on twitch,,10000,,,,,,,,,https://www.youtube.com/watch?v=gnubrcRoE0k
PerryJG,,5w9lnojFITw,BEST S TIER CHAMPIONS 🌟l perryjg on twitch,,22000,,,,,,,,,https://www.youtube.com/watch?v=5w9lnojFITw
PerryJG,,TDnDT04d7Y4,BEST S TIER CHAMPIONS 🔥 l perryjg on twitch,,22000,,,,,,,,,https://www.youtube.com/watch?v=TDnDT04d7Y4
PerryJG,,_bFYLE--q2c,BEST S TIER CHAMPIONS 🧐 l perryjg on twitch,,3800,,,,,,,,,https://www.youtube.com/watch?v=_bFYLE--q2c
PerryJG,,l5j2OxwQxEg,BEST S TIER JUNGLERS l perryjg on twitch,,8200,,,,,,,,,https://www.youtube.com/watch?v=l5j2OxwQxEg
PerryJG,,8zI3XqiwRuY,BEST TIMING FOR AN INVADE l perryjg on twitch,,5200,,,,,,,,,https://www.youtube.com/watch?v=8zI3XqiwRuY
PerryJG,,puD7umqfj4M,BEST VIEGO BUILDS l perryjg on twitch,,209000,,,,,,,,,https://www.youtube.com/watch?v=puD7umqfj4M
PerryJG,,ktMyOm5xk2M,better lee than oner  #league #leagueoflegends #riotgames #fyp #streamer #twitch,,3000,,,,,,,,,https://www.youtube.com/watch?v=ktMyOm5xk2M
PerryJG,,nHsIGPPTDN0,BISCUITS DIFF 😎  l perryjg on twitch,,19000,,,,,,,,,https://www.youtube.com/watch?v=nHsIGPPTDN0
PerryJG,,aN3V2tA7mpM,BLUE KAYN GOING CRAAAZY l perryjg on twitch,,4500,,,,,,,,,https://www.youtube.com/watch?v=aN3V2tA7mpM
PerryJG,,uPpE084EZmM,BOT LANE IS YOUR WINCON ! l perryjg on twitch,,3700,,,,,,,,,https://www.youtube.com/watch?v=uPpE084EZmM
PerryJG,,xFY32WXIL0g,BOTLANE OVER TOPLANE ! l perryjg on twitch,,8100,,,,,,,,,https://www.youtube.com/watch?v=xFY32WXIL0g
PerryJG,,Osqz9rkjxoc,BRAIN WORKING OVERTIME 🧠 l perryjg on twitch,,4500,,,,,,,,,https://www.youtube.com/watch?v=Osqz9rkjxoc
PerryJG,,dotR4e2Alvw,BREAK THIS HABIT 🧠 l perryjg on twitch,,7000,,,,,,,,,https://www.youtube.com/watch?v=dotR4e2Alvw
PerryJG,,a4VWFGsBj1E,Breaking Down LOW ELO MISTAKES and HOW TO FIX THEM!,43,,,,,,,,,,https://www.youtube.com/watch?v=a4VWFGsBj1E
PerryJG,,xySo8kjLfRg,BREAKING MY VIEWER'S EGO 😤 l perryjg on twitch,,7900,,,,,,,,,https://www.youtube.com/watch?v=xySo8kjLfRg
PerryJG,,3wMc461WDqs,BRIAR IS S TIER THIS PATCH 💥 l perryjg on twitch,,18000,,,,,,,,,https://www.youtube.com/watch?v=3wMc461WDqs
PerryJG,,-X1EjJMlQeU,BRO CAN'T PLAY.. l perryjg on twitch,,4200,,,,,,,,,https://www.youtube.com/watch?v=-X1EjJMlQeU
PerryJG,,InjZaJxxwCY,BRO VANISHED 💀  l perryjg on twitch,,15000,,,,,,,,,https://www.youtube.com/watch?v=InjZaJxxwCY
PerryJG,,clkrTB58g1g,BRO'S PLAYING TALIYAH IN BRONZE 💀 l perryjg on twitch,,5900,,,,,,,,,https://www.youtube.com/watch?v=clkrTB58g1g
PerryJG,,QVJUednfwnw,broke back 🅱iego | Perry,18,,,,,,,,,,https://www.youtube.com/watch?v=QVJUednfwnw
PerryJG,,opUf69wMHXU,Build THIS Item On VIEGO | We've Been Wrong This Whole Time,1,,,,,,,,,,https://www.youtube.com/watch?v=opUf69wMHXU
PerryJG,,oc7CyoQEuzo,But you can STILL Win. Watch this. - Dispelling the Low Elo Narrative as Amumu,47,,,,,,,,,,https://www.youtube.com/watch?v=oc7CyoQEuzo
PerryJG,,hCIxTQns4Xs,C9 BLABER LOSES SMITE FIGHTS? #fyp #xyzbca #foryoupage #viral #perryjg,,2200,,,,,,,,,https://www.youtube.com/watch?v=hCIxTQns4Xs
PerryJG,,0CBP-ra_BFs,Camera Control While Clearing,2,,,,,,,,,,https://www.youtube.com/watch?v=0CBP-ra_BFs
PerryJG,,wJ_M8-NfYZE,CAMILE IS FAIR?? WTF WAS THAT | perryjg on #Twitch,,5000,,,,,,,,,https://www.youtube.com/watch?v=wJ_M8-NfYZE
PerryJG,,Gxkis1c8vZU,Can a retired Pro beat a current Pro?,24,,,,,,,,,,https://www.youtube.com/watch?v=Gxkis1c8vZU
PerryJG,,jiVHd_7-Gpc,CAN U TELL ? l perryjg on twitch,,3600,,,,,,,,,https://www.youtube.com/watch?v=jiVHd_7-Gpc
PerryJG,,m13HFdmJR1s,"Carrying Clash for Content (ft. ioki, Geranimo, Hot Eboy Xerath, Body Those Fools)",17,,,,,,,,,,https://www.youtube.com/watch?v=m13HFdmJR1s
PerryJG,,2vEMY51ZIbg,Carrying Pink Ward In A Lost Game As Viego VS Graves (Jungle) (Full Game),36,,,,,,,,,,https://www.youtube.com/watch?v=2vEMY51ZIbg
PerryJG,,gn7NV27s09s,Challenger Clash Teamfight W IOKI,,1700,,,,,,,,,https://www.youtube.com/watch?v=gn7NV27s09s
PerryJG,,tg-dPNy5RVs,CHALLENGER COACH GETS COACHED BY #1 UDYR,34,,,,,,,,,,https://www.youtube.com/watch?v=tg-dPNy5RVs
PerryJG,,bo_Lqv5zn5Y,Challenger Coach Reveals How To Jungle On Lillia | Emerald Coaching,59,,,,,,,,,,https://www.youtube.com/watch?v=bo_Lqv5zn5Y
PerryJG,,U7OYrPW-xwI,Challenger Fingers #twitch #twitchstreamer #riot #leagueoflegends #gamer,,89,,,,,,,,,https://www.youtube.com/watch?v=U7OYrPW-xwI
PerryJG,,23SOZ0FS8Sg,challenger games be like #riot #gaming #game #gamer #leaguememes #leagueoflegends #league,,100,,,,,,,,,https://www.youtube.com/watch?v=23SOZ0FS8Sg
PerryJG,,L964cQirodg,Challenger Jarvan IV DOMINATES The Jungle VS Rank 14 | Fear Perry Gameplay,10,,,,,,,,,,https://www.youtube.com/watch?v=L964cQirodg
PerryJG,,r-xIzeGJ5fo,Challenger Jarvan IV DOMINATES The Jungle | Rank 7 Gameplay,29,,,,,,,,,,https://www.youtube.com/watch?v=r-xIzeGJ5fo
PerryJG,,NN9Eru4LPmk,challenger kindred #twitch #twitchstreamer #riot #leagueoflegends #gamer,,119,,,,,,,,,https://www.youtube.com/watch?v=NN9Eru4LPmk
PerryJG,,gWATG1idkaQ,Challenger Teaches you how to Climb | Challenger Jungle Master Yi Coaching,58,,,,,,,,,,https://www.youtube.com/watch?v=gWATG1idkaQ
PerryJG,,Vkc66VhLmzs,CHALLENGER TEAMFIGHT | perryjg on #Twitch,,2300,,,,,,,,,https://www.youtube.com/watch?v=Vkc66VhLmzs
PerryJG,,0bpFfIPEfNw,CHALLENGER VIEGO OUTPLAY... goes wrong...,,13000,,,,,,,,,https://www.youtube.com/watch?v=0bpFfIPEfNw
PerryJG,,fkuvGGbzZMI,Challenger Wave Understanding #twitch #twitchstreamer #riot #leagueoflegends #gamer,,442,,,,,,,,,https://www.youtube.com/watch?v=fkuvGGbzZMI
PerryJG,,TAEywSoNREg,Champion Ability Cooldown Calculator | This Spreadsheet Will IMPROVE The Way You Play League,3,,,,,,,,,,https://www.youtube.com/watch?v=TAEywSoNREg
PerryJG,,BD7Vmlk78sw,CHAMPS THAT CAN SOLO CARRY l perryjg on twitch,,33000,,,,,,,,,https://www.youtube.com/watch?v=BD7Vmlk78sw
PerryJG,,uHd2gH1odl8,Change your Zyra MENTALITY🌱 This is WHY she's on the Tierlist,25,,,,,,,,,,https://www.youtube.com/watch?v=uHd2gH1odl8
PerryJG,,N-f8GLMvgYc,CHEAP STRONG ITEM 👀 l perryjg on twitch,,9100,,,,,,,,,https://www.youtube.com/watch?v=N-f8GLMvgYc
PerryJG,,-j3SaWZN-_U,CHOMP 🐻‍❄️ l perryjg on twitch,,18000,,,,,,,,,https://www.youtube.com/watch?v=-j3SaWZN-_U
PerryJG,,1ThlDq-z1EE,CLIMBING WITH BEAR ⚡️l perryjg on twitch,,7600,,,,,,,,,https://www.youtube.com/watch?v=1ThlDq-z1EE
PerryJG,,TK9_lGP7QX0,CLOSE ONE 👀 l perryjg on twitch,,18000,,,,,,,,,https://www.youtube.com/watch?v=TK9_lGP7QX0
PerryJG,,l_OTR6Go8uI,CLOSE OUT games LIKE A PRO!,14,,,,,,,,,,https://www.youtube.com/watch?v=l_OTR6Go8uI
PerryJG,,EbQr0VzbYC8,CLOSE 👀 l perryjg on twitch,,15000,,,,,,,,,https://www.youtube.com/watch?v=EbQr0VzbYC8
PerryJG,,8aI35SDTonk,CLOSEST BASE RACE IVE EVER EXPERIENCED  | perryjg on #Twitch,,3000,,,,,,,,,https://www.youtube.com/watch?v=8aI35SDTonk
PerryJG,,15QU6Q3EM7U,Closing out the year with Ludwig's INSANE COMEBACK GAME...,51,,,,,,,,,,https://www.youtube.com/watch?v=15QU6Q3EM7U
PerryJG,,U93cI-htZfA,Clutch 1v2 In Challenger   | perryjg on #Twitch,,150,,,,,,,,,https://www.youtube.com/watch?v=U93cI-htZfA
PerryJG,,fyQ3JwqX6xc,CLUTCHING UP VS EGC | Maokai (FULL VOD),39,,,,,,,,,,https://www.youtube.com/watch?v=fyQ3JwqX6xc
PerryJG,,EKKEIaAlWx0,Coaching @ludwig  Friendliest Jungle Coach :) | NEW GLASSES,580,,,,,,,,,,https://www.youtube.com/watch?v=EKKEIaAlWx0
PerryJG,,6QWxWxrXMbM,Coaching @ludwig  Friendliest Jungle Coach :) | NEW GLASSES,135,,,,,,,,,,https://www.youtube.com/watch?v=6QWxWxrXMbM
PerryJG,,-58_c1tmse4,COACHING @ludwig  | Viego/J4/Kindred,293,,,,,,,,,,https://www.youtube.com/watch?v=-58_c1tmse4
PerryJG,,_qE626GX3CA,COACHING @ludwig OUT OF SILVER... (HE'S ACTUALLY 1V9 WHEN HE TRIES),29,,,,,,,,,,https://www.youtube.com/watch?v=_qE626GX3CA
PerryJG,,DDlv_vGQ1DQ,COACHING @ludwig 🧐l perryjg on twitch,,9900,,,,,,,,,https://www.youtube.com/watch?v=DDlv_vGQ1DQ
PerryJG,,OeKY2aWXN4A,COACHING @Nickich 😂 l perryjg on twitch,,49000,,,,,,,,,https://www.youtube.com/watch?v=OeKY2aWXN4A
PerryJG,,puEKe4BkFS0,Coaching an emerald player on a competitive team...,55,,,,,,,,,,https://www.youtube.com/watch?v=puEKe4BkFS0
PerryJG,,oVZcMY5JN9c,"COACHING HARDSTUCK MASTER WITH 2,000 GAMES… Can He Get Challenger?",76,,,,,,,,,,https://www.youtube.com/watch?v=oVZcMY5JN9c
PerryJG,,jRQ_sH9BYPA,Coaching into Climb to Chall Day 6/15,364,,,,,,,,,,https://www.youtube.com/watch?v=jRQ_sH9BYPA
PerryJG,,q-RmQnmz3tY,Coaching Ludwig but I'M MUTED for the first 10 MINUTES...,72,,,,,,,,,,https://www.youtube.com/watch?v=q-RmQnmz3tY
PerryJG,,BRTFid_jn2A,Coaching LUDWIG to go from ZERO TO HERO (INSANE COMEBACK GAME),30,,,,,,,,,,https://www.youtube.com/watch?v=BRTFid_jn2A
PerryJG,,JxNuKhH8jZo,Coaching Ludwig while MUTED again...,47,,,,,,,,,,https://www.youtube.com/watch?v=JxNuKhH8jZo
PerryJG,,opI5CiRdcZs,COACHING LUDWIG 👀  l perryjg on twitch,,13000,,,,,,,,,https://www.youtube.com/watch?v=opI5CiRdcZs
PerryJG,,YdjP8U9fAJs,COACHING LUDWIG 😂 l perryjg on twitch,,17000,,,,,,,,,https://www.youtube.com/watch?v=YdjP8U9fAJs
PerryJG,,U8chgo9a_zw,COACHING LUDWIG 😳 @ludwig l perryjg on twitch,,167000,,,,,,,,,https://www.youtube.com/watch?v=U8chgo9a_zw
PerryJG,,HuXb9DkMPYo,COMEBACK after getting INVADED,19,,,,,,,,,,https://www.youtube.com/watch?v=HuXb9DkMPYo
PerryJG,,eYwIx8UwfzY,COMMIT TO YOUR CHAMPION  l perryjg on twitch,,9500,,,,,,,,,https://www.youtube.com/watch?v=eYwIx8UwfzY
PerryJG,,kLGIMr9zUjE,COMMIT TO YOUR CHAMPION ✅ l perryjg on twitch,,5600,,,,,,,,,https://www.youtube.com/watch?v=kLGIMr9zUjE
PerryJG,,2HvWl7CxxD8,Common MISCONCEPTION About CHALL Players ❌ | perryjg on twitch,,18000,,,,,,,,,https://www.youtube.com/watch?v=2HvWl7CxxD8
PerryJG,,gINvyfS-TTA,COMPLETELY Breaking the Fundamentals and PERMAGANKING all game,19,,,,,,,,,,https://www.youtube.com/watch?v=gINvyfS-TTA
PerryJG,,cBifLE8zS2M,CONFUSED WHAT TO DO ? l perryjg on twitch,,3100,,,,,,,,,https://www.youtube.com/watch?v=cBifLE8zS2M
PerryJG,,iqhuzupJjtY,CONTROL THE MID GAME l perryjg on twitch,,6400,,,,,,,,,https://www.youtube.com/watch?v=iqhuzupJjtY
PerryJG,,pvfYavXQSAY,CoreJJ Inhouses Teamfight | #league #leagueoflegends #riotgames #fyp #streamer #twitch,,2000,,,,,,,,,https://www.youtube.com/watch?v=pvfYavXQSAY
PerryJG,,z6r6R_FE5TE,COSMIC DRIVE VOLI ⚡️ l perryjg on twitch,,6800,,,,,,,,,https://www.youtube.com/watch?v=z6r6R_FE5TE
PerryJG,,yb4c3LBpHiM,cracked jarvan combo,,318,,,,,,,,,https://www.youtube.com/watch?v=yb4c3LBpHiM
PerryJG,,HfliFHGfMjE,CRAZY Jungle Item Changes - Patch 25.18 Rundown,17,,,,,,,,,,https://www.youtube.com/watch?v=HfliFHGfMjE
PerryJG,,A-kIrpFAxiY,CRIT BUILD ON VIEGO..  l perryjg on twitch,,5900,,,,,,,,,https://www.youtube.com/watch?v=A-kIrpFAxiY
PerryJG,,h1F64MTE_1w,CRIT VIEGO IS BACK 😯 l perryjg on twitch,,42000,,,,,,,,,https://www.youtube.com/watch?v=h1F64MTE_1w
PerryJG,,SUIFqSanY9s,Crit Viego Is INSANELY Strong If You Know When to Pick Him!,70,,,,,,,,,,https://www.youtube.com/watch?v=SUIFqSanY9s
PerryJG,,a7y4eZ2MmmY,CRIT Viego might be broken...,28,,,,,,,,,,https://www.youtube.com/watch?v=a7y4eZ2MmmY
PerryJG,,u6thvsgiYmU,CRUSHING DSG AS KINDRED JUNGLE | FEAR Perry (Full VOD),31,,,,,,,,,,https://www.youtube.com/watch?v=u6thvsgiYmU
PerryJG,,qBkCYX_i4BU,CRUSHING my STUDENT'S Viego... ft. Elekktro,29,,,,,,,,,,https://www.youtube.com/watch?v=qBkCYX_i4BU
PerryJG,,Z8Tt0Kwpj2Q,Cursor Control | Fighting Mechanics,2,,,,,,,,,,https://www.youtube.com/watch?v=Z8Tt0Kwpj2Q
PerryJG,,FsKiWDcmimc,Dantes small head | perryjg on #Twitch,,601,,,,,,,,,https://www.youtube.com/watch?v=FsKiWDcmimc
PerryJG,,3TrZ-eXXle8,DEALING WITH LEAGUE DEPRESSION 😤 l perryjg on twitch,,5100,,,,,,,,,https://www.youtube.com/watch?v=3TrZ-eXXle8
PerryJG,,3ZCcStc72K4,DEALING WITH THE MENTAL BLOCK l perryjg on twitch,,4800,,,,,,,,,https://www.youtube.com/watch?v=3ZCcStc72K4
PerryJG,,FMhmh1QZSV4,DEATHS DANCE IS NOT OKAY 🔥 l perryjg on twich,,17000,,,,,,,,,https://www.youtube.com/watch?v=FMhmh1QZSV4
PerryJG,,kSs5CEJldZg,DEBATING WITH A GAREN OTP BE LIKE ! l perryjg on twitch,,2900,,,,,,,,,https://www.youtube.com/watch?v=kSs5CEJldZg
PerryJG,,kMAGjvPgW50,DELELTIG HP BARS WITH SHYV ! l perryjg on twitch,,7000,,,,,,,,,https://www.youtube.com/watch?v=kMAGjvPgW50
PerryJG,,fnMavOJ0U0k,DESTORYING the enemy SUPER SMURF and making them cry with Viego,19,,,,,,,,,,https://www.youtube.com/watch?v=fnMavOJ0U0k
PerryJG,,CDZCDmSoMNk,DESTROY LOW ELO Junglers like THIS,,46000,,,,,,,,,https://www.youtube.com/watch?v=CDZCDmSoMNk
PerryJG,,p_TnrNN46OY,Destroying HIGH CHALLENGER with THE BEST Champion in Current Meta,44,,,,,,,,,,https://www.youtube.com/watch?v=p_TnrNN46OY
PerryJG,,sZx6z4meOa8,Destryoing Karasmai as Viego | Challenger Jungle,27,,,,,,,,,,https://www.youtube.com/watch?v=sZx6z4meOa8
PerryJG,,oMdy-xUJLts,Diamond Coaching | Taking Objectives With A Lead,53,,,,,,,,,,https://www.youtube.com/watch?v=oMdy-xUJLts
PerryJG,,TDEPNQYRHso,DIAMOND ELO IS THE REAL ELO HELL,20,,,,,,,,,,https://www.youtube.com/watch?v=TDEPNQYRHso
PerryJG,,x-hdY6vG9Z4,Disguised Toast Invitational!! #twitch #twitchstreamer #riot #leagueoflegends #gamer #coach,,235,,,,,,,,,https://www.youtube.com/watch?v=x-hdY6vG9Z4
PerryJG,,MhzgQRKnN-g,Disguised Toast Legends Tournament | First Scrim With Aphromoo,11,,,,,,,,,,https://www.youtube.com/watch?v=MhzgQRKnN-g
PerryJG,,6Jie0XXW9zA,Do Fundamentals Work in Low Elo? - Bronze Live Game,22,,,,,,,,,,https://www.youtube.com/watch?v=6Jie0XXW9zA
PerryJG,,VnZb7Ns84c8,DO NOT DO THIS ❌l perryjg on twitch,,14000,,,,,,,,,https://www.youtube.com/watch?v=VnZb7Ns84c8
PerryJG,,AVzSsOU6Ji4,DO NOT FF ❌ l perryjg on twitch,,4400,,,,,,,,,https://www.youtube.com/watch?v=AVzSsOU6Ji4
PerryJG,,Frp-3KVc2AQ,DO NOT SAVE YOUR TEAMMATES (all the time...) - Jungle Concepts Explained,5,,,,,,,,,,https://www.youtube.com/watch?v=Frp-3KVc2AQ
PerryJG,,qItvi9zG1mQ,Do NOT SLEEP on JARVAN this patch... - How to Play Jarvan 4 Jungle,62,,,,,,,,,,https://www.youtube.com/watch?v=qItvi9zG1mQ
PerryJG,,LtANZH1YpyQ,DO NOT SLEEP ON THIS ⛔️ l perryjg on twitch,,24000,,,,,,,,,https://www.youtube.com/watch?v=LtANZH1YpyQ
PerryJG,,caE-g_kIl0c,DO NOT USE ABILITIES BEFORE FIGHTS! | perryjg on #Twitch,,1500,,,,,,,,,https://www.youtube.com/watch?v=caE-g_kIl0c
PerryJG,,MB-1oeNyw-o,DO NOT use this TECHNIQUE,,40000,,,,,,,,,https://www.youtube.com/watch?v=MB-1oeNyw-o
PerryJG,,XhQUi-DWsIA,DO U BELIEVE I'M CHALLENGER?,,646,,,,,,,,,https://www.youtube.com/watch?v=XhQUi-DWsIA
PerryJG,,8AB9gCOTTyo,DOES LOSERS Q EXIST ? l perryjg on twitch,,6400,,,,,,,,,https://www.youtube.com/watch?v=8AB9gCOTTyo
PerryJG,,sBSqIAnn67U,DOES TIER LIST REALLY MATTER ? l perryjg on twitch,,13000,,,,,,,,,https://www.youtube.com/watch?v=sBSqIAnn67U
PerryJG,,jXJFIxX3_w8,DOMINATE WITH THESE CHAMPS l perryjg on twitch,,3400,,,,,,,,,https://www.youtube.com/watch?v=jXJFIxX3_w8
PerryJG,,thYHc3uATfQ,DON'T BE SCARED ! l perryjg on twitch,,15000,,,,,,,,,https://www.youtube.com/watch?v=thYHc3uATfQ
PerryJG,,BKBbh-URjPg,DON'T DO THIS ❌ | perryjg on twitch,,33000,,,,,,,,,https://www.youtube.com/watch?v=BKBbh-URjPg
PerryJG,,-qzrFtc5R_Q,DON'T FALL FOR THIS ❌ l perryjg on twitch,,11000,,,,,,,,,https://www.youtube.com/watch?v=-qzrFtc5R_Q
PerryJG,,p04Ki9fRYqY,DON'T FIGHT LIKE THIS 🤦‍♂️l perryjg on twitch,,5900,,,,,,,,,https://www.youtube.com/watch?v=p04Ki9fRYqY
PerryJG,,P3eYyS_JY0g,DON'T FIGHT WITHOUT ULT❌l perryjg on twitch,,30000,,,,,,,,,https://www.youtube.com/watch?v=P3eYyS_JY0g
PerryJG,,tW1vpeTKr6U,DON'T FORGET THIS 👀 l perryjg on twitch,,10000,,,,,,,,,https://www.youtube.com/watch?v=tW1vpeTKr6U
PerryJG,,UnZkgeF5kSA,Don't Make This LOW ELO Mistakes,,13000,,,,,,,,,https://www.youtube.com/watch?v=UnZkgeF5kSA
PerryJG,,X5QW4niC-hg,DON'T MESS WITH THE BEAR ⚡️ l perryjg on twitch,,8000,,,,,,,,,https://www.youtube.com/watch?v=X5QW4niC-hg
PerryJG,,aw88CEEZih8,"Don't Overstay, Don't Bait Your Team - Challenger Bel'Veth Coaching",4,,,,,,,,,,https://www.youtube.com/watch?v=aw88CEEZih8
PerryJG,,dVvrxYc27cA,Don't play Tank Junglers in SoloQ.,33,,,,,,,,,,https://www.youtube.com/watch?v=dVvrxYc27cA
PerryJG,,WxRu_qVcCZw,DON'T POWERGANK ❌ l perryjg on twitch,,15000,,,,,,,,,https://www.youtube.com/watch?v=WxRu_qVcCZw
PerryJG,,wzTfj6ICzQI,DON'T SHOW YOURSELF ❌ l perryjg on twitch,,5800,,,,,,,,,https://www.youtube.com/watch?v=wzTfj6ICzQI
PerryJG,,EjjsZOQ2ygQ,DON'T SKIP NAVORI ❌ | perryjg on twitch,,130000,,,,,,,,,https://www.youtube.com/watch?v=EjjsZOQ2ygQ
PerryJG,,du3hSiCvX1s,DON'T TUNNEL ON DRAGONS! #league #leagueoflegends #riotgames #fyp #streamer #twitch,,994,,,,,,,,,https://www.youtube.com/watch?v=du3hSiCvX1s
PerryJG,,nv4PrJHCQ-o,DON'T WATCH YOUR TEAMMATES 😶 l perryjg on twitch,,27000,,,,,,,,,https://www.youtube.com/watch?v=nv4PrJHCQ-o
PerryJG,,5SNL2gdAIto,DROP THE EGO,,5600,,,,,,,,,https://www.youtube.com/watch?v=5SNL2gdAIto
PerryJG,,jpY3f3HZwek,DROP YOUR 45% WR FUN CHAMP l perryjg on twitch,,6700,,,,,,,,,https://www.youtube.com/watch?v=jpY3f3HZwek
PerryJG,,X1l_1Ymzf1Q,DSG LEGENDS TOURNAMENT,,3700,,,,,,,,,https://www.youtube.com/watch?v=X1l_1Ymzf1Q
PerryJG,,tsIgJxgXAZQ,Duo Queue is BACK,,14000,,,,,,,,,https://www.youtube.com/watch?v=tsIgJxgXAZQ
PerryJG,,5U5uweN_YrQ,E BEFORE POSESSION  l perryjg on twitch,,5600,,,,,,,,,https://www.youtube.com/watch?v=5U5uweN_YrQ
PerryJG,,ss5Lc7S0ZhE,EARLY GAME will be CHAOS,,32000,,,,,,,,,https://www.youtube.com/watch?v=ss5Lc7S0ZhE
PerryJG,,9hzzi7v5eOg,EARLY WARDS can be GAME WINNING,,38000,,,,,,,,,https://www.youtube.com/watch?v=9hzzi7v5eOg
PerryJG,,0qAbFR-oANE,EASIEST JUNGLERS TO CLIMB ! l perryjg on twitch,,55000,,,,,,,,,https://www.youtube.com/watch?v=0qAbFR-oANE
PerryJG,,jVuhssSsQVg,Easy gank when your music lines up | perryjg on #Twitch,,913,,,,,,,,,https://www.youtube.com/watch?v=jVuhssSsQVg
PerryJG,,higatvA0enM,Educational GODLIKE Xin Zhao Jungle VS SHEIDEN | Challenger Jungle Commentary,24,,,,,,,,,,https://www.youtube.com/watch?v=higatvA0enM
PerryJG,,9QuZ4-xfItE,Educational GOLD to MASTER on CRIT VIEGO GUIDE - How to Carry Games,99,,,,,,,,,,https://www.youtube.com/watch?v=9QuZ4-xfItE
PerryJG,,ZrFJaSFZ8xs,Educational GOLD to MASTERS BEL'VETH GUIDE - Time to BREAK the Fundamentals!,87,,,,,,,,,,https://www.youtube.com/watch?v=ZrFJaSFZ8xs
PerryJG,,1ankrI6Hsxc,Educational GOLD to MASTERS DIANA JUNGLE GUIDE - The Powerfarm Queen!,100,,,,,,,,,,https://www.youtube.com/watch?v=1ankrI6Hsxc
PerryJG,,eZwLqQ3uGTE,Educational GOLD to MASTERS GRAVES JUNGLE GUIDE - The One-Shot-gun King!,141,,,,,,,,,,https://www.youtube.com/watch?v=eZwLqQ3uGTE
PerryJG,,wXRQxcYRRQg,Educational GOLD to MASTERS HECARIM JUNGLE GUIDE - How to play a Jungle Hypercarry!,100,,,,,,,,,,https://www.youtube.com/watch?v=wXRQxcYRRQg
PerryJG,,ipaw9NyGno0,Educational GOLD to MASTERS TEEMO JUNGLE GUIDE - Patch 14.21's Rising Underdog!,97,,,,,,,,,,https://www.youtube.com/watch?v=ipaw9NyGno0
PerryJG,,rfPIzIzmEYU,Educational GOLD to MASTERS VIEGO JUNGLE GUIDE – The Ruined King,146,,,,,,,,,,https://www.youtube.com/watch?v=rfPIzIzmEYU
PerryJG,,V-dt2Rptf5s,Educational GOLD to MASTERS WUKONG GUIDE - The Monkey King of Jungle,142,,,,,,,,,,https://www.youtube.com/watch?v=V-dt2Rptf5s
PerryJG,,QhREAhpS1rM,EDUCATIONAL JUNGLING | S TIER Climbing Champs,381,,,,,,,,,,https://www.youtube.com/watch?v=QhREAhpS1rM
PerryJG,,CyNxBfYraUU,Educational LOW ELO GUIDE to XIN ZHAO  - How to POWERFARM on XIN ZHAO,91,,,,,,,,,,https://www.youtube.com/watch?v=CyNxBfYraUU
PerryJG,,7mwSqos5NWE,Educational LOW ELO to MASTERS on GWEN GUIDE - The Best AP Solo Carry!,83,,,,,,,,,,https://www.youtube.com/watch?v=7mwSqos5NWE
PerryJG,,u_Gw4i3pTa8,Educational UNRANKED to DIAMOND on KAYN GUIDE - How Former Rank 1 Kayn plays Jungle,126,,,,,,,,,,https://www.youtube.com/watch?v=u_Gw4i3pTa8
PerryJG,,OwsbWION4WI,Educational UNRANKED to DIAMOND on UDYR GUIDE - How To Master Udyr!,108,,,,,,,,,,https://www.youtube.com/watch?v=OwsbWION4WI
PerryJG,,KsTw1cqwhTg,Educational UNRANKED to DIAMOND on VIEGO GUIDE - How to Solo Carry Games,110,,,,,,,,,,https://www.youtube.com/watch?v=KsTw1cqwhTg
PerryJG,,l_mEznHnbXQ,Educational UNRANKED to MASTERS on KINDRED GUIDE - How to Master Kindred in Every Elo,86,,,,,,,,,,https://www.youtube.com/watch?v=l_mEznHnbXQ
PerryJG,,SgHAHKihgEM,Educational UNRANKED to MASTERS on SHYVANA GUIDE - Mastering AP Shyvana,88,,,,,,,,,,https://www.youtube.com/watch?v=SgHAHKihgEM
PerryJG,,d6cpQZbeZ0g,EGO RUINS YOU CLIMB | perryjg on twitch,,6500,,,,,,,,,https://www.youtube.com/watch?v=d6cpQZbeZ0g
PerryJG,,ZgDViB7HOFA,electrocute amumu goes hard #riot #gaming #game #gamer #leaguememes #leagueoflegends,,213,,,,,,,,,https://www.youtube.com/watch?v=ZgDViB7HOFA
PerryJG,,YBeHWQ_Li6I,Elevate Your Viego Jungle Gameplay | Diamond Coaching,83,,,,,,,,,,https://www.youtube.com/watch?v=YBeHWQ_Li6I
PerryJG,,yBgWUR5DpKw,Emerald Coaching | How To Fix Early Game,62,,,,,,,,,,https://www.youtube.com/watch?v=yBgWUR5DpKw
PerryJG,,qJGzsIiRRuc,EMPTY LANE THEORY 🧐 l perryjg on twitch,,11000,,,,,,,,,https://www.youtube.com/watch?v=qJGzsIiRRuc
PerryJG,,apExm4YVQoQ,Even HIGH ELO doesn't understand,,20000,,,,,,,,,https://www.youtube.com/watch?v=apExm4YVQoQ
PerryJG,,6WfsQprO11A,EVEN HIGH PING COULDN'T STOP ME - How to Carry with Nocturne,27,,,,,,,,,,https://www.youtube.com/watch?v=6WfsQprO11A
PerryJG,,Gsh-wtMl3N0,EVERY GAME IS WINNABLE. LET ME SHOW YOU HOW. - GM Gameplay,26,,,,,,,,,,https://www.youtube.com/watch?v=Gsh-wtMl3N0
PerryJG,,_Oc8S6R9Ujo,EVERY Jungle Player Needs To Do This NOW | DON'T BE A SHEEP!,2,,,,,,,,,,https://www.youtube.com/watch?v=_Oc8S6R9Ujo
PerryJG,,fy88yklcta8,Everyone Thinks Noonquiver Is So Much Faster. It's NOT,6,,,,,,,,,,https://www.youtube.com/watch?v=fy88yklcta8
PerryJG,,OLb2EyQaivI,EVERYTHING you NEED to know about Season 16...,49,,,,,,,,,,https://www.youtube.com/watch?v=OLb2EyQaivI
PerryJG,,n7gvQG9WHDU,EXPECT THE LOSS 👀 l perryjg on twitch,,4200,,,,,,,,,https://www.youtube.com/watch?v=n7gvQG9WHDU
PerryJG,,4WzMO8Zyvh0,Explaining Every Viego Mechanic WHILE IN GAME,19,,,,,,,,,,https://www.youtube.com/watch?v=4WzMO8Zyvh0
PerryJG,,0OZMVFt96uo,FACING AN LCS JUNGLER 👀 l perryjg on twitch,,9400,,,,,,,,,https://www.youtube.com/watch?v=0OZMVFt96uo
PerryJG,,Bv-bRjTWqbw,FACING PZ ZZANG 🌪 ⚡️ l perryjg on twitch,,7200,,,,,,,,,https://www.youtube.com/watch?v=Bv-bRjTWqbw
PerryJG,,whj1vqVOxt0,FAERIE CHARM GRAVES FT TOBIAS FATE #fyp #xyzbca #foryoupage #viral #perryjg,,1700,,,,,,,,,https://www.youtube.com/watch?v=whj1vqVOxt0
PerryJG,,JbSZw9vgQn8,FAIR CHAMP.. l perryjg on twitch,,4500,,,,,,,,,https://www.youtube.com/watch?v=JbSZw9vgQn8
PerryJG,,uHSlkG-btRc,FAKER AZIR? 😲 l perryjg on twitch,,12000,,,,,,,,,https://www.youtube.com/watch?v=uHSlkG-btRc
PerryJG,,U-V_tl8WmFE,FAKER MEME IS REAL 💀| perryjg on twitch,,3900,,,,,,,,,https://www.youtube.com/watch?v=U-V_tl8WmFE
PerryJG,,ZyjpsEl6_IM,FARM GOOD WIN GAME 🧐 l perryjg on twitch,,26000,,,,,,,,,https://www.youtube.com/watch?v=ZyjpsEl6_IM
PerryJG,,l4wbZHrFwf8,Farm or Gank - 2 Simple Rules - Challenger Jungler Explains,5,,,,,,,,,,https://www.youtube.com/watch?v=l4wbZHrFwf8
PerryJG,,Rggyi_qgAUc,FARM OR GANK ? l perryjg on twitch,,3900,,,,,,,,,https://www.youtube.com/watch?v=Rggyi_qgAUc
PerryJG,,2l6vDNrVk1c,FARM WELL WIN GAME l perryjg on twitch,,14000,,,,,,,,,https://www.youtube.com/watch?v=2l6vDNrVk1c
PerryJG,,CCqPqExalys,FARMING PENTAKILLS 😤 l perryjg on twitch,,6200,,,,,,,,,https://www.youtube.com/watch?v=CCqPqExalys
PerryJG,,kLlP7BOKSoQ,FARMING XIN ZHAO RETURNS (and it still works),18,,,,,,,,,,https://www.youtube.com/watch?v=kLlP7BOKSoQ
PerryJG,,m4Z_1FDN88M,fastest chinese lee sin kick  | perryjg on #Twitch,,2400,,,,,,,,,https://www.youtube.com/watch?v=m4Z_1FDN88M
PerryJG,,UPnprQtZgwU,FEEDING TEAMMATES.. 😕 l perryjg on twitch,,6000,,,,,,,,,https://www.youtube.com/watch?v=UPnprQtZgwU
PerryJG,,J6WLI1zLPhY,FIGHTING WITH DEAD TEAMMATES ☠️ l perryjg on twitch,,7100,,,,,,,,,https://www.youtube.com/watch?v=J6WLI1zLPhY
PerryJG,,QDFZ42hCUcA,FIRST JG TO GET A PENTA IN NACL  l perryjg on twitch,,5600,,,,,,,,,https://www.youtube.com/watch?v=QDFZ42hCUcA
PerryJG,,3a75U8maFzY,first strike might be viable... | GM Gameplay,31,,,,,,,,,,https://www.youtube.com/watch?v=3a75U8maFzY
PerryJG,,LI8KF8X-Yig,FIRST WIN FOR DISGUISED! (Full Series Highlights),27,,,,,,,,,,https://www.youtube.com/watch?v=LI8KF8X-Yig
PerryJG,,e4unQTLUUA4,FIX YOUR DAMN MENTAL IF U WANT TO CLIMB..,,3600,,,,,,,,,https://www.youtube.com/watch?v=e4unQTLUUA4
PerryJG,,0xx-VZyxzL8,Fixing my Diamond Student's Support Macro - LoL Coaching,58,,,,,,,,,,https://www.youtube.com/watch?v=0xx-VZyxzL8
PerryJG,,bminM1IU5DM,Flash gank tech #twitch #twitchstreamer #riot #leagueoflegends #gamer,,113,,,,,,,,,https://www.youtube.com/watch?v=bminM1IU5DM
PerryJG,,DcNlyX7ayTk,FOCUS ON BOTSIDE 👀 l perryjg on twitch,,8400,,,,,,,,,https://www.youtube.com/watch?v=DcNlyX7ayTk
PerryJG,,cg9f7hFxkvw,FOCUS ON THIS 🧠 l perryjg on twitch,,4400,,,,,,,,,https://www.youtube.com/watch?v=cg9f7hFxkvw
PerryJG,,6919_UCb5M0,Follow these KEY FUNDAMENTALS to CLIMB out of Low Elo,49,,,,,,,,,,https://www.youtube.com/watch?v=6919_UCb5M0
PerryJG,,kzz_x_TB4FM,foolish akali | perryjg on #Twitch,,1000,,,,,,,,,https://www.youtube.com/watch?v=kzz_x_TB4FM
PerryJG,,MUyHqfi-M28,FOR NEW PLAYERS 🧐 l perryjg on twitch,,4100,,,,,,,,,https://www.youtube.com/watch?v=MUyHqfi-M28
PerryJG,,vgO0qtIMLxI,FREE INDEPTH GANKING GUIDE - Ganking 101 - League of Legends,23,,,,,,,,,,https://www.youtube.com/watch?v=vgO0qtIMLxI
PerryJG,,nWxrzzfXYBM,Friendly Challenger Jungle Coach :) MERRY CHRISTMAS 🧊🥶 | NEW GLASSES | !tierlist !coaching,142,,,,,,,,,,https://www.youtube.com/watch?v=nWxrzzfXYBM
PerryJG,,d_TTF0jyYlM,Friendly Challenger Jungle Coach | Coaching @Ludwig at 6,41,,,,,,,,,,https://www.youtube.com/watch?v=d_TTF0jyYlM
PerryJG,,ghkEy4mDBRc,Friendly Challenger Jungle Coach | Coaching @Ludwig at 6,366,,,,,,,,,,https://www.youtube.com/watch?v=ghkEy4mDBRc
PerryJG,,HS0ZOh74KZ4,Friendly Challenger Jungle Coach | Lillia Gold - Masters,146,,,,,,,,,,https://www.youtube.com/watch?v=HS0ZOh74KZ4
PerryJG,,WvG_efbhVuI,Friendly Challenger Jungle Coach | Only Ganking ONE LANE,181,,,,,,,,,,https://www.youtube.com/watch?v=WvG_efbhVuI
PerryJG,,DdrFQ7l4lXI,FROZEN HEART LILLIA  GAPPPP,,5800,,,,,,,,,https://www.youtube.com/watch?v=DdrFQ7l4lXI
PerryJG,,9I5NQiaKx40,FULL AP AMUMU ONE SHOT WTFFF,,3800,,,,,,,,,https://www.youtube.com/watch?v=9I5NQiaKx40
PerryJG,,b63thHyYmRs,FULL Patch 26.12 HIGH ELO Jungle Tier List,29,,,,,,,,,,https://www.youtube.com/watch?v=b63thHyYmRs
PerryJG,,5ymTYgMNKcM,FUNDAMENTALS STILL matter in HIGH ELO!,27,,,,,,,,,,https://www.youtube.com/watch?v=5ymTYgMNKcM
PerryJG,,tco6AMjjwRM,GANK ON WAVES 🧠 l perryjg on twitch,,18000,,,,,,,,,https://www.youtube.com/watch?v=tco6AMjjwRM
PerryJG,,0hYXVNoU-F8,GANKING is going to be AWFUL #leagueoflegends,,24000,,,,,,,,,https://www.youtube.com/watch?v=0hYXVNoU-F8
PerryJG,,IIQncy28T4Q,GANKING ISN'T THAT GREAT..🥱 l perryjg on twitch,,9000,,,,,,,,,https://www.youtube.com/watch?v=IIQncy28T4Q
PerryJG,,lwnRZxE_p9A,General Sniper tries to kill me GONE WRONG #league #leagueoflegends #riot #fyp #streamer #twitch,,1500,,,,,,,,,https://www.youtube.com/watch?v=lwnRZxE_p9A
PerryJG,,Opc5_ZPLtO0,Get a LEVEL 1 LEAD EVERY game,,22000,,,,,,,,,https://www.youtube.com/watch?v=Opc5_ZPLtO0
PerryJG,,GRuflfxry7w,"Get Info, Ping More, Win Games - Challenger Jungler Coaches Masters Player",19,,,,,,,,,,https://www.youtube.com/watch?v=GRuflfxry7w
PerryJG,,cLG-p7_0Wnc,Getting 20 Kills In Challenger? | Stomping As Viego,29,,,,,,,,,,https://www.youtube.com/watch?v=cLG-p7_0Wnc
PerryJG,,v3BvzrSfNZ0,Getting FED is SO SIMPLE,,13000,,,,,,,,,https://www.youtube.com/watch?v=v3BvzrSfNZ0
PerryJG,,jo3IpcxnWVY,GETTING LUDWIG BACK TO GOLD! - Coaching Ludwig,43,,,,,,,,,,https://www.youtube.com/watch?v=jo3IpcxnWVY
PerryJG,,zLGbxABYK0g,GIVE ME MY BLUE BUFF #fyp #xyzbca #foryoupage #viral #perryjg,,1500,,,,,,,,,https://www.youtube.com/watch?v=zLGbxABYK0g
PerryJG,,hnyj7isxClA,GIVE ME THE DAMN CRAB NOM NOM NOM #fyp #xyzbca #foryoupage #viral #per,,9800,,,,,,,,,https://www.youtube.com/watch?v=hnyj7isxClA
PerryJG,,6NqeL9p7YLE,GIVING LUD THE FULL COACHING TREATMENT (He might be ready...),67,,,,,,,,,,https://www.youtube.com/watch?v=6NqeL9p7YLE
PerryJG,,wO-E8wy_4J8,GLAZE ME DADDY ??? l perryjg on twitch,,5500,,,,,,,,,https://www.youtube.com/watch?v=wO-E8wy_4J8
PerryJG,,NGejlBoM9O4,GOATED DUO ft. @TFBlade l perryjg on twitch,,3900,,,,,,,,,https://www.youtube.com/watch?v=NGejlBoM9O4
PerryJG,,SznTOl85ddY,GODLIKE BASE SAVE | WE WIN THESE GAMES | perryjg on #Twitch,,7400,,,,,,,,,https://www.youtube.com/watch?v=SznTOl85ddY
PerryJG,,ikAyqRoOxDA,GOGO IN GO IN GO IN - Team Tobias (DANTES TOURNAMENT) #fyp #xyzbca #foryoupage #viral #perryjg,,6100,,,,,,,,,https://www.youtube.com/watch?v=ikAyqRoOxDA
PerryJG,,bIu818mPcGA,GOLD ADC QUITS Bot Lane to Learn Jungle… Here’s What Happened,90,,,,,,,,,,https://www.youtube.com/watch?v=bIu818mPcGA
PerryJG,,kJF4f6BuTNY,Gold Coaching | Finding The Early Game Flow,63,,,,,,,,,,https://www.youtube.com/watch?v=kJF4f6BuTNY
PerryJG,,Ra0SXuqzCHw,GOLD IS UNDERRATED 😯 l perryjg on twitch,,10000,,,,,,,,,https://www.youtube.com/watch?v=Ra0SXuqzCHw
PerryJG,,70xYUtDw3jE,GOOD CHAMPS TO PLAY RIGHT NOW l perryjg on twitch,,5400,,,,,,,,,https://www.youtube.com/watch?v=70xYUtDw3jE
PerryJG,,86937tZWpnI,GOT AN ASSIST FOR KILLING A TEAMMATE ! l perryjg on twitch,,3300,,,,,,,,,https://www.youtube.com/watch?v=86937tZWpnI
PerryJG,,FtMLYKU7HWs,GOT COACHED BY CHAT GPT 🧐 l perryjg on twitch,,12000,,,,,,,,,https://www.youtube.com/watch?v=FtMLYKU7HWs
PerryJG,,svKzcJCVKks,Gragas is Hidden OP? | Smashing Spica With Gragas Jungle,18,,,,,,,,,,https://www.youtube.com/watch?v=svKzcJCVKks
PerryJG,,eAiKwQcuAg8,GRAVES CRIT 💀 l perryjg on twitch,,14000,,,,,,,,,https://www.youtube.com/watch?v=eAiKwQcuAg8
PerryJG,,yNxHu6taJck,Graves is CRAZY THIS PATCH...,26,,,,,,,,,,https://www.youtube.com/watch?v=yNxHu6taJck
PerryJG,,tPaEC4r-nAE,Graves NEW SUPER OP PATH! - Masters/GM Gameplay,22,,,,,,,,,,https://www.youtube.com/watch?v=tPaEC4r-nAE
PerryJG,,-33AF_49Lk0,GRINDING WITH VOLIBEAR 👀 l perryjg on twitch,,5700,,,,,,,,,https://www.youtube.com/watch?v=-33AF_49Lk0
PerryJG,,TIdK3kuma9M,Grubs are BROKEN…. (literally),,56000,,,,,,,,,https://www.youtube.com/watch?v=TIdK3kuma9M
PerryJG,,yuzvbYENg1s,GWEN GAMING 🤠 l perryjg on twitch,,3200,,,,,,,,,https://www.youtube.com/watch?v=yuzvbYENg1s
PerryJG,,SZlbxg_tamo,GWEN IS OP RIGHT NOW ! l perryjg on twitch,,3200,,,,,,,,,https://www.youtube.com/watch?v=SZlbxg_tamo
PerryJG,,W8i4jwdUdz4,GWEN IS OP RIGHT NOW !! l perryjg on twitch,,3100,,,,,,,,,https://www.youtube.com/watch?v=W8i4jwdUdz4
PerryJG,,pzM1Ewchbd4,GWEN IS OP THIS PATCH 🤩 l perryjg on twitch,,6400,,,,,,,,,https://www.youtube.com/watch?v=pzM1Ewchbd4
PerryJG,,zwPRHqvx9o0,Gwen is THE BEST AP JUNGLER this Patch!,39,,,,,,,,,,https://www.youtube.com/watch?v=zwPRHqvx9o0
PerryJG,,CFTv91LCRYg,GWEN is the BEST AP SOLO CARRY this Patch,36,,,,,,,,,,https://www.youtube.com/watch?v=CFTv91LCRYg
PerryJG,,uP5z5wrADr8,HAPPENS 😅 l perryjg on twitch,,1700,,,,,,,,,https://www.youtube.com/watch?v=uP5z5wrADr8
PerryJG,,xtKDk8SaiZ8,HARDER TO CLIMB CHAMPS 😷 l perryjg on twitch,,11000,,,,,,,,,https://www.youtube.com/watch?v=xtKDk8SaiZ8
PerryJG,,eJ_6GSfXgTY,"HARDSTUCK ? , DO THIS l perryjg on twitch",,6300,,,,,,,,,https://www.youtube.com/watch?v=eJ_6GSfXgTY
PerryJG,,ZsvuxsZjBG4,Hardstuck Platinum Student Wants Diamond - LoL Coaching,21,,,,,,,,,,https://www.youtube.com/watch?v=ZsvuxsZjBG4
PerryJG,,nOIN9SWpuJU,HAVING A CHALLENGER EAR BE LIKE.. l perryjg on twitch,,5900,,,,,,,,,https://www.youtube.com/watch?v=nOIN9SWpuJU
PerryJG,,iqjhH1HZ5KE,He came bot guys #riot #gaming #game #gamer #leaguememes #leagueoflegends #leagueoflegendscosplay,,175,,,,,,,,,https://www.youtube.com/watch?v=iqjhH1HZ5KE
PerryJG,,IP9LFERXJU0,HE DID NOT SAY THAT 💀 l perryjg on twitch,,6800,,,,,,,,,https://www.youtube.com/watch?v=IP9LFERXJU0
PerryJG,,UJQl7dfFDdI,he doesnt know... | perryjg on #Twitch,,2400,,,,,,,,,https://www.youtube.com/watch?v=UJQl7dfFDdI
PerryJG,,NrgyPlc7m78,HE HAD TO DO IT  @ludwig 😂 l perryjg on twitch,,315000,,,,,,,,,https://www.youtube.com/watch?v=NrgyPlc7m78
PerryJG,,zIZDUwg_u8o,HE HAS TO DO IT 💀 l perryjg on twitch,,6600,,,,,,,,,https://www.youtube.com/watch?v=zIZDUwg_u8o
PerryJG,,YXVYbDbQqzo,HE HATES BARON FIGHT 😩  l perryjg on twitch,,20000,,,,,,,,,https://www.youtube.com/watch?v=YXVYbDbQqzo
PerryJG,,UV445co2H-c,HE LISTENED BUT .. 😧   l perryjg on twitch,,19000,,,,,,,,,https://www.youtube.com/watch?v=UV445co2H-c
PerryJG,,zeNfv47wpfQ,HE WANNA GO PRO AT 30 💀 l perryjg on twitch,,7600,,,,,,,,,https://www.youtube.com/watch?v=zeNfv47wpfQ
PerryJG,,-xIra5i3kAI,HE WANT TO DROP SHYVANA l perryjg on twitch,,12000,,,,,,,,,https://www.youtube.com/watch?v=-xIra5i3kAI
PerryJG,,IhAJMEfWgCI,HE WENT FROM GOLD TO BRONZE 🤕 l perryjg on twitch,,15000,,,,,,,,,https://www.youtube.com/watch?v=IhAJMEfWgCI
PerryJG,,dGjfRu_0Ps0,HE'S THAT GOOD..🙄 l perryjg on twitch,,18000,,,,,,,,,https://www.youtube.com/watch?v=dGjfRu_0Ps0
PerryJG,,F4tC8itJ6jo,HEXTECH GUNBLADE is FINALLY back,,20000,,,,,,,,,https://www.youtube.com/watch?v=F4tC8itJ6jo
PerryJG,,k97w4JMVV0k,HIDDEN VI MECHANIC? #fyp #xyzbca #foryoupage #viral #perryjg,,9600,,,,,,,,,https://www.youtube.com/watch?v=k97w4JMVV0k
PerryJG,,6CTrpoShvy4,High ELO players aren't actually good - LoL Coaching,63,,,,,,,,,,https://www.youtube.com/watch?v=6CTrpoShvy4
PerryJG,,CRTMo1kYEg4,HOMIE WILL FOLLOW 🇰🇷😎 l perryjg on twitch,,17000,,,,,,,,,https://www.youtube.com/watch?v=CRTMo1kYEg4
PerryJG,,jRMyXE6-aHY,How a RANK 1 KARTHUS clears jungle,,21000,,,,,,,,,https://www.youtube.com/watch?v=jRMyXE6-aHY
PerryJG,,hQ6Zu_gew2c,How CHALLENGER JUNGLERS CONTROL the Map,,13000,,,,,,,,,https://www.youtube.com/watch?v=hQ6Zu_gew2c
PerryJG,,p3GVYRIHklU,How Challenger Junglers Use Waves and Tempo To Win More Games,21,,,,,,,,,,https://www.youtube.com/watch?v=p3GVYRIHklU
PerryJG,,cXCZ6G96nbc,How did I lose this 20 KILL GAME? - INDEPTH MID GAME ANALYSIS,13,,,,,,,,,,https://www.youtube.com/watch?v=cXCZ6G96nbc
PerryJG,,wbOKWkNdMcw,HOW DID I WIN THIS? 🤯 l perryjg on twitch,,9300,,,,,,,,,https://www.youtube.com/watch?v=wbOKWkNdMcw
PerryJG,,pq32-yxDQ3w,HOW DID I WIN THIS?😲 l perryjg on twitch,,9000,,,,,,,,,https://www.youtube.com/watch?v=pq32-yxDQ3w
PerryJG,,aC2sXht8QAY,HOW DID WE WIN?!? 😅 l perryjg on twitch,,7800,,,,,,,,,https://www.youtube.com/watch?v=aC2sXht8QAY
PerryJG,,I6_S_jYpF5c,How do you carry 3 LOSING LANES? - Playing in High Elo as Lillia,32,,,,,,,,,,https://www.youtube.com/watch?v=I6_S_jYpF5c
PerryJG,,3jWqJUJfZ0o,HOW GOOD IS EKKO ? l perryjg on twitch,,3800,,,,,,,,,https://www.youtube.com/watch?v=3jWqJUJfZ0o
PerryJG,,qk6q3SxrbQE,How good is EKKO this patch...?,20,,,,,,,,,,https://www.youtube.com/watch?v=qk6q3SxrbQE
PerryJG,,dJzRSvxiSCg,How GOOD JUNGLERS get FED every game,,35000,,,,,,,,,https://www.youtube.com/watch?v=dJzRSvxiSCg
PerryJG,,lA8DJ1I55II,How Good Mental Actually Makes Games 10x Better | Bronze Coaching,58,,,,,,,,,,https://www.youtube.com/watch?v=lA8DJ1I55II
PerryJG,,sXhtn4ZeuzA,How I ABUSED Volibear in HIGH CHALLENGER to get a 75% WINRATE,59,,,,,,,,,,https://www.youtube.com/watch?v=sXhtn4ZeuzA
PerryJG,,07RoI6c-5o8,How I beat @bwipo and @Pobelt using FUNDAMENTALS,24,,,,,,,,,,https://www.youtube.com/watch?v=07RoI6c-5o8
PerryJG,,lqXBQagYhG4,How I Coached a Gold Student into having a PERFECT Game,34,,,,,,,,,,https://www.youtube.com/watch?v=lqXBQagYhG4
PerryJG,,R8F7gT1HWEg,How I Dropped A 35 Kill NUKE On Viego In MASTERS ELO - Challenger Viego Gameplay,26,,,,,,,,,,https://www.youtube.com/watch?v=R8F7gT1HWEg
PerryJG,,8vRg4MDnPU0,HOW I FIRST HIT CHALLENGER 👀 l perryjg on twitch,,7800,,,,,,,,,https://www.youtube.com/watch?v=8vRg4MDnPU0
PerryJG,,VOrRRbh5Ii8,How I got 12.5csm as Viego 🗡 Level Up your FARMING skills,18,,,,,,,,,,https://www.youtube.com/watch?v=VOrRRbh5Ii8
PerryJG,,-UUhKOWcYz4,How I got 30 Kills with INTING LANERS and WON,30,,,,,,,,,,https://www.youtube.com/watch?v=-UUhKOWcYz4
PerryJG,,j11hMh0MPdw,How I got a 3 Levels Lead on the RANK 1 KOREA so you can just copy me,25,,,,,,,,,,https://www.youtube.com/watch?v=j11hMh0MPdw
PerryJG,,D9tSB8W5IuQ,How I HARD Carried with 3 LOSING TEAMMATES,29,,,,,,,,,,https://www.youtube.com/watch?v=D9tSB8W5IuQ
PerryJG,,4p9cqFFl_I4,How I play after MISTAKES 💔 STABILIZE the Game and 1v9 🗡AVOID this as Viego,24,,,,,,,,,,https://www.youtube.com/watch?v=4p9cqFFl_I4
PerryJG,,KjdLHLZjC1A,how I saved an unwinnable game | GM VOD Review,14,,,,,,,,,,https://www.youtube.com/watch?v=KjdLHLZjC1A
PerryJG,,6Ra6a5UWIQU,How Important Are Fundamentals | Coaching A Hardstuck Diamond Jungle | Graves Guide,67,,,,,,,,,,https://www.youtube.com/watch?v=6Ra6a5UWIQU
PerryJG,,l1DypUO7e1M,How Important Is Mental | Coaching A Titling Diamond Jungle | Viego Guide,59,,,,,,,,,,https://www.youtube.com/watch?v=l1DypUO7e1M
PerryJG,,4mDkdgecAyM,HOW IS THIS POSSIBLE?! - GUESS THE RANK,41,,,,,,,,,,https://www.youtube.com/watch?v=4mDkdgecAyM
PerryJG,,g0b_aPB-m-I,How ONE BUTTON makes you a BETTER JUNGLE,,20000,,,,,,,,,https://www.youtube.com/watch?v=g0b_aPB-m-I
PerryJG,,tEFNmWvBFLA,How This Player Climbed From Emerald To Diamond After ONE MUTED Coaching Session,62,,,,,,,,,,https://www.youtube.com/watch?v=tEFNmWvBFLA
PerryJG,,GfVmMKeQUXc,How to 1v9 and Carry with CRIT VIEGO (Pure Damage Build),30,,,,,,,,,,https://www.youtube.com/watch?v=GfVmMKeQUXc
PerryJG,,Ban8PTIK6Ws,HOW TO 1V9 GAMES 🧐 l perryjg on twitch,,15000,,,,,,,,,https://www.youtube.com/watch?v=Ban8PTIK6Ws
PerryJG,,l-Ff9rgqOOA,How To Abuse Tempo | Jungle Coaching Session,6,,,,,,,,,,https://www.youtube.com/watch?v=l-Ff9rgqOOA
PerryJG,,h2qzdYT8U7g,HOW TO ACTIVELY GANK 💥 | perryjg on twitch,,13000,,,,,,,,,https://www.youtube.com/watch?v=h2qzdYT8U7g
PerryJG,,KE5XygVmu0k,How to ACTUALLY Climb | Win 90% Of Games With This Raptors Trick,64,,,,,,,,,,https://www.youtube.com/watch?v=KE5XygVmu0k
PerryJG,,2EQopA3Qmfo,How to Adjust Viego's Build to Snowball the Game,23,,,,,,,,,,https://www.youtube.com/watch?v=2EQopA3Qmfo
PerryJG,,v5sQRMkKqwU,How to BEAT and COUNTER LVL 1 Invades,5,,,,,,,,,,https://www.youtube.com/watch?v=v5sQRMkKqwU
PerryJG,,idISN-Aic4M,How to CARRY AND CLIMB WITH VIEGO This New Season! - Viego Main's Guide to Season 15,67,,,,,,,,,,https://www.youtube.com/watch?v=idISN-Aic4M
PerryJG,,Z2gUle8UAIw,How to CARRY as a Jungler When Your LANES Are FEEDING (Step-by-Step),22,,,,,,,,,,https://www.youtube.com/watch?v=Z2gUle8UAIw
PerryJG,,kZNNVIpYypo,How To CARRY Games After INTING,15,,,,,,,,,,https://www.youtube.com/watch?v=kZNNVIpYypo
PerryJG,,3ulZkojjUtE,How to Carry Horrible Teammates in Any ELO,24,,,,,,,,,,https://www.youtube.com/watch?v=3ulZkojjUtE
PerryJG,,uFYzK-kh3-I,How to carry with HIGH MECHANICAL JUNGLERS in HIGH ELO! - Lee Sin & Nidalee High Elo Gameplay,63,,,,,,,,,,https://www.youtube.com/watch?v=uFYzK-kh3-I
PerryJG,,TP-7nEZYmbk,How To CARRY With WEAK Teammates - Jungle Fundamentals,19,,,,,,,,,,https://www.youtube.com/watch?v=TP-7nEZYmbk
PerryJG,,SFsN1dqLaV8,HOW TO CHASE CORRECTLY l perryjg on twitch,,4000,,,,,,,,,https://www.youtube.com/watch?v=SFsN1dqLaV8
PerryJG,,x4rc87ZQEf8,How To Clear Efficiently,2,,,,,,,,,,https://www.youtube.com/watch?v=x4rc87ZQEf8
PerryJG,,auJn5-WhskY,How to CLIMB and IMPROVE MENTAL in League 🧠📈 | Perry's Jungle Kingdom,30,,,,,,,,,,https://www.youtube.com/watch?v=auJn5-WhskY
PerryJG,,8iglmVcXkos,HOW TO CLOSE GAMES 🎯 | perryjg on twitch,,26000,,,,,,,,,https://www.youtube.com/watch?v=8iglmVcXkos
PerryJG,,s4Ss1DwFyjs,How to COMEBACK after getting OUTJUNGLED,11,,,,,,,,,,https://www.youtube.com/watch?v=s4Ss1DwFyjs
PerryJG,,jaPc6omsqA0,How To Deal With Early Invades? 🧻 Key Things You Need To Know,27,,,,,,,,,,https://www.youtube.com/watch?v=jaPc6omsqA0
PerryJG,,iBwjkPyc99I,How to deal with INTING TEAMMATES - Jungle Concepts Explained,6,,,,,,,,,,https://www.youtube.com/watch?v=iBwjkPyc99I
PerryJG,,3JNkcOSbpi8,How to deal with TROLLING TEAMMATES!,26,,,,,,,,,,https://www.youtube.com/watch?v=3JNkcOSbpi8
PerryJG,,lYekqMNLwPw,How to DELETE a LANER from the Game,25,,,,,,,,,,https://www.youtube.com/watch?v=lYekqMNLwPw
PerryJG,,JhWX1mOxA7A,HOW TO DODGE VISION l perryjg on twitch,,4900,,,,,,,,,https://www.youtube.com/watch?v=JhWX1mOxA7A
PerryJG,,4xy3QX1ZZa4,HOW TO DRAFT ! l perryjg on twitch,,4000,,,,,,,,,https://www.youtube.com/watch?v=4xy3QX1ZZa4
PerryJG,,c95XDwmbM9A,HOW TO ENJOY LEAGUE l perryjg on twitch,,7200,,,,,,,,,https://www.youtube.com/watch?v=c95XDwmbM9A
PerryJG,,2magXvQOOBk,How to EXTEND YOUR LEAD and SNOWBALL on SHYVANNA,21,,,,,,,,,,https://www.youtube.com/watch?v=2magXvQOOBk
PerryJG,,kq8OpEr6oGs,How to EXTEND YOUR LEAD by POWERFARMING!,18,,,,,,,,,,https://www.youtube.com/watch?v=kq8OpEr6oGs
PerryJG,,58UwHeNqrQc,HOW TO FIGHT CORRECTLY 🧠 l perryjg on twitch,,4400,,,,,,,,,https://www.youtube.com/watch?v=58UwHeNqrQc
PerryJG,,nKfXh4bTEis,How to Gain ADVANTAGE in the Jungle using TEMPO,19,,,,,,,,,,https://www.youtube.com/watch?v=nKfXh4bTEis
PerryJG,,ICFfkiasmvk,How to GANK LIKE A PRO and SNOWBALL TO VICTORY!,24,,,,,,,,,,https://www.youtube.com/watch?v=ICFfkiasmvk
PerryJG,,S_J2Gvtbdeo,HOW TO GET 10 CS PER MINUTE  l perryjg on twitch,,9700,,,,,,,,,https://www.youtube.com/watch?v=S_J2Gvtbdeo
PerryJG,,c02ZjX_3VnY,How to GET OBJECTIVES without SMITE,,13000,,,,,,,,,https://www.youtube.com/watch?v=c02ZjX_3VnY
PerryJG,,42RXQNIHuLA,HOW TO GET OUT OF EMERALD l perryjg on twitch,,29000,,,,,,,,,https://www.youtube.com/watch?v=42RXQNIHuLA
PerryJG,,kRLyQ5IPU60,How To Interact With Lanes (WAVES),,407,,,,,,,,,https://www.youtube.com/watch?v=kRLyQ5IPU60
PerryJG,,ES04RXBtLkc,How to JUNGLE GAP in 5 MINUTES,28,,,,,,,,,,https://www.youtube.com/watch?v=ES04RXBtLkc
PerryJG,,p5H1vu21L6w,How to Know EXACTLY When to Farm or Fight — The Decision that Separates Diamond from Gold,12,,,,,,,,,,https://www.youtube.com/watch?v=p5H1vu21L6w
PerryJG,,79r5-0neFgo,HOW TO LEARN FIGHTING | perryjg on twitch,,5500,,,,,,,,,https://www.youtube.com/watch?v=79r5-0neFgo
PerryJG,,Gcz4I0l-Yx8,HOW TO LEARN LEAGUE 🧠 l perryjg on twitch,,28000,,,,,,,,,https://www.youtube.com/watch?v=Gcz4I0l-Yx8
PerryJG,,W_V13j7lQyA,HOW TO MAKE PLAYS ON WAVES l perryjg on twitch,,4000,,,,,,,,,https://www.youtube.com/watch?v=W_V13j7lQyA
PerryJG,,guXpmUKRg2M,HOW TO MAKE VOLI WORK ✔️ l perryjg on twitch,,15000,,,,,,,,,https://www.youtube.com/watch?v=guXpmUKRg2M
PerryJG,,Bo5E9pv8aGQ,How to make your team LISTEN TO YOUR DAMN PINGS...,22,,,,,,,,,,https://www.youtube.com/watch?v=Bo5E9pv8aGQ
PerryJG,,Dp8APyk-1e0,How to MASTER KAYN and STOMP GAMES,22,,,,,,,,,,https://www.youtube.com/watch?v=Dp8APyk-1e0
PerryJG,,E58ezGPjIKU,How to MASTER KAYN this New Season! - Kayn Main's Guide to Season 15,66,,,,,,,,,,https://www.youtube.com/watch?v=E58ezGPjIKU
PerryJG,,YE6rsgL25P0,How to MASTER LILLIA JUNGLE in Season 15! — Lillia Jungle Guide,66,,,,,,,,,,https://www.youtube.com/watch?v=YE6rsgL25P0
PerryJG,,vRLEmu9M2kg,How to MASTER THE EARLY GAME with Kindred! - Masters Gameplay,11,,,,,,,,,,https://www.youtube.com/watch?v=vRLEmu9M2kg
PerryJG,,MVkN8FdiKM8,How to Min/Max Powerfarming WITHOUT INVADING...,33,,,,,,,,,,https://www.youtube.com/watch?v=MVkN8FdiKM8
PerryJG,,ym2iS2-iKVg,How To NEVER LOSE On Viego - Every Game is WINNABLE!,87,,,,,,,,,,https://www.youtube.com/watch?v=ym2iS2-iKVg
PerryJG,,xoNSHRao1zI,How To NEVER LOSE On Volibear - Comebacks Are Always Possible!,58,,,,,,,,,,https://www.youtube.com/watch?v=xoNSHRao1zI
PerryJG,,8dvAGKPpoN0,How to NOT put yourself behind when playing for GANKS AND INVADES,27,,,,,,,,,,https://www.youtube.com/watch?v=8dvAGKPpoN0
PerryJG,,onN844JVEx8,How to PERFECT the MID GAME! - Playing in Diamond Elo,23,,,,,,,,,,https://www.youtube.com/watch?v=onN844JVEx8
PerryJG,,cCN9qxeJGeY,How To Perfect Your Pre-Game Jungling | Jungle Emerald Coaching,4,,,,,,,,,,https://www.youtube.com/watch?v=cCN9qxeJGeY
PerryJG,,GWMLg1edBVA,How To PERFECTLY Stay Hidden As A Jungler - League Tips #3,15,,,,,,,,,,https://www.youtube.com/watch?v=GWMLg1edBVA
PerryJG,,Q8omsImyAmQ,How to play against a SMURFING PERMA GANK JUNGLER?! (Absolute Chaos 1v9 Game),31,,,,,,,,,,https://www.youtube.com/watch?v=Q8omsImyAmQ
PerryJG,,ajsKSrYQCac,How to play around your WINCON & STRONGSIDE,28,,,,,,,,,,https://www.youtube.com/watch?v=ajsKSrYQCac
PerryJG,,Sb9bE-1ihw8,How to PLAY AROUND YOUR WINCON and WIN THE GAME,12,,,,,,,,,,https://www.youtube.com/watch?v=Sb9bE-1ihw8
PerryJG,,_3tRh8IYLhY,HOW TO PLAY AS BEL'VETH l perryjg on twitch,,8200,,,,,,,,,https://www.youtube.com/watch?v=_3tRh8IYLhY
PerryJG,,JTINmromD6Y,HOW TO PLAY AS EVELYNN l perryjg on twitch,,11000,,,,,,,,,https://www.youtube.com/watch?v=JTINmromD6Y
PerryJG,,ZbZKcGzXlWU,"How to PLAY FROM BEHIND! (Wrong Runes, Early Death, No Flash) - GM Viego Gameplay",23,,,,,,,,,,https://www.youtube.com/watch?v=ZbZKcGzXlWU
PerryJG,,UB6qbLZQD2Y,How to Play Jax Jungle | Jax is a Hidden OP Champ,20,,,,,,,,,,https://www.youtube.com/watch?v=UB6qbLZQD2Y
PerryJG,,kjwx5rvKJK0,How to play like a PSYCHO Jungler (correctly) - Dispelling the Low Elo Narrative as Rek'sai,32,,,,,,,,,,https://www.youtube.com/watch?v=kjwx5rvKJK0
PerryJG,,T1PrENyLxhw,How To Play On Waves,,412,,,,,,,,,https://www.youtube.com/watch?v=T1PrENyLxhw
PerryJG,,olXzR_3-eIw,How to play UDYR in HIGH ELO! - Master Live Coaching,21,,,,,,,,,,https://www.youtube.com/watch?v=olXzR_3-eIw
PerryJG,,VEgmIOwxBm4,How to play UDYR in LOW ELO!,38,,,,,,,,,,https://www.youtube.com/watch?v=VEgmIOwxBm4
PerryJG,,n6Oj_ng2gi8,How to play when BEHIND in Low Elo - Dispelling the Low Elo Narrative as Elise,40,,,,,,,,,,https://www.youtube.com/watch?v=n6Oj_ng2gi8
PerryJG,,E3a-8oIAILo,How to PLAY with your TEAMMATES,,5200,,,,,,,,,https://www.youtube.com/watch?v=E3a-8oIAILo
PerryJG,,NWRb9PgXFzY,How to PROPERLY  INVADE and JUNGLE TRACK,18,,,,,,,,,,https://www.youtube.com/watch?v=NWRb9PgXFzY
PerryJG,,V3PNMgKbfsc,How to PROPERLY FIGHT playing SHYVANA,30,,,,,,,,,,https://www.youtube.com/watch?v=V3PNMgKbfsc
PerryJG,,m1igrrucgFQ,How to PROPERLY gank and why it sucks,32,,,,,,,,,,https://www.youtube.com/watch?v=m1igrrucgFQ
PerryJG,,scotqSxXJYA,How to PROPERLY play around your topside - Playing in Challenger Elo,28,,,,,,,,,,https://www.youtube.com/watch?v=scotqSxXJYA
PerryJG,,uzwXPsiLXrM,How to PROPERLY PLAY JARVAN IV in HIGH ELO,27,,,,,,,,,,https://www.youtube.com/watch?v=uzwXPsiLXrM
PerryJG,,i5JpB6jzdA8,How to PROPERLY SNOWBALL and CARRY games! - Diamond 1 Coaching,73,,,,,,,,,,https://www.youtube.com/watch?v=i5JpB6jzdA8
PerryJG,,35gNdyllMsU,HOW TO READ YOUR TEAMMATES l perryjg on twitch,,4800,,,,,,,,,https://www.youtube.com/watch?v=35gNdyllMsU
PerryJG,,TFEx41tt6Ws,How To Setup Ganks SUCCESSFULLY,,6700,,,,,,,,,https://www.youtube.com/watch?v=TFEx41tt6Ws
PerryJG,,qWNtJCzsxGI,How to SNOWBALL on KAYN and DOMINATE THE GAME!,30,,,,,,,,,,https://www.youtube.com/watch?v=qWNtJCzsxGI
PerryJG,,SMG3v3dWuEk,How to STOMP a game with 3 LOSING LANES - Jungle Concepts Explained,10,,,,,,,,,,https://www.youtube.com/watch?v=SMG3v3dWuEk
PerryJG,,WWtVBvzk92E,How to STOMP GAMES using GOOD TEMPO!,19,,,,,,,,,,https://www.youtube.com/watch?v=WWtVBvzk92E
PerryJG,,XakpVcXVDyM,How to STOP THROWING YOUR LEAD and END THE GAME as Jungle - League of Legends Guide,21,,,,,,,,,,https://www.youtube.com/watch?v=XakpVcXVDyM
PerryJG,,sBnCovLPj3o,How to STOP TILTING EARLY and END THE GAME as Jungle,63,,,,,,,,,,https://www.youtube.com/watch?v=sBnCovLPj3o
PerryJG,,ifGNXz6vitI,HOW TO SURVIVE AN EARLY INVADE ! l perryjg on twitch,,7400,,,,,,,,,https://www.youtube.com/watch?v=ifGNXz6vitI
PerryJG,,OoNrKC8sKXs,How To Teamfight Like A Challenger Jungler,4,,,,,,,,,,https://www.youtube.com/watch?v=OoNrKC8sKXs
PerryJG,,b5_W_dqlqXg,How to Think and Play like a Challenger Player | Jungle Guide 🧠🐻,22,,,,,,,,,,https://www.youtube.com/watch?v=b5_W_dqlqXg
PerryJG,,f45ldK6DgUs,HOW TO TRADE PERFECTLY 🎯 l perryjg on twitch,,13000,,,,,,,,,https://www.youtube.com/watch?v=f45ldK6DgUs
PerryJG,,4XauX49VckQ,how to use an early game lead | Emerald Coaching,10,,,,,,,,,,https://www.youtube.com/watch?v=4XauX49VckQ
PerryJG,,6X0CgLBieW8,How to use FUNDAMENTALS in DIAMOND!,21,,,,,,,,,,https://www.youtube.com/watch?v=6X0CgLBieW8
PerryJG,,X2xeuNiQkzg,How to use kindred ult properly | perryjg on #Twitch,,111000,,,,,,,,,https://www.youtube.com/watch?v=X2xeuNiQkzg
PerryJG,,06aG6SPlhjA,HOW TO WIN FIGHTS 🧠 l perryjg on twitch,,10000,,,,,,,,,https://www.youtube.com/watch?v=06aG6SPlhjA
PerryJG,,6-ioAX_zCyM,How To Win Games As Viego,10,,,,,,,,,,https://www.youtube.com/watch?v=6-ioAX_zCyM
PerryJG,,2sSHoTu6XIc,How to WIN HARD games as JUNGLE,,37000,,,,,,,,,https://www.youtube.com/watch?v=2sSHoTu6XIc
PerryJG,,3kUYaSMJ0WM,how to win with 3 losing lanes | GM Gameplay,31,,,,,,,,,,https://www.youtube.com/watch?v=3kUYaSMJ0WM
PerryJG,,qYF2LrQpTwo,How To Win With A Lead,34,,,,,,,,,,https://www.youtube.com/watch?v=qYF2LrQpTwo
PerryJG,,JULZZogK8Ac,How Viable is AD UDYR this Patch? - Emerald Live Coaching,31,,,,,,,,,,https://www.youtube.com/watch?v=JULZZogK8Ac
PerryJG,,Dlz4w-NLqEQ,I AM THE NA AGURIN 😅🇺🇸 l perryjg on twitch,,402000,,,,,,,,,https://www.youtube.com/watch?v=Dlz4w-NLqEQ
PerryJG,,1_f8G_juCPA,I AM THE STORM ⚡️ l perryjg on twitch,,6600,,,,,,,,,https://www.youtube.com/watch?v=1_f8G_juCPA
PerryJG,,unplgT-ycOM,I AM THE STORM ⚡️l perryjg on twitch,,7600,,,,,,,,,https://www.youtube.com/watch?v=unplgT-ycOM
PerryJG,,LmxmVNCvp-s,I CAME TO CONQUER THE KOREAN SERVER,55,,,,,,,,,,https://www.youtube.com/watch?v=LmxmVNCvp-s
PerryJG,,8csbyVjYDOs,I can't FIX HER,,14000,,,,,,,,,https://www.youtube.com/watch?v=8csbyVjYDOs
PerryJG,,_pvknJfajO4,I COACHED @ludwig DURING HIS LEAGUE WEEK...,33,,,,,,,,,,https://www.youtube.com/watch?v=_pvknJfajO4
PerryJG,,83VbD0sYzEQ,I coached a TENNIS PRO for 1 hour [Challenger Coaching],73,,,,,,,,,,https://www.youtube.com/watch?v=83VbD0sYzEQ
PerryJG,,09HdJACWb4w,I Coached An Immortal Dota 2 player at League... Look At His League Skill,50,,,,,,,,,,https://www.youtube.com/watch?v=09HdJACWb4w
PerryJG,,PuCQxMeX0dc,I Coached COURAGE In League of Legends... Can I Make Him High ELO? (ft. @CouRageJD & @Ninja),60,,,,,,,,,,https://www.youtube.com/watch?v=PuCQxMeX0dc
PerryJG,,2G8t91SY4fg,I COACHED ELEKKTRO! (again) [Challenger Coaching],116,,,,,,,,,,https://www.youtube.com/watch?v=2G8t91SY4fg
PerryJG,,YFhOWoBZpeQ,I DON'T AGREE WITH THIS MINDSET | perryjg on twitch,,7500,,,,,,,,,https://www.youtube.com/watch?v=YFhOWoBZpeQ
PerryJG,,rL4IXjj30PA,I DUOED with @TFBlade  on my climb to Rank 1...,24,,,,,,,,,,https://www.youtube.com/watch?v=rL4IXjj30PA
PerryJG,,bDg3Xf8oqwU,I Faced @Agurinlol to DEFEND AMERICA Again 🇺🇸🦅,23,,,,,,,,,,https://www.youtube.com/watch?v=bDg3Xf8oqwU
PerryJG,,-cwfP0SSiNA,I FOUND FAKER 👀 l perryjg on twitch,,9400,,,,,,,,,https://www.youtube.com/watch?v=-cwfP0SSiNA
PerryJG,,i3X_6ph4Fnc,I GOT COACHED BY A SILVER 💀 l perryjg on twitch,,13000,,,,,,,,,https://www.youtube.com/watch?v=i3X_6ph4Fnc
PerryJG,,hzXaU3fXaZ0,I GOT COACHED BY CHAT GPT 🤖IT WILL CHANGE YOUR PERSPECTIVE,36,,,,,,,,,,https://www.youtube.com/watch?v=hzXaU3fXaZ0
PerryJG,,uejcTVxibPI,I GOT COACHED BY PLATINUM l perryjg on twitch,,6000,,,,,,,,,https://www.youtube.com/watch?v=uejcTVxibPI
PerryJG,,ATralv9N5yo,I GOT COACHED BY RANK 1 HECARIM PLAYER,69,,,,,,,,,,https://www.youtube.com/watch?v=ATralv9N5yo
PerryJG,,KlPHtVZRHEA,I got coached by the BEST BRIAR IN THE WORLD. Here's what I learned. (ft. @L0ganJGs),113,,,,,,,,,,https://www.youtube.com/watch?v=KlPHtVZRHEA
PerryJG,,edoObczN-qE,I Got Coached By The RANK 1 KARTHUS... Here's What I Learned (ft. @Karhus ),65,,,,,,,,,,https://www.youtube.com/watch?v=edoObczN-qE
PerryJG,,U8fz9mgvy4o,I got Coached in Korea and REDISCOVERED League of Legends...,79,,,,,,,,,,https://www.youtube.com/watch?v=U8fz9mgvy4o
PerryJG,,1f2vMC7I1gs,i got that DAWG in me,,872,,,,,,,,,https://www.youtube.com/watch?v=1f2vMC7I1gs
PerryJG,,1N6HvOewwRc,I got the RANK 1 GWEN JUNGLE to coach me. Here's what I learned. @ninkeygwen,84,,,,,,,,,,https://www.youtube.com/watch?v=1N6HvOewwRc
PerryJG,,0jhPGh-7_XM,I HATE THIS ATTITUDE 😤 l perryjg on twitch,,6500,,,,,,,,,https://www.youtube.com/watch?v=0jhPGh-7_XM
PerryJG,,N_SHinuJCnM,I HIT CHALLENGER With VOLIBEAR Jungle - Grind for TOP 10 BEGINS!,29,,,,,,,,,,https://www.youtube.com/watch?v=N_SHinuJCnM
PerryJG,,cjPOTlOJgW4,I just coached one of THE BEST TENNIS PLAYERS IN THE WORLD,63,,,,,,,,,,https://www.youtube.com/watch?v=cjPOTlOJgW4
PerryJG,,a2DKGMQIumw,I LOVE TEEMO JUNGLE 😍 @Manco1lol  l perryjg on twitch,,4800,,,,,,,,,https://www.youtube.com/watch?v=a2DKGMQIumw
PerryJG,,-3FOB_DLfPk,I LOVE THIS TECH 🤩 l perryjg on twitch,,844000,,,,,,,,,https://www.youtube.com/watch?v=-3FOB_DLfPk
PerryJG,,SN7JlhFt4GM,I LOVE THIS VIEWER OPGG  l perryjg on twitch,,11000,,,,,,,,,https://www.youtube.com/watch?v=SN7JlhFt4GM
PerryJG,,2iEGvZYf3JI,I made him an Early Game EXPERT with these tips [Challenger Coaching],16,,,,,,,,,,https://www.youtube.com/watch?v=2iEGvZYf3JI
PerryJG,,XSqWewDVtAo,I made this Graves Player Uninstall After This Game,6,,,,,,,,,,https://www.youtube.com/watch?v=XSqWewDVtAo
PerryJG,,_IxNZFkxxmY,I made this Platinum Student look like a Smurf and 1v9 | LoL Coaching,54,,,,,,,,,,https://www.youtube.com/watch?v=_IxNZFkxxmY
PerryJG,,lMzBKFQrhk8,I PLAYED AGANIST TYLER1 and DESTROYED HIM (using Fundamentals!),19,,,,,,,,,,https://www.youtube.com/watch?v=lMzBKFQrhk8
PerryJG,,fQz9V7idSQc,I Pretended to Be My Teammate in Discord… While They Flamed the Jungler,19,,,,,,,,,,https://www.youtube.com/watch?v=fQz9V7idSQc
PerryJG,,XFu7Z02ms4Q,I REVIEWED (ROASTED) MY VIEWER OPGG l perryjg on twitch,,4700,,,,,,,,,https://www.youtube.com/watch?v=XFu7Z02ms4Q
PerryJG,,uGnY3-kmGVE,I REVIEWED (ROASTED) MY VIEWER OPGG l perryjg on twitch,,4600,,,,,,,,,https://www.youtube.com/watch?v=uGnY3-kmGVE
PerryJG,,_mpjaTWwPl4,I REVIEWED MY VIEWER GAME 😧 l perryjg on twitch,,6800,,,,,,,,,https://www.youtube.com/watch?v=_mpjaTWwPl4
PerryJG,,UAwfBvatgTA,I teach you how to play Viego in 1 hour (everything you need to know),72,,,,,,,,,,https://www.youtube.com/watch?v=UAwfBvatgTA
PerryJG,,m4Ww5Itl0CI,I Thought I Knew Jungle… Until Rank 1 Nunu Showed Me This [Nunu Guide],69,,,,,,,,,,https://www.youtube.com/watch?v=m4Ww5Itl0CI
PerryJG,,_4_w6x36kKY,I thought I mastered Wukong... The RANK 1 WUKONG proved me wrong.,54,,,,,,,,,,https://www.youtube.com/watch?v=_4_w6x36kKY
PerryJG,,JWt-VW_vybU,"I told him ""STOP BEING DELUSIONAL"" - Lol Coaching",31,,,,,,,,,,https://www.youtube.com/watch?v=JWt-VW_vybU
PerryJG,,mM7gQhBvJZg,I took my VI to Challenger to Prove the Nerfs DON'T MATTER 🤜FISTED Spica,17,,,,,,,,,,https://www.youtube.com/watch?v=mM7gQhBvJZg
PerryJG,,Si0Af2sxzcE,I tried 4 Viego Builds to find the BEST ONE (so you don't have to),97,,,,,,,,,,https://www.youtube.com/watch?v=Si0Af2sxzcE
PerryJG,,KslPdY5gCFA,I Tried Aatrox Jungle for 4 Hours — Here’s Why It Works (and Why It Doesn’t).,240,,,,,,,,,,https://www.youtube.com/watch?v=KslPdY5gCFA
PerryJG,,SPm6plBPBZE,I TRIED CORKI JUNGLE 🤯 l perryjg on twitch,,74000,,,,,,,,,https://www.youtube.com/watch?v=SPm6plBPBZE
PerryJG,,iGB-cMbyTok,I TRIED CORKI JUNGLE... AND IT ACTUALLY WORKED?! 😱📦,26,,,,,,,,,,https://www.youtube.com/watch?v=iGB-cMbyTok
PerryJG,,tiIHhq8zDFw,I TRIED TWITCH JUNGLE 🐀 | perryjg on twitch,,27000,,,,,,,,,https://www.youtube.com/watch?v=tiIHhq8zDFw
PerryJG,,_M1Rc2K-QV4,I TROLLED IN LOW ELO l perryjg on twitch,,4700,,,,,,,,,https://www.youtube.com/watch?v=_M1Rc2K-QV4
PerryJG,,XDqEHz9VO1M,I United with @Doublelift & Showed Him THE MOST BROKEN Jungle Champ,44,,,,,,,,,,https://www.youtube.com/watch?v=XDqEHz9VO1M
PerryJG,,jZdL0oLo1lE,I wanted to KILL my top laner... (in game) - Playing in High Elo as Kha'Zix,33,,,,,,,,,,https://www.youtube.com/watch?v=jZdL0oLo1lE
PerryJG,,sPuRWdqGiCY,I WAS #1 KAYN WORLDWIDE l perryjg on twitch,,5900,,,,,,,,,https://www.youtube.com/watch?v=sPuRWdqGiCY
PerryJG,,DI__3uXqx-4,I'm Destroying 3 LCK Pros with this OP Poppy technology,28,,,,,,,,,,https://www.youtube.com/watch?v=DI__3uXqx-4
PerryJG,,8MGphJotq2I,If You Are Below Diamond Watch This Coaching Session,57,,,,,,,,,,https://www.youtube.com/watch?v=8MGphJotq2I
PerryJG,,bfw7EBFL_eo,If you are LOST on Volibear you need to Watch these Games ⚡ KR Chall BUILD GUIDE,73,,,,,,,,,,https://www.youtube.com/watch?v=bfw7EBFL_eo
PerryJG,,_thmUQPljNo,"If You Can Never Find Good Ganks, Watch This Video - How JUNGLE TEMPO Can Be Your BIGGEST STRENGTH",20,,,,,,,,,,https://www.youtube.com/watch?v=_thmUQPljNo
PerryJG,,JRJwt-ZtpCM,"If you main a Ganking Jungler, watch this video - Dispelling the Low Elo Narrative as Xin Zhao",26,,,,,,,,,,https://www.youtube.com/watch?v=JRJwt-ZtpCM
PerryJG,,DB2fZUnftQw,If you play a GANKING JUNGLER🍁this video will SNAP you back to REALITY,21,,,,,,,,,,https://www.youtube.com/watch?v=DB2fZUnftQw
PerryJG,,SoqqtHPR2dQ,"If you're Bronze, STOP blaming your Teammates - Dispelling the Low Elo Narrative as Nocturne",33,,,,,,,,,,https://www.youtube.com/watch?v=SoqqtHPR2dQ
PerryJG,,bHDl_cdanVU,"If you're Emerald or below, watch this video - Dispelling the Low Elo Narrative",36,,,,,,,,,,https://www.youtube.com/watch?v=bHDl_cdanVU
PerryJG,,TQSYFXhrwDU,IF YOU'RE IRON - GOLD l perryjg on twitch,,24000,,,,,,,,,https://www.youtube.com/watch?v=TQSYFXhrwDU
PerryJG,,Cma1kKLmdp4,"If you're playing for KILLS, at LEAST DO IT RIGHT. - How to Play for Kills",24,,,,,,,,,,https://www.youtube.com/watch?v=Cma1kKLmdp4
PerryJG,,llLtjktfuTY,IM LEE SIN IRL l perryjg on twitch,,4600,,,,,,,,,https://www.youtube.com/watch?v=llLtjktfuTY
PerryJG,,JgERCiy0imE,IMPORTANT WARWICK SPELL 🐺 l perryjg on twitch,,11000,,,,,,,,,https://www.youtube.com/watch?v=JgERCiy0imE
PerryJG,,qty9ZSSgu1Q,IN AND OUT FIGHTING ⚡ | perryjg on twitch,,11000,,,,,,,,,https://www.youtube.com/watch?v=qty9ZSSgu1Q
PerryJG,,0p8zXFlvW7o,IN AND OUT FIGHTING 👀 l perryjg on twitch,,15000,,,,,,,,,https://www.youtube.com/watch?v=0p8zXFlvW7o
PerryJG,,Ci-_EQ54HWc,IN AND OUT FIGHTING 🧠 l perryjg on twitch,,12000,,,,,,,,,https://www.youtube.com/watch?v=Ci-_EQ54HWc
PerryJG,,qZbLRxh50wA,INDEPTH 14.23 JUNGLE TIER LIST: What is the State of Jungle Right now? - League of Legends,21,,,,,,,,,,https://www.youtube.com/watch?v=qZbLRxh50wA
PerryJG,,zbR5_weSF8w,INDEPTH GUIDE TO MID GAME - How to ACTUALLY Close Out Games,36,,,,,,,,,,https://www.youtube.com/watch?v=zbR5_weSF8w
PerryJG,,nUgg1fDES94,INDEPTH High Elo Competitive VOD REVIEW! - D1 Clash,61,,,,,,,,,,https://www.youtube.com/watch?v=nUgg1fDES94
PerryJG,,XmmluDgWBzU,INDEPTH Viego Itemization Guide - Four Builds you should be using EVERY GAME,19,,,,,,,,,,https://www.youtube.com/watch?v=XmmluDgWBzU
PerryJG,,qz1hjskdzK4,insane fast look #fyp #xyzbca #foryoupage #viral #perryjg,,774,,,,,,,,,https://www.youtube.com/watch?v=qz1hjskdzK4
PerryJG,,qZmssBb8bGU,INTENSE CHASE 😂 l perryjg on twitch,,7400,,,,,,,,,https://www.youtube.com/watch?v=qZmssBb8bGU
PerryJG,,grnB8tPi3dc,INTENSE DIVE ! l perry jg on twitch,,21000,,,,,,,,,https://www.youtube.com/watch?v=grnB8tPi3dc
PerryJG,,uK63dz5H5Hs,INTENSE DIVE 😂 ft @TFBlade,,9800,,,,,,,,,https://www.youtube.com/watch?v=uK63dz5H5Hs
PerryJG,,sEn7QT6iLb4,INTERESTING STUDENT 😅 l perryjg on twitch,,4900,,,,,,,,,https://www.youtube.com/watch?v=sEn7QT6iLb4
PerryJG,,m7ITufASErU,INTING IS PART OF LEAGUE l perryjg on twitch,,6700,,,,,,,,,https://www.youtube.com/watch?v=m7ITufASErU
PerryJG,,-AHbY5RHGNk,INVADING IS ACTUALLY BROKEN 💥 | perryjg on twitch,,33000,,,,,,,,,https://www.youtube.com/watch?v=-AHbY5RHGNk
PerryJG,,6gDmklYugD4,INVADING RESPONSE 😠 l perryjg on twitch,,16000,,,,,,,,,https://www.youtube.com/watch?v=6gDmklYugD4
PerryJG,,B_prZOzqQ1A,Ioki and Geranimo LITERALLY TWEAKING,,2200,,,,,,,,,https://www.youtube.com/watch?v=B_prZOzqQ1A
PerryJG,,KTtnkWw8CBc,ioki clash fight,,1700,,,,,,,,,https://www.youtube.com/watch?v=KTtnkWw8CBc
PerryJG,,sNx33S5qMpA,Iron 4 Player learns the Fundamentals of Jungling for the First Time,43,,,,,,,,,,https://www.youtube.com/watch?v=sNx33S5qMpA
PerryJG,,jUapMZ3JXwI,IS AMBESSA A GOOD JUNGLER ? l perryjg on twitch,,5700,,,,,,,,,https://www.youtube.com/watch?v=jUapMZ3JXwI
PerryJG,,ZFUo9A1TEA4,Is AP Or AD Udyr REALLY Better? - Challenger Udyr Jungle Gameplay,29,,,,,,,,,,https://www.youtube.com/watch?v=ZFUo9A1TEA4
PerryJG,,pDJsW6TGz34,IS EUW BETTER THAN NA ? l perryjg on twitch,,6400,,,,,,,,,https://www.youtube.com/watch?v=pDJsW6TGz34
PerryJG,,4G1TnIvsxTE,IS HERALD STRONG ? l perryjg on twitch,,11000,,,,,,,,,https://www.youtube.com/watch?v=4G1TnIvsxTE
PerryJG,,jy_USoBJCA4,Is One Tricking Good or Bad? - Why One Tricking is OP,17,,,,,,,,,,https://www.youtube.com/watch?v=jy_USoBJCA4
PerryJG,,yVpHU8piPrw,IS SHYVANA STILL GOOD ? l perryjg on twitch,,3500,,,,,,,,,https://www.youtube.com/watch?v=yVpHU8piPrw
PerryJG,,r8U2RRvSso0,Is THIS Considered Inting? #leagueoflegends,,30000,,,,,,,,,https://www.youtube.com/watch?v=r8U2RRvSso0
PerryJG,,bxqCrSkmfwc,Is This JUSTIFIABLE? 🤔 l perryjg on twitch,,22000,,,,,,,,,https://www.youtube.com/watch?v=bxqCrSkmfwc
PerryJG,,J4xXmROUp58,Is This JUSTIFIABLE? 🤔 l perryjg on twitch,,261000,,,,,,,,,https://www.youtube.com/watch?v=J4xXmROUp58
PerryJG,,8VLb3A6s-RQ,Is this the STRONGEST JUNGLER?,,25000,,,,,,,,,https://www.youtube.com/watch?v=8VLb3A6s-RQ
PerryJG,,zVC7faL_GWo,IS UDYR EASY TO PLAY ? l perryjg on twitch,,6700,,,,,,,,,https://www.youtube.com/watch?v=zVC7faL_GWo
PerryJG,,Jag0a_eq1yA,IT DOESN'T GET BETTER 😥 l perryjg on twitch,,5200,,,,,,,,,https://www.youtube.com/watch?v=Jag0a_eq1yA
PerryJG,,CkAoMJyMDKU,It's OKAY to GET INVADED,,34000,,,,,,,,,https://www.youtube.com/watch?v=CkAoMJyMDKU
PerryJG,,0kv9CKC3P4A,ITEM SPIKE ON NOCTURNE ! l perryjg on twitch,,4100,,,,,,,,,https://www.youtube.com/watch?v=0kv9CKC3P4A
PerryJG,,KjSPHLsFvUU,ITEMIZE CORRECTLY 🧠 l perryjg on twitch,,8500,,,,,,,,,https://www.youtube.com/watch?v=KjSPHLsFvUU
PerryJG,,k9DatS4YVaM,ITS NOT ABOUT THE CHAMP ❌ l perryjg on twitch,,21000,,,,,,,,,https://www.youtube.com/watch?v=k9DatS4YVaM
PerryJG,,G52MRuAeZbk,ITS NOT WORTH IT 💀 l perryjg on twitch,,11000,,,,,,,,,https://www.youtube.com/watch?v=G52MRuAeZbk
PerryJG,,YvIih1MZwlU,ITS THE VIDEO GAME 😎  l perryjg on twitch,,31000,,,,,,,,,https://www.youtube.com/watch?v=YvIih1MZwlU
PerryJG,,jxWtOPBt1j0,J4 IN KOREAN SOLO Q 👀 l perryjg on twitch,,8400,,,,,,,,,https://www.youtube.com/watch?v=jxWtOPBt1j0
PerryJG,,WFkeLPDFtgQ,jarvan eq eq eq eq #leagueoflegends #league #riotgames #fyp #jungle #streamer #twitch,,11000,,,,,,,,,https://www.youtube.com/watch?v=WFkeLPDFtgQ
PerryJG,,yCHLbcd4NLU,Jax Jungle Is Free LP #fyp #xyzbca #foryoupage #viral #perryjg,,7600,,,,,,,,,https://www.youtube.com/watch?v=yCHLbcd4NLU
PerryJG,,fgLsbc9kR60,JAX JUNGLE IS OP 💪 l perryjg on twitch,,26000,,,,,,,,,https://www.youtube.com/watch?v=fgLsbc9kR60
PerryJG,,9dNIrtHi0w4,Joining DSG!,2,,,,,,,,,,https://www.youtube.com/watch?v=9dNIrtHi0w4
PerryJG,,5zRBV8m9DoA,Jojo godlike shotcalling | Corejj Inhouses | #league #leagueoflegends #riotgames #fyp #twitch,,1500,,,,,,,,,https://www.youtube.com/watch?v=5zRBV8m9DoA
PerryJG,,sYWdvTAUooM,Jojopyun is a different beast| Corejj Inhouses | #league #leagueoflegends #riotgames #fyp #twitch,,3100,,,,,,,,,https://www.youtube.com/watch?v=sYWdvTAUooM
PerryJG,,LaTwqBPyxQA,JUNGLE and SUPPORT getting NERFED,,69000,,,,,,,,,https://www.youtube.com/watch?v=LaTwqBPyxQA
PerryJG,,N2NPliCmV8g,Jungle Coach Describes Season 15 Jungle Meta #leagueoflegends #jungle,,22000,,,,,,,,,https://www.youtube.com/watch?v=N2NPliCmV8g
PerryJG,,GaHY0kXRr7Y,Jungle Educational + TIPS,148,,,,,,,,,,https://www.youtube.com/watch?v=GaHY0kXRr7Y
PerryJG,,3JwIaap9Vlg,Jungle Educational + TIPS,79,,,,,,,,,,https://www.youtube.com/watch?v=3JwIaap9Vlg
PerryJG,,1TSwrc52gVc,Jungle Educational + TIPS,145,,,,,,,,,,https://www.youtube.com/watch?v=1TSwrc52gVc
PerryJG,,SPA0ep6JeUA,Jungle Fundamentals EVERYONE Needs to Know - LoL Coaching,69,,,,,,,,,,https://www.youtube.com/watch?v=SPA0ep6JeUA
PerryJG,,bSg0ZTA3p08,Jungle Gapping SHEIDEN In A Challenger Lobby | Educational Jungling Commentary,24,,,,,,,,,,https://www.youtube.com/watch?v=bSg0ZTA3p08
PerryJG,,Bn2Bcd_vKKg,Jungle Gapping TARZANED In A Challenger Lobby | Jungling Commentary,24,,,,,,,,,,https://www.youtube.com/watch?v=Bn2Bcd_vKKg
PerryJG,,1ot8XLpuW54,"JUNGLE IS NOT HARD ,THIS IS.. l perryjg on twitch",,8300,,,,,,,,,https://www.youtube.com/watch?v=1ot8XLpuW54
PerryJG,,a0UVq6mpDh4,JUNGLE is the MOST BORING ROLE,,20000,,,,,,,,,https://www.youtube.com/watch?v=a0UVq6mpDh4
PerryJG,,OjFq2qPmFOE,JUNGLE QUIZ #twitch #twitchstreamer #riot #leagueoflegends #gamer #coach #education,,53000,,,,,,,,,https://www.youtube.com/watch?v=OjFq2qPmFOE
PerryJG,,-8w7ud0dklo,Jungle Student Learns to Consistently Carry Games with These Fundamentals - LoL Coaching,37,,,,,,,,,,https://www.youtube.com/watch?v=-8w7ud0dklo
PerryJG,,OA7cUsDgrAw,JUNGLE TIERLIST for PATCH 14.21 (IN DEPTH) - League of Legends,15,,,,,,,,,,https://www.youtube.com/watch?v=OA7cUsDgrAw
PerryJG,,pJrFrUr8YDE,Jungle Tracking - Challenger Jungler Explains,7,,,,,,,,,,https://www.youtube.com/watch?v=pJrFrUr8YDE
PerryJG,,CJJs1kqNdAI,JUNGLEEE GAPP BY COACH PERRY #fyp #xyzbca #foryoupage #viral #perryjg,,2100,,,,,,,,,https://www.youtube.com/watch?v=CJJs1kqNdAI
PerryJG,,dy7fFpzIyDk,Karthus Q is NOT what you think,,24000,,,,,,,,,https://www.youtube.com/watch?v=dy7fFpzIyDk
PerryJG,,EeAuX6iqUxc,KAYN IS NOT WEAK 💪l perryjg on twitch,,10000,,,,,,,,,https://www.youtube.com/watch?v=EeAuX6iqUxc
PerryJG,,qRvrY-bmWKk,KAYN IS STILL STRONG ! l perryjg on twitch,,4400,,,,,,,,,https://www.youtube.com/watch?v=qRvrY-bmWKk
PerryJG,,u8U1urxS2gY,KAYN LEVEL 1 INVADE 👀 l perryjg on twitch,,18000,,,,,,,,,https://www.youtube.com/watch?v=u8U1urxS2gY
PerryJG,,SErvH7PRw3s,KINDRED IS WORTH LEARNING 👀 l perryjg on twitch,,19000,,,,,,,,,https://www.youtube.com/watch?v=SErvH7PRw3s
PerryJG,,Zr4yGA4W4Ds,KNOW YOUR CHAMPION 🧐 l perryjg on twitch,,4500,,,,,,,,,https://www.youtube.com/watch?v=Zr4yGA4W4Ds
PerryJG,,05JOhVd12fw,KOREA IS AMAZING 🤗 l perryjg on twitch,,12000,,,,,,,,,https://www.youtube.com/watch?v=05JOhVd12fw
PerryJG,,DTt729JNcN0,KOREAN SOLO Q 🇰🇷 l perryjg on twitch,,7500,,,,,,,,,https://www.youtube.com/watch?v=DTt729JNcN0
PerryJG,,aFp59dMU24U,KOREANS DON'T CARE 😎 l perryjg on twitch,,416000,,,,,,,,,https://www.youtube.com/watch?v=aFp59dMU24U
PerryJG,,niXG7B9bXqU,KOREANS ENJOY LEAGUE! 🤨 l perryjg on twitch,,15000,,,,,,,,,https://www.youtube.com/watch?v=niXG7B9bXqU
PerryJG,,R9r6uKw5X84,KR BETTER THAN NA? 🇰🇷 l perryjg on twitch,,8800,,,,,,,,,https://www.youtube.com/watch?v=R9r6uKw5X84
PerryJG,,4WHPRY02y1I,Kraken VS BOTRK Clear | Viego Jungle,3,,,,,,,,,,https://www.youtube.com/watch?v=4WHPRY02y1I
PerryJG,,2-mC9hBmCgo,Learn how to DEAL MAXIMUM DAMAGE with Kayn ⛏😈 The BEST ASSASSIN in Korean Challenger,29,,,,,,,,,,https://www.youtube.com/watch?v=2-mC9hBmCgo
PerryJG,,NzQaso6wUa4,Learn How To PLAY for TEMPO,,16000,,,,,,,,,https://www.youtube.com/watch?v=NzQaso6wUa4
PerryJG,,9TLHes1S9iM,LEARN How To Play with Your WIN CONDITION,25,,,,,,,,,,https://www.youtube.com/watch?v=9TLHes1S9iM
PerryJG,,VMqQ7IzWLbA,Learn how to use the Cosmic Drive BEAR 🐻​ ⁨@pzzzang3 FEARS me in Korean Challenger,25,,,,,,,,,,https://www.youtube.com/watch?v=VMqQ7IzWLbA
PerryJG,,7fs8eRxmmSU,LEARN LEAGUE FIRST 👀 l perryjg on twitch,,14000,,,,,,,,,https://www.youtube.com/watch?v=7fs8eRxmmSU
PerryJG,,QsVZE0DjldQ,Learn LOW ELO Fundamentals To Escape Elo HELL | Bronze Bel'veth Coaching,56,,,,,,,,,,https://www.youtube.com/watch?v=QsVZE0DjldQ
PerryJG,,n3RpfFhlkoU,LEARN THIS TO MASTER FIDDLESTICKS  l perryjg on twitch,,183000,,,,,,,,,https://www.youtube.com/watch?v=n3RpfFhlkoU
PerryJG,,HwwqCaYSkOM,Learning EVERYTHING about EKKO JUNGLE from RANK 1 OTP @TryhardEkkoXD,52,,,,,,,,,,https://www.youtube.com/watch?v=HwwqCaYSkOM
PerryJG,,CE0NxVhy15s,Learning how the RANK 1 LILLIA plays LILLIA JUNGLE! - Lillia Jungle Guide with @KireiLOL,72,,,,,,,,,,https://www.youtube.com/watch?v=CE0NxVhy15s
PerryJG,,vSNNb0hBw1U,Learning How To Abuse Fundamentals To Secure Easy Wins | Emerald Jungle Coaching,64,,,,,,,,,,https://www.youtube.com/watch?v=vSNNb0hBw1U
PerryJG,,FRKG-obPW4Y,Lee Sin 1v9 PLAYS | perryjg on #Twitch,,1500,,,,,,,,,https://www.youtube.com/watch?v=FRKG-obPW4Y
PerryJG,,Ivk9szxoOIs,legendary jungle 1v1  | perryjg on #Twitch,,8300,,,,,,,,,https://www.youtube.com/watch?v=Ivk9szxoOIs
PerryJG,,Y8xK1ohiZSo,LETHALITY POPPY is SO FUN,,29000,,,,,,,,,https://www.youtube.com/watch?v=Y8xK1ohiZSo
PerryJG,,MmIV3yfFGUk,LIVE Coaching @Ludwig   to PLAT BY ANY MEANS NECESSARY.,41,,,,,,,,,,https://www.youtube.com/watch?v=MmIV3yfFGUk
PerryJG,,Vi_pwP6Q4W8,LIVING OVER GETTING KILLS l perryjg on twitch,,3700,,,,,,,,,https://www.youtube.com/watch?v=Vi_pwP6Q4W8
PerryJG,,gdrirGZ1yxI,LLIILLIAAAA DAMAGE WTF | perryjg on #Twitch,,1000,,,,,,,,,https://www.youtube.com/watch?v=gdrirGZ1yxI
PerryJG,,6OwRwBVwByQ,LOCKE is Low-cKey INSANE,,7800,,,,,,,,,https://www.youtube.com/watch?v=6OwRwBVwByQ
PerryJG,,xn6iZOpLTK4,Locke's Perfect Role!,,9700,,,,,,,,,https://www.youtube.com/watch?v=xn6iZOpLTK4
PerryJG,,ZKIpug1ud0M,LOOK TO FIGHT 👊 l perryjg on twitch,,7200,,,,,,,,,https://www.youtube.com/watch?v=ZKIpug1ud0M
PerryJG,,k1yPKHhm4fc,LOOKING FOR PICKS 👀 l perryjg on twitch,,9000,,,,,,,,,https://www.youtube.com/watch?v=k1yPKHhm4fc
PerryJG,,ijljnZaoMhc,LOSING IS PART OF LEAGUE l perryjg on twitch,,4800,,,,,,,,,https://www.youtube.com/watch?v=ijljnZaoMhc
PerryJG,,1Zx20WNqpuE,losing to 33 year old man IWDominate #fyp #xyzbca #foryoupage #viral #perryjg,,5000,,,,,,,,,https://www.youtube.com/watch?v=1Zx20WNqpuE
PerryJG,,8xriB-bL3zY,Love This Viego Build!,,2700,,,,,,,,,https://www.youtube.com/watch?v=8xriB-bL3zY
PerryJG,,7h3FUpknudQ,Low elo ALWAYS forgets this FUNDAMENTAL 🥶,,22000,,,,,,,,,https://www.youtube.com/watch?v=7h3FUpknudQ
PerryJG,,ZTTuyrvj1zs,LOW ELO HATES This COMEBACK Method,29,,,,,,,,,,https://www.youtube.com/watch?v=ZTTuyrvj1zs
PerryJG,,1-DYmrFubOw,Low Elo Mistakes that are LOSING YOUR GAMES!,58,,,,,,,,,,https://www.youtube.com/watch?v=1-DYmrFubOw
PerryJG,,ZNFyWMtqqMg,LUDWIG DREAMS ABOUT LEAGUE 😅 l perryjg on twitch,,58000,,,,,,,,,https://www.youtube.com/watch?v=ZNFyWMtqqMg
PerryJG,,wUXGwZf9SZ0,LUDWIG IN CHALLENGER ? 😅 l perryjg on twitch,,399000,,,,,,,,,https://www.youtube.com/watch?v=wUXGwZf9SZ0
PerryJG,,D7f5f5Lcniw,LUDWIG IS SMURFING 🤯 l perryjg on twitch,,15000,,,,,,,,,https://www.youtube.com/watch?v=D7f5f5Lcniw
PerryJG,,CVeFjjCnsbw,LUDWIG the AMUMU PRODIGY? (maybe...) - Coaching Ludwig,48,,,,,,,,,,https://www.youtube.com/watch?v=CVeFjjCnsbw
PerryJG,,KVDoswBdPj8,"LUDWIG'S TRAINING ARC CONTINUES... - Interview, Full VOD Review, Live Game, etc!",84,,,,,,,,,,https://www.youtube.com/watch?v=KVDoswBdPj8
PerryJG,,lpB2pz8986k,LUDWIG'S ZONING FLASH 😳 l  perryjg on twitch,,33000,,,,,,,,,https://www.youtube.com/watch?v=lpB2pz8986k
PerryJG,,U1zEXQ5nplo,Main Channel VIDS | 70% WR CHALL,208,,,,,,,,,,https://www.youtube.com/watch?v=U1zEXQ5nplo
PerryJG,,2H3mB2UIrX4,Making 4K GOLD in ONE MINUTE,,27000,,,,,,,,,https://www.youtube.com/watch?v=2H3mB2UIrX4
PerryJG,,wgUwaNRshS8,Making the enemy ADC Run It DOWN by BREAKING FUNDAMENTALS - Jungle Concepts Explained,8,,,,,,,,,,https://www.youtube.com/watch?v=wgUwaNRshS8
PerryJG,,mE3z6SHhvew,MASTER Players Are DELUSIONAL,,6900,,,,,,,,,https://www.youtube.com/watch?v=mE3z6SHhvew
PerryJG,,rn24rm2rMEk,Master The Jungle | Emerald Coaching,58,,,,,,,,,,https://www.youtube.com/watch?v=rn24rm2rMEk
PerryJG,,mwI0yltpoYc,MASTER YI IS GREAT!,,420,,,,,,,,,https://www.youtube.com/watch?v=mwI0yltpoYc
PerryJG,,MU_DYIS-dRk,MASTER YI IS NOT EASY ❌ l perryjg on twitch,,20000,,,,,,,,,https://www.youtube.com/watch?v=MU_DYIS-dRk
PerryJG,,tsmeWZYfPgA,Master Yi is NOT for LOW ELO,,20000,,,,,,,,,https://www.youtube.com/watch?v=tsmeWZYfPgA
PerryJG,,nqflA2QucGQ,MASTER YI IS POWERFUL 💪 l perryjg on twitch,,6000,,,,,,,,,https://www.youtube.com/watch?v=nqflA2QucGQ
PerryJG,,Q35rKffRuSw,Mastering Jungle | Want to Improve Your Jungling? (FULL VOD),148,,,,,,,,,,https://www.youtube.com/watch?v=Q35rKffRuSw
PerryJG,,yI4BMum_jt8,Masters Coaching | Impacting The Early Game,37,,,,,,,,,,https://www.youtube.com/watch?v=yI4BMum_jt8
PerryJG,,X9Uk6BCooeg,Masters Player Learns The Difference Between Ranks | Masters Jungle Hecarim Coaching,63,,,,,,,,,,https://www.youtube.com/watch?v=X9Uk6BCooeg
PerryJG,,DpwCAfCHZUk,Mathematically Accurate Kraken VS BOTRK Full Discussion | Viego Jungle,9,,,,,,,,,,https://www.youtube.com/watch?v=DpwCAfCHZUk
PerryJG,,RIro7KcXJP8,Mediocre Jungler turned Macro Genius During this Coaching - [Challenger Coaching],62,,,,,,,,,,https://www.youtube.com/watch?v=RIro7KcXJP8
PerryJG,,jHz-4xz4LuM,Mid Game 101 - How to PROPERLY play Mid Game - Jungle Concepts Explained,20,,,,,,,,,,https://www.youtube.com/watch?v=jHz-4xz4LuM
PerryJG,,yfhATDqC76A,Midlane quest has a CATCH #leagueoflegends,,250000,,,,,,,,,https://www.youtube.com/watch?v=yfhATDqC76A
PerryJG,,qMcGvjWUEXw,MIND = CONTROLLED 🧐 l perryjg on twitch,,8300,,,,,,,,,https://www.youtube.com/watch?v=qMcGvjWUEXw
PerryJG,,E-IJCj3t8MA,MINIMIZE YOUR LOSSES ✅ l perryjg on twitch,,14000,,,,,,,,,https://www.youtube.com/watch?v=E-IJCj3t8MA
PerryJG,,lkPM1SYIQsc,MORDEKAISER IS S TIER 🤯 l perryjg on twitch,,40000,,,,,,,,,https://www.youtube.com/watch?v=lkPM1SYIQsc
PerryJG,,YwBdxeON9yU,MOST BROKEN BUILD 🤯 l perryjg on twitch,,9600,,,,,,,,,https://www.youtube.com/watch?v=YwBdxeON9yU
PerryJG,,gvshooTCtF0,MOST BROKEN ROLES l perryjg on twitch,,12000,,,,,,,,,https://www.youtube.com/watch?v=gvshooTCtF0
PerryJG,,2rfem2FLJh8,Most Mental Jungler In the Dantes Tournament,,5600,,,,,,,,,https://www.youtube.com/watch?v=2rfem2FLJh8
PerryJG,,LwrJcCIW12w,MOST SATISFYING SEJUANI ENGAGE #fyp #xyzbca #foryoupage #viral #perryjg,,5400,,,,,,,,,https://www.youtube.com/watch?v=LwrJcCIW12w
PerryJG,,jf-CSoY8u1U,MOUNTAIN DRAKE SAVED HIM 😳 l perryjg on twitch,,5600,,,,,,,,,https://www.youtube.com/watch?v=jf-CSoY8u1U
PerryJG,,-npbv8aj8x4,MUNDO is S Tier  💥 l perryjg on twitch,,15000,,,,,,,,,https://www.youtube.com/watch?v=-npbv8aj8x4
PerryJG,,qjE9rP6gRyU,MUNDO JUNGLE BASICS 💪l perryjg on twitch,,36000,,,,,,,,,https://www.youtube.com/watch?v=qjE9rP6gRyU
PerryJG,,yGFRoea8LUA,MUST HAVE FUNDAMENTALS WHILE PLAYING | perryjg on #Twitch,,8300,,,,,,,,,https://www.youtube.com/watch?v=yGFRoea8LUA
PerryJG,,hC34VZYeFIc,My Bot Lane locked in Annie Ivern?! | Disguised Toast Legends Event Scrims,5,,,,,,,,,,https://www.youtube.com/watch?v=hC34VZYeFIc
PerryJG,,MoQQgFO0tsc,MY COACHING DISCOUNT 😅  l perryjg on twitch,,15000,,,,,,,,,https://www.youtube.com/watch?v=MoQQgFO0tsc
PerryJG,,k_hqSL3uOLQ,My FAVORITE champ this Patch...,34,,,,,,,,,,https://www.youtube.com/watch?v=k_hqSL3uOLQ
PerryJG,,d8hOQM4BCM8,MY FIRST LEAGUE MAIN l perryjg on twitch,,5500,,,,,,,,,https://www.youtube.com/watch?v=d8hOQM4BCM8
PerryJG,,IeUWuhdojGg,MY No.1 ADVICE TO CLIMBING 🚀 l perryjg on twitch,,8500,,,,,,,,,https://www.youtube.com/watch?v=IeUWuhdojGg
PerryJG,,R4sN1YwDkKc,MY No.1 ADVICE 👀 l perryjg on twitch,,6200,,,,,,,,,https://www.youtube.com/watch?v=R4sN1YwDkKc
PerryJG,,mOc1C_J3Wn0,MY No.1 TIP FOR TEAM FIGHTING l perryjg on twitch,,6800,,,,,,,,,https://www.youtube.com/watch?v=mOc1C_J3Wn0
PerryJG,,lEJuhRGKLZI,MY S+ TIER CHAMPIONS l perryjg on twitch,,4200,,,,,,,,,https://www.youtube.com/watch?v=lEJuhRGKLZI
PerryJG,,QVf5SJV-GYY,MY SMITE BAIT 👀 | perryjg on twitch,,17000,,,,,,,,,https://www.youtube.com/watch?v=QVf5SJV-GYY
PerryJG,,3TOJVTD3Bcg,MY STRUGGLE IN HIGH ELO l perryjg on twitch,,1200,,,,,,,,,https://www.youtube.com/watch?v=3TOJVTD3Bcg
PerryJG,,aJq0kMtP3D0,MY STUDENT FUMBLED THIS GANK l perryjg on twitch,,7300,,,,,,,,,https://www.youtube.com/watch?v=aJq0kMtP3D0
PerryJG,,O0LgF2-iMIA,MY STUDENT GOT SKILLS 😅 l perryjg on twitch,,14000,,,,,,,,,https://www.youtube.com/watch?v=O0LgF2-iMIA
PerryJG,,HU9tuJFU7XE,My Thoughts on Ivern (PLEASE REMOVE DAISY) | perryjg on Twitch,,44000,,,,,,,,,https://www.youtube.com/watch?v=HU9tuJFU7XE
PerryJG,,BuiPoi0RUwk,MY THOUGHTS ON UDYR l perryjg on twitch,,3900,,,,,,,,,https://www.youtube.com/watch?v=BuiPoi0RUwk
PerryJG,,tLES6PFXl8Q,MY TOP INVITED ME TO A CALL 😂 l perryjg on twitch,,6600,,,,,,,,,https://www.youtube.com/watch?v=tLES6PFXl8Q
PerryJG,,L9A2Lm6h26I,MY TOPLANER INVITED ME TO A DISCORD CALL ! l perryjg on twitch,,29000,,,,,,,,,https://www.youtube.com/watch?v=L9A2Lm6h26I
PerryJG,,Q04Fyp5C0F0,MY TOPLANER INVITED ME TO CALL IN RANKED SOLOQ...,13,,,,,,,,,,https://www.youtube.com/watch?v=Q04Fyp5C0F0
PerryJG,,9hZF-HuzfeM,MY VI AGAINST SPICA 👊 l perryjg on twitch,,9900,,,,,,,,,https://www.youtube.com/watch?v=9hZF-HuzfeM
PerryJG,,Oo1lBINe73c,NA Legends Invitational Winner's POV | Day 1 Highlights,33,,,,,,,,,,https://www.youtube.com/watch?v=Oo1lBINe73c
PerryJG,,kkT5zNNiJkg,NA Pro Play Comms | Pro Jungler FEAR Perry gets PENTAKILL in #NACL #leagueoflegends #kindred,,357,,,,,,,,,https://www.youtube.com/watch?v=kkT5zNNiJkg
PerryJG,,qAHIQmosJgg,NEVER FF 👊 l perryjg on twitch,,7700,,,,,,,,,https://www.youtube.com/watch?v=qAHIQmosJgg
PerryJG,,2hdP0Abd3pc,NEVER SAVE YOUR TEAMMATES  ❌ | perryjg on twitch,,5000,,,,,,,,,https://www.youtube.com/watch?v=2hdP0Abd3pc
PerryJG,,Q_XJgUKvvQ8,NEW 13.18 Best Junglers Tier List | Jungle League of Legends,7,,,,,,,,,,https://www.youtube.com/watch?v=Q_XJgUKvvQ8
PerryJG,,c8hIepPmdnQ,NEW BUG @ludwig 😂 l perryjg on twitch,,66000,,,,,,,,,https://www.youtube.com/watch?v=c8hIepPmdnQ
PerryJG,,KVBr5yuOlnA,NEW ITEM is PERFECT on this champion,,19000,,,,,,,,,https://www.youtube.com/watch?v=KVBr5yuOlnA
PerryJG,,7tcqC8HMnKM,NEW JUNGLE TIERLIST for PATCH 14.20 (IN DEPTH) - League of Legends | FT. @ChadJungle,53,,,,,,,,,,https://www.youtube.com/watch?v=7tcqC8HMnKM
PerryJG,,4j0lnyGg8E0,NEW MSI PATCH 25.13 TIER LIST – Jungle META Is SHAKING UP!,27,,,,,,,,,,https://www.youtube.com/watch?v=4j0lnyGg8E0
PerryJG,,uLA6moLgr2k,NEW UPDATED JUNGLE TIER LIST For PATCH 26.12! - Iron To Diamond,30,,,,,,,,,,https://www.youtube.com/watch?v=uLA6moLgr2k
PerryJG,,JBa5V7gipFg,NEW Yun Tal makes Crit Viego absolutely BROKEN,34,,,,,,,,,,https://www.youtube.com/watch?v=JBa5V7gipFg
PerryJG,,1ofENu2ltBI,NICE CHAMPION RIOT,,312,,,,,,,,,https://www.youtube.com/watch?v=1ofENu2ltBI
PerryJG,,HzDywmQQ3AU,Nickich's VIEGO.. 😯  l perryjg on twitch,,14000,,,,,,,,,https://www.youtube.com/watch?v=HzDywmQQ3AU
PerryJG,,Wjsf_ZOMqzY,NO COMMENT 😶 @ludwig l perryjg on twitch,,45000,,,,,,,,,https://www.youtube.com/watch?v=Wjsf_ZOMqzY
PerryJG,,Y4OUXokwuFg,NO WARD ESCAPE 🥱 l perryjg on twitch,,6700,,,,,,,,,https://www.youtube.com/watch?v=Y4OUXokwuFg
PerryJG,,J2u40banuNU,NO WAY 😭 l perryjg on twitch,,18000,,,,,,,,,https://www.youtube.com/watch?v=J2u40banuNU
PerryJG,,BfSRSmWc1DU,NO WINNING LANES ? @ludwig  l perryjg on twitch,,38000,,,,,,,,,https://www.youtube.com/watch?v=BfSRSmWc1DU
PerryJG,,aCU8uDTSn2c,NOCTURNE FOR EASY LP 🧐 l perryjg on twitch,,11000,,,,,,,,,https://www.youtube.com/watch?v=aCU8uDTSn2c
PerryJG,,v1pxieS8HyQ,Nocturne is BROKEN on 14.13 | perryjg on Twitch,,14000,,,,,,,,,https://www.youtube.com/watch?v=v1pxieS8HyQ
PerryJG,,g5L8rpV51oU,NORMAL DAY IN LOW ELO l perryjg on twitch,,8800,,,,,,,,,https://www.youtube.com/watch?v=g5L8rpV51oU
PerryJG,,06IjVdpKMqs,North American Challengers League PRO PLAY #riot #gaming #game #gamer #leaguememes #leagueoflegends,,152,,,,,,,,,https://www.youtube.com/watch?v=06IjVdpKMqs
PerryJG,,IDSi7A6YPtI,NOT BAD BUT MENTAL.. l perryjg on twitch,,7300,,,,,,,,,https://www.youtube.com/watch?v=IDSi7A6YPtI
PerryJG,,vyN0ZsyZMH8,NOT FUNNY @riotgames #riot #gaming #game #gamer #leaguememes #leagueoflegends,,173,,,,,,,,,https://www.youtube.com/watch?v=vyN0ZsyZMH8
PerryJG,,lv8y5vqqCR4,NOT YOUR CLIP BRO 😂l perryjg on twitch,,28000,,,,,,,,,https://www.youtube.com/watch?v=lv8y5vqqCR4
PerryJG,,VqCnS7ZYxw0,Objective Control #twitch #twitchstreamer #riot #leagueoflegends #gamer #coach,,663,,,,,,,,,https://www.youtube.com/watch?v=VqCnS7ZYxw0
PerryJG,,MKfRcm4gpJQ,OBJECTIVES OVER TEAMMATES l perryjg on twitch,,6500,,,,,,,,,https://www.youtube.com/watch?v=MKfRcm4gpJQ
PerryJG,,GpKqXpJ9erM,oh shit.. deserved i guess #league #leagueoflegends #riotgames #fyp #streamer #twitch,,1500,,,,,,,,,https://www.youtube.com/watch?v=GpKqXpJ9erM
PerryJG,,IXJ2_jI98CU,one button = full hp... ekko is fair? #league #leagueoflegends #riotgames #fyp #streamer #twitch,,8200,,,,,,,,,https://www.youtube.com/watch?v=IXJ2_jI98CU
PerryJG,,K724IrB9-yY,One Of The Biggest Problems For Junglers - The Feels Bad Syndrome | How To Adapt Around It,5,,,,,,,,,,https://www.youtube.com/watch?v=K724IrB9-yY
PerryJG,,gfm6AUCy9vw,ONER is the BEST LEE SIN,,35000,,,,,,,,,https://www.youtube.com/watch?v=gfm6AUCy9vw
PerryJG,,7IvvpryWwGw,ONESHOT people with this POPPY BUILD,31,,,,,,,,,,https://www.youtube.com/watch?v=7IvvpryWwGw
PerryJG,,hKIKJ_DbkKU,ONLY IN NA.. 😍 l perryjg on twitch,,116000,,,,,,,,,https://www.youtube.com/watch?v=hKIKJ_DbkKU
PerryJG,,S-EXvFKNdwI,ONLY LOW ELO types this,,27000,,,,,,,,,https://www.youtube.com/watch?v=S-EXvFKNdwI
PerryJG,,l70SlmuY-8I,OP DOUBLE CAMP TRICK 😱 #fyp #xyzbca #foryoupage #viral #perryjg,,2900,,,,,,,,,https://www.youtube.com/watch?v=l70SlmuY-8I
PerryJG,,hcf8nVZ9cDQ,orianna HACKING?,,6800,,,,,,,,,https://www.youtube.com/watch?v=hcf8nVZ9cDQ
PerryJG,,W2Kv0km_RXM,Ornn Has THE FASTEST Jungle Clear EVER? #leagueoflegends #ornn #jungle,,36000,,,,,,,,,https://www.youtube.com/watch?v=W2Kv0km_RXM
PerryJG,,HOlx-itukII,OUTSMART YOUR TOXIC TEAMMATES 🧠 l perryjg on twitch,,11000,,,,,,,,,https://www.youtube.com/watch?v=HOlx-itukII
PerryJG,,LgsX-6lTlvM,OVERCOME THE HERO MENTALITY ! l perryjg on twitch,,4600,,,,,,,,,https://www.youtube.com/watch?v=LgsX-6lTlvM
PerryJG,,OVVmJ2CWXyM,Patch 14.11 FARM VS GANK Jungle Champs List,11,,,,,,,,,,https://www.youtube.com/watch?v=OVVmJ2CWXyM
PerryJG,,3hF8yOV_M8k,Patch 14.11 JUNGLE SOLOQ ONE TRICK Tier List - League of Legends,6,,,,,,,,,,https://www.youtube.com/watch?v=3hF8yOV_M8k
PerryJG,,IVf9CzsAQkU,PATCH 14.12: SOLOQ JUNGLE Tierlist - League of Legends,9,,,,,,,,,,https://www.youtube.com/watch?v=IVf9CzsAQkU
PerryJG,,-bvPuebZC6o,PATCH 14.13: SOLOQ JUNGLE Tierlist - League of Legends,27,,,,,,,,,,https://www.youtube.com/watch?v=-bvPuebZC6o
PerryJG,,1Fwo8roHGxI,PATCH 14.14: SOLOQ JUNGLE Tierlist - League of Legends,9,,,,,,,,,,https://www.youtube.com/watch?v=1Fwo8roHGxI
PerryJG,,p_p3C-Ohp-A,PATCH 14.15: SOLOQ JUNGLE Tierlist - League of Legends,9,,,,,,,,,,https://www.youtube.com/watch?v=p_p3C-Ohp-A
PerryJG,,g4kmo1-Iyas,PATCH 14.18: SOLOQ JUNGLE Tierlist - League of Legends,7,,,,,,,,,,https://www.youtube.com/watch?v=g4kmo1-Iyas
PerryJG,,I2Tc8r1sbh0,PATCH 14.22 JUNGLE TIERLIST - League of Legends,8,,,,,,,,,,https://www.youtube.com/watch?v=I2Tc8r1sbh0
PerryJG,,ESgithSB4zs,Patch 14.24 Jungle Tierlist - Amumu Is King - League of Legends,23,,,,,,,,,,https://www.youtube.com/watch?v=ESgithSB4zs
PerryJG,,JOzkcMvfy0c,PATCH 25.15 TIER LIST - TOP 10 JUNGLERS,22,,,,,,,,,,https://www.youtube.com/watch?v=JOzkcMvfy0c
PerryJG,,eGD84hC_orU,PATCH 25.18 TIER LIST - Top Junglers,22,,,,,,,,,,https://www.youtube.com/watch?v=eGD84hC_orU
PerryJG,,uF9z1SaRCEk,Patch 25.22 Jungle Tier List 🌲| Champions to Play and Avoid,17,,,,,,,,,,https://www.youtube.com/watch?v=uF9z1SaRCEk
PerryJG,,Si5STsdefB0,Patch 25.23 Jungle Tier List 🌲— How Good is Zaahen as a Jungler?,26,,,,,,,,,,https://www.youtube.com/watch?v=Si5STsdefB0
PerryJG,,JPL_kgocCok,Patch 26.5 Rundown - Jungle & Mid Changes!,16,,,,,,,,,,https://www.youtube.com/watch?v=JPL_kgocCok
PerryJG,,zawNRLfTGa4,PENTA GETS STOLEN BY TEAMMATE VS EVIL GENIUSES ACADEMY #NACL #perryjg #LEAGUEOFLEGENDS #FYP #wukong￼,,641,,,,,,,,,https://www.youtube.com/watch?v=zawNRLfTGa4
PerryJG,,_Ngh6PgkrmE,PENTA PENTA PENTA #riot #gaming #game #gamer #leaguememes #of #leagueoflegendscosplay,,157,,,,,,,,,https://www.youtube.com/watch?v=_Ngh6PgkrmE
PerryJG,,nhhOa6RgVLA,PENTA PENTA PENTA #teamliquid #riot #gaming #game #gamer #leaguememes #leagueoflegendscosplay,,34,,,,,,,,,https://www.youtube.com/watch?v=nhhOa6RgVLA
PerryJG,,zaS-eZTzu5Y,PERECT LVL 1 INVADE 🤩 l perryjg on twitch,,21000,,,,,,,,,https://www.youtube.com/watch?v=zaS-eZTzu5Y
PerryJG,,TBPUP2aiQp0,PERFECT EXECUTION 👀 l perryjg on twitch,,16000,,,,,,,,,https://www.youtube.com/watch?v=TBPUP2aiQp0
PerryJG,,b0jOV0HeXLk,PERFECT LVL 1 WARD 🧐 | perryjg on twitch,,80000,,,,,,,,,https://www.youtube.com/watch?v=b0jOV0HeXLk
PerryJG,,XVj5Ye7KAHw,PERFECT TEAMMATE 🤩 l perryjg o n twitch,,2900,,,,,,,,,https://www.youtube.com/watch?v=XVj5Ye7KAHw
PerryJG,,ixinvvVF4Ic,PERFECT TIMING l perryjg on twitch,,6400,,,,,,,,,https://www.youtube.com/watch?v=ixinvvVF4Ic
PerryJG,,x1pr5fSmchc,Perfect your KINDRED and START CARRYING GAMES!,22,,,,,,,,,,https://www.youtube.com/watch?v=x1pr5fSmchc
PerryJG,,YbaLgIw5Sg0,Perry's Jungle Course: Understanding Vision Lines,17,,,,,,,,,,https://www.youtube.com/watch?v=YbaLgIw5Sg0
PerryJG,,Q979c6rdIKA,PING TEAMMATES CORRECLY✔️ l perryjg on twitch,,5800,,,,,,,,,https://www.youtube.com/watch?v=Q979c6rdIKA
PerryJG,,ff9YSTXz0fE,PING YOUR TEAMMATES 🔔 l perryjg on twitch,,26000,,,,,,,,,https://www.youtube.com/watch?v=ff9YSTXz0fE
PerryJG,,xz6F4iSL-ns,PINK WARD CAN'T HANDLE MY KINDRED,31,,,,,,,,,,https://www.youtube.com/watch?v=xz6F4iSL-ns
PerryJG,,rVRwR76hfyE,Platinum Student Gets Tilted for No Reason - LoL Coaching,28,,,,,,,,,,https://www.youtube.com/watch?v=rVRwR76hfyE
PerryJG,,OwX2aMd1ITg,PLAY AMUMU CORRECTLY ✅ l perryjg on twitch,,24000,,,,,,,,,https://www.youtube.com/watch?v=OwX2aMd1ITg
PerryJG,,9wvIu_-tJ38,PLAY AMUMU RIGHT NOW 💥l perryjg on twitch,,18000,,,,,,,,,https://www.youtube.com/watch?v=9wvIu_-tJ38
PerryJG,,h3xo-pZq-OU,"Play Around Waves, Carry ""Lost"" Games - Challenger Jungler Explains",20,,,,,,,,,,https://www.youtube.com/watch?v=h3xo-pZq-OU
PerryJG,,8_4SMXgTnFI,PLAY AROUND YOUR CARRY l perryjg on twitch,,5200,,,,,,,,,https://www.youtube.com/watch?v=8_4SMXgTnFI
PerryJG,,7tpm7fSxe-I,PLAY FOR THE FIGHT 💥 l perryjg on twitch,,16000,,,,,,,,,https://www.youtube.com/watch?v=7tpm7fSxe-I
PerryJG,,6xtR9kQelso,PLAY FOR YOUR STRONG SIDE  ! l perryjg on twitch,,3300,,,,,,,,,https://www.youtube.com/watch?v=6xtR9kQelso
PerryJG,,khRaKqw17xE,PLAY FOR YOUR STRONG SIDE 🧐 l perryjg on twitch,,5200,,,,,,,,,https://www.youtube.com/watch?v=khRaKqw17xE
PerryJG,,yl5PtTSFEr4,PLAY NOCTURNE FOR FREE LP! l perryjg on twitch,,3500,,,,,,,,,https://www.youtube.com/watch?v=yl5PtTSFEr4
PerryJG,,gia870BXVpg,Play off FOG OF WAR like a CHALLENGER - Fiddlesticks Emerald Coaching,22,,,,,,,,,,https://www.youtube.com/watch?v=gia870BXVpg
PerryJG,,sWWRwur4gFA,PLAY SAFE AND DISCIPLINED 🧠 l perryjg on twitch,,24000,,,,,,,,,https://www.youtube.com/watch?v=sWWRwur4gFA
PerryJG,,wHMSnTEk5fo,PLAY SAFE BOT 😂 l perryjg on twitch,,11000,,,,,,,,,https://www.youtube.com/watch?v=wHMSnTEk5fo
PerryJG,,ZbIWrFznSVU,PLAY SAFE MID.. l perryjg on twitch,,4300,,,,,,,,,https://www.youtube.com/watch?v=ZbIWrFznSVU
PerryJG,,guL_O5LlDxk,PLAY THIS CHAMP BEFORE NERFS !!  | perryjg on Twitch,,6200,,,,,,,,,https://www.youtube.com/watch?v=guL_O5LlDxk
PerryJG,,9K9hBD4zKIY,PLAY THIS CHAMPION 👀 l perryjg on twitch,,11000,,,,,,,,,https://www.youtube.com/watch?v=9K9hBD4zKIY
PerryJG,,W_7JEbGDi_s,PLAY TO LIVE ✅ l perryjg on twitch,,21000,,,,,,,,,https://www.youtube.com/watch?v=W_7JEbGDi_s
PerryJG,,jQ62pwpNu2Q,PLAY TO LIVE 🧠 l perryjg on twitch,,33000,,,,,,,,,https://www.youtube.com/watch?v=jQ62pwpNu2Q
PerryJG,,lrlQBkDzT5s,PLAY UDYR CORRECTLY ✔️ l perryjg on twitch,,6100,,,,,,,,,https://www.youtube.com/watch?v=lrlQBkDzT5s
PerryJG,,eqMcSucI5cM,PLAY UDYR FOR FREE LP !  | perryjg on Twitch,,5200,,,,,,,,,https://www.youtube.com/watch?v=eqMcSucI5cM
PerryJG,,0HEDZ8kkRJ8,PLAY VOLIBEAR 👀 l perryjg on twitch,,4400,,,,,,,,,https://www.youtube.com/watch?v=0HEDZ8kkRJ8
PerryJG,,ahRkzs16y_o,PLAY WITH MIDLANE 🧐 | perryjg on twitch,,10000,,,,,,,,,https://www.youtube.com/watch?v=ahRkzs16y_o
PerryJG,,iB1ctUXRV7A,PLAY WITH YOUR CARRY BUT 🧐 l perryjg on twitch,,33000,,,,,,,,,https://www.youtube.com/watch?v=iB1ctUXRV7A
PerryJG,,5wTPXCTSqH4,PLAY WITH YOUR STRONG TEAMMATE l perryjg on twitch,,3300,,,,,,,,,https://www.youtube.com/watch?v=5wTPXCTSqH4
PerryJG,,Nc4D26dVl0M,PLAY WITH YOUR WINCON 🧐  l perryjg on twitch,,24000,,,,,,,,,https://www.youtube.com/watch?v=Nc4D26dVl0M
PerryJG,,B3stsBLgFfs,PLAY YOUR GAME BETTER ! l perryjg on twitch,,5300,,,,,,,,,https://www.youtube.com/watch?v=B3stsBLgFfs
PerryJG,,XeM59TGGqoc,PLAY YOUR OWN GAME 🧠 l perryjg on twitch,,25000,,,,,,,,,https://www.youtube.com/watch?v=XeM59TGGqoc
PerryJG,,ELdPNZmBNvE,Playing AGAINST MY VIEWERS in Customs!,18,,,,,,,,,,https://www.youtube.com/watch?v=ELdPNZmBNvE
PerryJG,,s0KRD9Rp9jo,Playing For Kills is RUINING This Student’s Climb [Challenger Coaching],17,,,,,,,,,,https://www.youtube.com/watch?v=s0KRD9Rp9jo
PerryJG,,-rxjH-PkhO8,Playing Jungle but I ONLY PATHING TOWARDS BOT (One Lane Challenge),29,,,,,,,,,,https://www.youtube.com/watch?v=-rxjH-PkhO8
PerryJG,,OlHnw4KogFg,Playing Jungle Except I Have NO HUD And Can't See ANYTHING,30,,,,,,,,,,https://www.youtube.com/watch?v=OlHnw4KogFg
PerryJG,,gnfTDVK77JU,Playing LOCKE Jungle!,,9400,,,,,,,,,https://www.youtube.com/watch?v=gnfTDVK77JU
PerryJG,,XT_7w1D-zG4,PLAYING NOT ALLOWED 😇 l perryjg on twitch,,16000,,,,,,,,,https://www.youtube.com/watch?v=XT_7w1D-zG4
PerryJG,,RPMk8sl4PqE,PLAYING WITH FOG 🤫 l perryjg on twitch,,42000,,,,,,,,,https://www.youtube.com/watch?v=RPMk8sl4PqE
PerryJG,,etnZGC_zIR0,PLEASE PIN YOUR SHOP! | perryjg on #Twitch,,12000,,,,,,,,,https://www.youtube.com/watch?v=etnZGC_zIR0
PerryJG,,T_BAERuw2Lg,PLEASE stop getting blinded by camps  - message from the rank 5 player,,4300,,,,,,,,,https://www.youtube.com/watch?v=T_BAERuw2Lg
PerryJG,,FzqgW-R6_iQ,Pobelter destroyed #twitch #twitchstreamer #riot #leagueoflegends #gamer,,271,,,,,,,,,https://www.youtube.com/watch?v=FzqgW-R6_iQ
PerryJG,,BlSiIcF3g7s,Pobelter is too good #twitch #twitchstreamer #riot #leagueoflegends #gamer,,378,,,,,,,,,https://www.youtube.com/watch?v=BlSiIcF3g7s
PerryJG,,9b7xAAUTARc,POBELTER WHO?  #league #leagueoflegends #riotgames #fyp #streamer #twitch,,2100,,,,,,,,,https://www.youtube.com/watch?v=9b7xAAUTARc
PerryJG,,TtYsqJoc0d4,POPPY IS NOT FAIR 💀 l perryjg on twitch,,15000,,,,,,,,,https://www.youtube.com/watch?v=TtYsqJoc0d4
PerryJG,,l6AbMbTpFwA,POV : U PLAY SHYVANA l perry jg on twitch,,18000,,,,,,,,,https://www.youtube.com/watch?v=l6AbMbTpFwA
PerryJG,,UWu3VCCBEFw,POV: YOUR ADC  😅 l perryjg on twitch,,7000,,,,,,,,,https://www.youtube.com/watch?v=UWu3VCCBEFw
PerryJG,,uRox4pUeKuo,POWER FARM FOR FREE LP l perryjg on twitch,,5600,,,,,,,,,https://www.youtube.com/watch?v=uRox4pUeKuo
PerryJG,,oYL6gOqfyAU,POWERFARM WITH A GANKING JINGLER 🧠l perryjg on twitch,,8700,,,,,,,,,https://www.youtube.com/watch?v=oYL6gOqfyAU
PerryJG,,wOc11c3erTo,"Practicing For Disguised Toast Invitational With Aphromoo, goldenglue, Darshan, Insanity | SCRIMS",10,,,,,,,,,,https://www.youtube.com/watch?v=wOc11c3erTo
PerryJG,,A-mRiItapWA,praying for this bot lane #fyp #xyzbca #foryoupage #viral #perryjg,,2800,,,,,,,,,https://www.youtube.com/watch?v=A-mRiItapWA
PerryJG,,Ax6MBQMdxJA,Print LP With These Tricks! | Challenger Hecarim Coaching,24,,,,,,,,,,https://www.youtube.com/watch?v=Ax6MBQMdxJA
PerryJG,,jFIO7IeuPgQ,Pro Comms Are Insane#riot #gaming #game #gamer #leaguememes #leagueoflegends #leagueoflegendscosplay,,1500,,,,,,,,,https://www.youtube.com/watch?v=jFIO7IeuPgQ
PerryJG,,4qSLiTZurOc,Pro Jungler Explains: Importance of Tempo,1,,,,,,,,,,https://www.youtube.com/watch?v=4qSLiTZurOc
PerryJG,,xZTmf-re4Wk,PRO PLAY CHANGED ME ! l perryjg on twitch,,4600,,,,,,,,,https://www.youtube.com/watch?v=xZTmf-re4Wk
PerryJG,,Dt7QdLiVvo4,PRO PLAYER COACHES EMERALD GAREN JUNGLE | HOW TO PLAY ON WAVES (ADVANCED),57,,,,,,,,,,https://www.youtube.com/watch?v=Dt7QdLiVvo4
PerryJG,,ILGCasUIljA,Pro Player Coaches Hardstuck Masters | Remembering The Basics,57,,,,,,,,,,https://www.youtube.com/watch?v=ILGCasUIljA
PerryJG,,ULwYI-uQUak,Pro Player's Guide to Mechanics,52,,,,,,,,,,https://www.youtube.com/watch?v=ULwYI-uQUak
PerryJG,,Ru9PjfSFsRo,PROBLEM WITH THE PRO PLAY ACADEMY l perryjg on twitch,,6600,,,,,,,,,https://www.youtube.com/watch?v=Ru9PjfSFsRo
PerryJG,,L-tKKzaSU0U,PROPER EXECUTON ✅ l perryjg on twitch,,4300,,,,,,,,,https://www.youtube.com/watch?v=L-tKKzaSU0U
PerryJG,,T6RSv-2mY14,PROPER JUNGLE TRACKING ! l perryjg on twitch,,22000,,,,,,,,,https://www.youtube.com/watch?v=T6RSv-2mY14
PerryJG,,j_kSzL9KmqY,Proving that Fundamentals work in EVERY ELO - Iron Live Coaching,34,,,,,,,,,,https://www.youtube.com/watch?v=j_kSzL9KmqY
PerryJG,,AI-15w9bCg4,Proving that SHYVANA IS STILL BROKEN THIS PATCH!,25,,,,,,,,,,https://www.youtube.com/watch?v=AI-15w9bCg4
PerryJG,,Y2bF0gu4A3Y,"Pushing for Challenger, 26 wins needed | Viego/J4/Kindred",483,,,,,,,,,,https://www.youtube.com/watch?v=Y2bF0gu4A3Y
PerryJG,,Te2VOo3YfcU,PUSHING VS FULL CLEAR 🤔 l perryjg on twitch,,34000,,,,,,,,,https://www.youtube.com/watch?v=Te2VOo3YfcU
PerryJG,,IVHuglGkYSM,R EVOLVE on Kha is SUPER OP...,28,,,,,,,,,,https://www.youtube.com/watch?v=IVHuglGkYSM
PerryJG,,YDvnHhERBbw,RAMMUS IS OKAY TO PLAY 👍 l perryjg on twitch,,7800,,,,,,,,,https://www.youtube.com/watch?v=YDvnHhERBbw
PerryJG,,ci2GI7hTy6g,Rank 1 Jungle Teaches An Emerald Kayn OTP How To Climb,54,,,,,,,,,,https://www.youtube.com/watch?v=ci2GI7hTy6g
PerryJG,,i4VNYFTasHI,RANK 1 Viego shows how to beat RAMMUS,26,,,,,,,,,,https://www.youtube.com/watch?v=i4VNYFTasHI
PerryJG,,2gV6BI1lSiM,Rank 5 Viper DEFEATED | Taking Down the Titan | Jarvan Jungle Gameplay,29,,,,,,,,,,https://www.youtube.com/watch?v=2gV6BI1lSiM
PerryJG,,FX7KRajIlt8,READ YOUR ENEMIES 👀 l perryjg on twitch,,19000,,,,,,,,,https://www.youtube.com/watch?v=FX7KRajIlt8
PerryJG,,Emv6qfUILWk,REALEST LEAGUE MOMENT .. l perryjg on twitch,,3900,,,,,,,,,https://www.youtube.com/watch?v=Emv6qfUILWk
PerryJG,,VbFxbWr3d2s,RECALL WHEN FED @ludwig l perryjg on twitch,,7600,,,,,,,,,https://www.youtube.com/watch?v=VbFxbWr3d2s
PerryJG,,22Iec_dI-Og,RELL JUNGLE IS OP #riot #gaming #game #gamer #leaguememes #leagueoflegends #leagueoflegendscosplay,,581,,,,,,,,,https://www.youtube.com/watch?v=22Iec_dI-Og
PerryJG,,EITHK7DaAoc,Retired Pro Explains Key Jungle Fundamentals In 2 hours,139,,,,,,,,,,https://www.youtube.com/watch?v=EITHK7DaAoc
PerryJG,,3838W8osA8Q,Retired Pro Spends 2 MORE Hours Explaining Jungle Fundamentals,130,,,,,,,,,,https://www.youtube.com/watch?v=3838W8osA8Q
PerryJG,,eGAo2xy8Yh8,Retired Pro's Jungle Course: How to VOD Review & Train your Mental,90,,,,,,,,,,https://www.youtube.com/watch?v=eGAo2xy8Yh8
PerryJG,,Hrm5aO3bkUM,Retired Pro's Jungle Course: Mid Game Macro & Fighting,121,,,,,,,,,,https://www.youtube.com/watch?v=Hrm5aO3bkUM
PerryJG,,XxsO-qhRzt0,Retired Pro's Jungle Course: Pings Guide & Analyzing Teammates,72,,,,,,,,,,https://www.youtube.com/watch?v=XxsO-qhRzt0
PerryJG,,TNv0febyu4A,Retiring Viego for Jarvan | Climb to Rank 1 (Part 1),12,,,,,,,,,,https://www.youtube.com/watch?v=TNv0febyu4A
PerryJG,,Lwu86-iG6Zc,Reviewing one of @ludwig's HARDEST GAMES,52,,,,,,,,,,https://www.youtube.com/watch?v=Lwu86-iG6Zc
PerryJG,,Zg4YeXEmEEI,Riot Accidentally Made This Champion THE STRONGEST JUNGLER...,38,,,,,,,,,,https://www.youtube.com/watch?v=Zg4YeXEmEEI
PerryJG,,qv4gDeHrKIY,RIOT GAMES is CRAZY for this 🤯,,36000,,,,,,,,,https://www.youtube.com/watch?v=qv4gDeHrKIY
PerryJG,,_y9_2pCcksk,RIOT is NOT nerfing JUNGLE TOPLANERS,,13000,,,,,,,,,https://www.youtube.com/watch?v=_y9_2pCcksk
PerryJG,,TgiGHl-_OO4,RIOT Made Some Massive Changes - PATCH 25.19 RUNDOWN,13,,,,,,,,,,https://www.youtube.com/watch?v=TgiGHl-_OO4
PerryJG,,S4oUp91kyd0,Riot removing skill expression | perryjg on #Twitch,,1900,,,,,,,,,https://www.youtube.com/watch?v=S4oUp91kyd0
PerryJG,,4bACqU552Co,Riot SECRETLY Made Camille Jungle META Again And Nobody Noticed!,45,,,,,,,,,,https://www.youtube.com/watch?v=4bACqU552Co
PerryJG,,pX80BlUiN8k,Saving A Lost Game On Udyr | This Jungle Champ Is OP?,9,,,,,,,,,,https://www.youtube.com/watch?v=pX80BlUiN8k
PerryJG,,WdxwCu1n_hw,SAVING THE GAME THEN BEATING#teamliquid #riot #gaming #game #gamer #leaguememes #leagueoflegends,,173,,,,,,,,,https://www.youtube.com/watch?v=WdxwCu1n_hw
PerryJG,,Pxl1aYDNLQI,Season 13 Jarvan Jungle Guide | How To Get Free Wins - From the Rank 1 Jarvan,20,,,,,,,,,,https://www.youtube.com/watch?v=Pxl1aYDNLQI
PerryJG,,OBUZdjsHih4,Season 15 INDEPTH TIERLIST - Who are the BEST CHAMPS right now?!,31,,,,,,,,,,https://www.youtube.com/watch?v=OBUZdjsHih4
PerryJG,,lEQiJZhn4yE,SEASON 16 Ranked means NOTHING,,22000,,,,,,,,,https://www.youtube.com/watch?v=lEQiJZhn4yE
PerryJG,,irdBuzEWJE8,SECOND ITEM ADVANTAGE 🤠 l perryjg on twitch,,5300,,,,,,,,,https://www.youtube.com/watch?v=irdBuzEWJE8
PerryJG,,v_sFg4USKeA,SECRET CHALLENGER Jungle Kiting 🤯,,31000,,,,,,,,,https://www.youtube.com/watch?v=v_sFg4USKeA
PerryJG,,wU-zf05BFvs,SENDING IT IDC BRO,,11000,,,,,,,,,https://www.youtube.com/watch?v=wU-zf05BFvs
PerryJG,,2nwXmjQebms,"Seriously, stop playing for GANKS.",23,,,,,,,,,,https://www.youtube.com/watch?v=2nwXmjQebms
PerryJG,,TEHapfIzXME,SHE HEALS A LOT 😯 l perryjg on twitch,,9200,,,,,,,,,https://www.youtube.com/watch?v=TEHapfIzXME
PerryJG,,zvwrQb2bBwc,SHOULD I HELP MY TEAM? 🤔 l perryjg on twitch,,9900,,,,,,,,,https://www.youtube.com/watch?v=zvwrQb2bBwc
PerryJG,,90A3SYVS48g,SHRED TANKS with THIS VIEGO BUILD! - The Tank Killer Build,40,,,,,,,,,,https://www.youtube.com/watch?v=90A3SYVS48g
PerryJG,,DPST9eQrMqU,Shutting Down Team Liquid | Sejuani (Pro-View),37,,,,,,,,,,https://www.youtube.com/watch?v=DPST9eQrMqU
PerryJG,,mIxikJwkNXs,SHYVANA IS THE QUEEN OF LOW ELO AND SHE'S HERE TO STAY AND SLAY,26,,,,,,,,,,https://www.youtube.com/watch?v=mIxikJwkNXs
PerryJG,,EpK1BbBKjOg,SHYVANA IS UNREAL l perryjg on twitch,,7400,,,,,,,,,https://www.youtube.com/watch?v=EpK1BbBKjOg
PerryJG,,JIamiciffD8,Silver Hardstuck Jungler INSTANTLY Climbs | How To Escape Elo Hell | Jungle Coaching | Graves,65,,,,,,,,,,https://www.youtube.com/watch?v=JIamiciffD8
PerryJG,,l8VXfB1-9dU,Simple Jungle Fundamentals Can SAVE YOUR GAMEPLAY! Stop Overcomplicating Games,28,,,,,,,,,,https://www.youtube.com/watch?v=l8VXfB1-9dU
PerryJG,,2RshnagZtFo,Simple TRICK to WIN MORE GAMES,,9500,,,,,,,,,https://www.youtube.com/watch?v=2RshnagZtFo
PerryJG,,FXRZt8Yo0hc,SLEPT ON JUNGLER ! l perryjg on twitch,,3600,,,,,,,,,https://www.youtube.com/watch?v=FXRZt8Yo0hc
PerryJG,,2pSlVce4ofY,SMOOTH J4 GAMEPLAY 🤯 l perryjg on twitch,,4700,,,,,,,,,https://www.youtube.com/watch?v=2pSlVce4ofY
PerryJG,,3KVXftW5m9s,SMURFING CAN BE GOOD l perryjg on twitch,,5300,,,,,,,,,https://www.youtube.com/watch?v=3KVXftW5m9s
PerryJG,,4UcYMDd65_0,So Riot buffed AATROX JUNGLE... and he's insane.,60,,,,,,,,,,https://www.youtube.com/watch?v=4UcYMDd65_0
PerryJG,,Wa6Jq4P0hQo,SO UNLUCKY 😤 l perryjg on twitch,,3000,,,,,,,,,https://www.youtube.com/watch?v=Wa6Jq4P0hQo
PerryJG,,qL8strtoPqQ,"So, how do I carry High Elo Games? (And how you can too)",24,,,,,,,,,,https://www.youtube.com/watch?v=qL8strtoPqQ
PerryJG,,Iv0fXkUc9tw,SOLOQ JUNGLE Tierlist for Patch 14.11 - League of Legends,22,,,,,,,,,,https://www.youtube.com/watch?v=Iv0fXkUc9tw
PerryJG,,uJoJobHVrDY,Some chill Jarvan #twitch #twitchstreamer #riot #leagueoflegends #gamer,,99,,,,,,,,,https://www.youtube.com/watch?v=uJoJobHVrDY
PerryJG,,_DqkR1NUyJc,somebody please help this old man tobias #fyp #xyzbca #foryoupage #viral #perryjg,,5800,,,,,,,,,https://www.youtube.com/watch?v=_DqkR1NUyJc
PerryJG,,g0_K642a5ww,SORRY NOT SORRY l perryjg on twitch,,26000,,,,,,,,,https://www.youtube.com/watch?v=g0_K642a5ww
PerryJG,,hFIsRdE29qs,SPICA AND JENKINS DESTROYED | corejj inhouse #league #leagueoflegends #riotgames #fyp #twitch,,269,,,,,,,,,https://www.youtube.com/watch?v=hFIsRdE29qs
PerryJG,,koENKFPzYAA,STACK UP OBJECTIVES 🧠 l perryjg on twitch,,16000,,,,,,,,,https://www.youtube.com/watch?v=koENKFPzYAA
PerryJG,,zUOI1epW6ag,Start SPLIT PUSHING as JUNGLE,,29000,,,,,,,,,https://www.youtube.com/watch?v=zUOI1epW6ag
PerryJG,,vFikx1Vlw0I,STAY IN FOG OF WAR  l perryjg on twitch,,10000,,,,,,,,,https://www.youtube.com/watch?v=vFikx1Vlw0I
PerryJG,,3BYsqym7MPw,STAY PARALLEL l perryjg on twitch,,4000,,,,,,,,,https://www.youtube.com/watch?v=3BYsqym7MPw
PerryJG,,4Wo_T5G5nZQ,Stay Parallel | perryjg on #Twitch,,38000,,,,,,,,,https://www.youtube.com/watch?v=4Wo_T5G5nZQ
PerryJG,,UTgxH_hAy5g,STOMP GAMES through ITEM SPIKES!,21,,,,,,,,,,https://www.youtube.com/watch?v=UTgxH_hAy5g
PerryJG,,lZ7O7buHWio,Stop AFK Farming 👿 IN DEPTH Ganking guide,25,,,,,,,,,,https://www.youtube.com/watch?v=lZ7O7buHWio
PerryJG,,7U2Syns96-U,Stop Being SCARED of Diving,,7400,,,,,,,,,https://www.youtube.com/watch?v=7U2Syns96-U
PerryJG,,erQEJ8DRpGc,STOP Building Viego WRONG! Explaining The 3 Viegos,16,,,,,,,,,,https://www.youtube.com/watch?v=erQEJ8DRpGc
PerryJG,,HrIWxt1u3Z4,STOP BUILDING VOLIBEAR WRONG - New OP Rune on Volibear,43,,,,,,,,,,https://www.youtube.com/watch?v=HrIWxt1u3Z4
PerryJG,,jYGrZ8Git0A,STOP CHANGING BUILDS 😤 l perryjg on twitch,,11000,,,,,,,,,https://www.youtube.com/watch?v=jYGrZ8Git0A
PerryJG,,f8JDz7B8U6U,STOP FALLING FOR THIS 🥱 l perryjg on twitch,,20000,,,,,,,,,https://www.youtube.com/watch?v=f8JDz7B8U6U
PerryJG,,xjp11Q7fFJA,STOP FORCING PLAYS  l perryjg on twitch,,4500,,,,,,,,,https://www.youtube.com/watch?v=xjp11Q7fFJA
PerryJG,,N8Q-0x4AE60,STOP GANKING early game! Here's Why.,26,,,,,,,,,,https://www.youtube.com/watch?v=N8Q-0x4AE60
PerryJG,,JmzcTxRekYg,STOP grouping with your TEAM,,14000,,,,,,,,,https://www.youtube.com/watch?v=JmzcTxRekYg
PerryJG,,r4R4gsmFuYY,STOP PLAYING FOR KDA l perryjg on twitch,,4400,,,,,,,,,https://www.youtube.com/watch?v=r4R4gsmFuYY
PerryJG,,mRyJam_46KA,STOP sleeping on SHYVANA and do this.,25,,,,,,,,,,https://www.youtube.com/watch?v=mRyJam_46KA
PerryJG,,fUtkmiIzsU8,STOP taking this RUNE,,17000,,,,,,,,,https://www.youtube.com/watch?v=fUtkmiIzsU8
PerryJG,,6R1oYfiP4fs,STOP THIS COMPARISON ❌ l perryjg on twitch,,4800,,,,,,,,,https://www.youtube.com/watch?v=6R1oYfiP4fs
PerryJG,,Tzh74RE4nQw,Stop Trolling Mid Game 🤬 IN DEPTH Mid-Game Guide,28,,,,,,,,,,https://www.youtube.com/watch?v=Tzh74RE4nQw
PerryJG,,2JsLn8BWwy8,STOP WASTING YOUR ENGAGE l perryjg on twitch,,2000,,,,,,,,,https://www.youtube.com/watch?v=2JsLn8BWwy8
PerryJG,,Frs3R_XlTeg,Strategic Self Execute | perryjg on #Twitch,,6800,,,,,,,,,https://www.youtube.com/watch?v=Frs3R_XlTeg
PerryJG,,_WI--K4N9H8,STRUGGLING With Invades?! Watch this BEFORE you queue!👀,15,,,,,,,,,,https://www.youtube.com/watch?v=_WI--K4N9H8
PerryJG,,e6xwxksCnk4,Student turned 1v9 GOD after this coaching session [Challenger Coaching],39,,,,,,,,,,https://www.youtube.com/watch?v=e6xwxksCnk4
PerryJG,,YR-n7iXdljw,STUDENT turned SMURF after my coaching session - Silver Coaching,35,,,,,,,,,,https://www.youtube.com/watch?v=YR-n7iXdljw
PerryJG,,YSnYjwBjIro,SUPPORT PLAYERS NEED SOMETHING,,9800,,,,,,,,,https://www.youtube.com/watch?v=YSnYjwBjIro
PerryJG,,-cQgPu5g_K0,sylas bugging | #fyp #xyzbca #foryoupage #viral #perryjg,,1500,,,,,,,,,https://www.youtube.com/watch?v=-cQgPu5g_K0
PerryJG,,RaRi7yOslPc,T1 Smash Showed Me Why He's REPLACING Gumayusi,23,,,,,,,,,,https://www.youtube.com/watch?v=RaRi7yOslPc
PerryJG,,IvtOxG7gPLU,Taking Bwipo down 1V5 #riot #gaming #game #gamer #leaguememes #leagueoflegends,,261,,,,,,,,,https://www.youtube.com/watch?v=IvtOxG7gPLU
PerryJG,,hqhANJxtDhA,TANK GAMEPLAY - Team Tobias (DANTES TOURNAMENT)  #fyp #xyzbca #foryoupage #viral #perryjg,,544,,,,,,,,,https://www.youtube.com/watch?v=hqhANJxtDhA
PerryJG,,s17rOgCNt5A,Teaching Ludwig the SECRETS TO GOOD TEAMFIGHTING!,37,,,,,,,,,,https://www.youtube.com/watch?v=s17rOgCNt5A
PerryJG,,ePBUoDgCDaw,TEAM LIQUID HONDA GETS TAKEN DOWN #NACL #LEAGUEOFLEGENDS #LOL #FYP #PERRYJG,,282,,,,,,,,,https://www.youtube.com/watch?v=ePBUoDgCDaw
PerryJG,,sDQAlxZebxU,TEEMO IS  STILL POWERFUL 💪 l perryjg on twitch,,5700,,,,,,,,,https://www.youtube.com/watch?v=sDQAlxZebxU
PerryJG,,JRQXAAVZmj4,TEEMO JUNGLE 🤝 PTA l perryjg on twitch,,6200,,,,,,,,,https://www.youtube.com/watch?v=JRQXAAVZmj4
PerryJG,,yzOErFg3ZpM,Testing 4 Different Viego Builds | !guide !viego !metafy !coaching,105,,,,,,,,,,https://www.youtube.com/watch?v=yzOErFg3ZpM
PerryJG,,hZhIsomiyEI,Testing 4 Different Viego Builds | !guide !viego !metafy !coaching,43,,,,,,,,,,https://www.youtube.com/watch?v=hZhIsomiyEI
PerryJG,,Th73CfE8iLU,Testing Kraken Viego In Challenger (IT SUCKS) | Jungle Gameplay Commentary,28,,,,,,,,,,https://www.youtube.com/watch?v=Th73CfE8iLU
PerryJG,,37Ypf8GVIUI,The #1 REASON you are GOLD or BELOW l perryjg on twitch,,8300,,,,,,,,,https://www.youtube.com/watch?v=37Ypf8GVIUI
PerryJG,,uwT5hPDx8oA,The 10 Fundamental Jungle Rules You Need To Know! - League of Legends Jungle Guide,14,,,,,,,,,,https://www.youtube.com/watch?v=uwT5hPDx8oA
PerryJG,,Q8JzaHmVLLU,The 2 JUNGLE HABITS you NEED to CARRY,22,,,,,,,,,,https://www.youtube.com/watch?v=Q8JzaHmVLLU
PerryJG,,ps-PP4r9Uic,THE 3 WORST JUNGLE MISTAKES that's keeping you HARDSTUCK...,20,,,,,,,,,,https://www.youtube.com/watch?v=ps-PP4r9Uic
PerryJG,,SsQimPcWf-I,the almost perfect viego game... | GM Gameplay,25,,,,,,,,,,https://www.youtube.com/watch?v=SsQimPcWf-I
PerryJG,,RWGKOqBZGls,The BEST 5v5 Competitive Jungle Coaching Sesssion,64,,,,,,,,,,https://www.youtube.com/watch?v=RWGKOqBZGls
PerryJG,,COQU0SColkc,The BEST Champions To ONE TRICK - JUNGLE TIER LIST,11,,,,,,,,,,https://www.youtube.com/watch?v=COQU0SColkc
PerryJG,,WfBSBtSdMP8,The BEST COUNTER to SHACO CLONES,,15000,,,,,,,,,https://www.youtube.com/watch?v=WfBSBtSdMP8
PerryJG,,hhCJ0FCV8uk,THE BEST ENEMY 😍 l perryjg on twitch,,10000,,,,,,,,,https://www.youtube.com/watch?v=hhCJ0FCV8uk
PerryJG,,1oL_eT5y5l4,THE BEST HERALD USAGE 🤩l perryjg on twitch,,6200,,,,,,,,,https://www.youtube.com/watch?v=1oL_eT5y5l4
PerryJG,,-Xqo7rvv_Eo,The Best Jungle Bel'Veth Coaching You'll Ever Watch | Emerald Coaching,61,,,,,,,,,,https://www.youtube.com/watch?v=-Xqo7rvv_Eo
PerryJG,,cJkHZO1cST8,The BEST JUNGLER in SEASON 16,,22000,,,,,,,,,https://www.youtube.com/watch?v=cJkHZO1cST8
PerryJG,,hJ1otYZP7iE,The BEST JUNGLERS To CLIMB In PATCH 26.5 - TIER LIST,34,,,,,,,,,,https://www.youtube.com/watch?v=hJ1otYZP7iE
PerryJG,,zFovw6VgkeM,The BEST JUNGLERS to CLIMB in SEASON 16 - TIERLIST + NEW SEASON Jungle Changes,41,,,,,,,,,,https://www.youtube.com/watch?v=zFovw6VgkeM
PerryJG,,8qLLLiINeaw,The BEST Junglers To CLIMB WITH! - Patch 26.10 Tier List - BIG Jungle Changes!,26,,,,,,,,,,https://www.youtube.com/watch?v=8qLLLiINeaw
PerryJG,,e6l0LotPY48,The BEST SEASON 16 change,,33000,,,,,,,,,https://www.youtube.com/watch?v=e6l0LotPY48
PerryJG,,Bko14DF-n8Q,the BEST WAY to WIN FIGHTS,,19000,,,,,,,,,https://www.youtube.com/watch?v=Bko14DF-n8Q
PerryJG,,mUwUyiNDV_E,The BIG MISTAKE Most Junglers Make! - Why Topside Is WAY MORE Important Than You Think,20,,,,,,,,,,https://www.youtube.com/watch?v=mUwUyiNDV_E
PerryJG,,4CmPo9vH0CY,The BIGGEST DIFFERENCE Between Gold And Diamond+ Players (It's NOT Mechanics!),19,,,,,,,,,,https://www.youtube.com/watch?v=4CmPo9vH0CY
PerryJG,,7fPOPWvOftM,THE CLIMB IS ON 🤠 l perryjg on twitch,,6400,,,,,,,,,https://www.youtube.com/watch?v=7fPOPWvOftM
PerryJG,,GBBi3MWQLdQ,THE CLIMB IS ON..😎 l perryjg on twitch,,6300,,,,,,,,,https://www.youtube.com/watch?v=GBBi3MWQLdQ
PerryJG,,0PF37p_GmFM,The COMPLETE GUIDE TO KINDRED in SEASON 15!,43,,,,,,,,,,https://www.youtube.com/watch?v=0PF37p_GmFM
PerryJG,,N6iFin8fA30,The COMPLETE GUIDE TO WUKONG for 2025's NEW SEASON! (The best Jungler right now!),60,,,,,,,,,,https://www.youtube.com/watch?v=N6iFin8fA30
PerryJG,,tXR09dynD9k,The CORRECT METHOD to END and WIN GAMES - League Tips #2,14,,,,,,,,,,https://www.youtube.com/watch?v=tXR09dynD9k
PerryJG,,LnAFhwL8bl0,The CORRECT Way To GET OBJECTIVES,21,,,,,,,,,,https://www.youtube.com/watch?v=LnAFhwL8bl0
PerryJG,,GVSy_zKFNTg,The CORRECT WAY to USE KAYN Q,,8800,,,,,,,,,https://www.youtube.com/watch?v=GVSy_zKFNTg
PerryJG,,kQ5-B70G4TM,THE FASTEST COMEBACK 😂 | perryjg on twitch,,7200,,,,,,,,,https://www.youtube.com/watch?v=kQ5-B70G4TM
PerryJG,,UO4-dlTRUN4,The FINAL JUNGLE TIER LIST of 2025 🌲 — The BEST champs for your LAST MIN CLIMB!,13,,,,,,,,,,https://www.youtube.com/watch?v=UO4-dlTRUN4
PerryJG,,0HXxd6cU03M,The FREE WIN METHOD in LEAGUE,,11000,,,,,,,,,https://www.youtube.com/watch?v=0HXxd6cU03M
PerryJG,,PUkV_ORsFsw,The Full Clearing Situation Is CRAZY...,15,,,,,,,,,,https://www.youtube.com/watch?v=PUkV_ORsFsw
PerryJG,,8bx64wAr_GM,THE HERALD ESCAPE 😳 l perryjg on twitch,,3600,,,,,,,,,https://www.youtube.com/watch?v=8bx64wAr_GM
PerryJG,,Vofvdyu3Jdc,The Hotfix DIDN'T NERF SHYVANA! She's Still OP If You Build Correctly,18,,,,,,,,,,https://www.youtube.com/watch?v=Vofvdyu3Jdc
PerryJG,,QOszupRab0M,The importance of MASTERING 10 CS per minute! - Graves Emerald Coaching,29,,,,,,,,,,https://www.youtube.com/watch?v=QOszupRab0M
PerryJG,,DXU4dqzG0jc,The Invading Situation Is CRAZY...,14,,,,,,,,,,https://www.youtube.com/watch?v=DXU4dqzG0jc
PerryJG,,X-3sHPnDSVM,THE JUNGLE CHEATSHEET Updated Overview!,28,,,,,,,,,,https://www.youtube.com/watch?v=X-3sHPnDSVM
PerryJG,,SNMBdxDhciE,THE KAYNIAC COMBO?? #fyp #xyzbca #foryoupage #viral #perryjg,,7600,,,,,,,,,https://www.youtube.com/watch?v=SNMBdxDhciE
PerryJG,,PXejOpCMiEY,THE MOON QUEEN RETURNS 🌙 DIANA JUNGLE – HOW TO CARRY 3 LOSING LANES,39,,,,,,,,,,https://www.youtube.com/watch?v=PXejOpCMiEY
PerryJG,,VQf2O9msGOc,The MOST FUN BUILD In League Is BACK! - AD Udyr Can't Be Stopped,34,,,,,,,,,,https://www.youtube.com/watch?v=VQf2O9msGOc
PerryJG,,9lnhxQjBC00,THE MOST IMPORTANT THING 🧐 l perryjg on twitch,,7800,,,,,,,,,https://www.youtube.com/watch?v=9lnhxQjBC00
PerryJG,,F-7vOPwJcJk,The MOST IN-DEPTH VOD review I've done - High Diamond+ Coaching,59,,,,,,,,,,https://www.youtube.com/watch?v=F-7vOPwJcJk
PerryJG,,TNCh4o2j_Wc,The NEW BEST Jungler?! Locke Is Secretly PERFECT!,19,,,,,,,,,,https://www.youtube.com/watch?v=TNCh4o2j_Wc
PerryJG,,ybwRPaheoJI,the nunu game...,8,,,,,,,,,,https://www.youtube.com/watch?v=ybwRPaheoJI
PerryJG,,bKp48Ehgoqw,The ONE THING holding this CHAMPION BACK,,8400,,,,,,,,,https://www.youtube.com/watch?v=bKp48Ehgoqw
PerryJG,,fUGcko33yvs,The ONE TIME I play Jarvan Mid it's against FAKER...,18,,,,,,,,,,https://www.youtube.com/watch?v=fUGcko33yvs
PerryJG,,hgCKCcCnvyo,The only DRAFTING GUIDE you'll ever need! - League of Legends,19,,,,,,,,,,https://www.youtube.com/watch?v=hgCKCcCnvyo
PerryJG,,d9NEaq1573k,The ONLY Good Change About Patch 13.20 For Jungle,2,,,,,,,,,,https://www.youtube.com/watch?v=d9NEaq1573k
PerryJG,,u7ZsBlWjELs,The Only JUNGLE GANKING Guide You Will EVER Need,9,,,,,,,,,,https://www.youtube.com/watch?v=u7ZsBlWjELs
PerryJG,,fTvT_EDghaw,The PERFECT Example Of How To ABUSE Invades In Season 16,22,,,,,,,,,,https://www.youtube.com/watch?v=fTvT_EDghaw
PerryJG,,bXzadHN0VBI,THE PERFECT FLASH 🤯 l perryjg on twitch,,3100,,,,,,,,,https://www.youtube.com/watch?v=bXzadHN0VBI
PerryJG,,jCaENYy6MR0,THE PROBLEM WITH EKKO 😥 l perryjg on twitch,,263000,,,,,,,,,https://www.youtube.com/watch?v=jCaENYy6MR0
PerryJG,,wWrMCurQaxM,THE PROBLEM WITH LOW ELO PLAYERS  l perryjg on twitch,,8900,,,,,,,,,https://www.youtube.com/watch?v=wWrMCurQaxM
PerryJG,,YYXz5k_YdaY,THE QUEEN OF THE JUNGLE IS BACK IN FULL FORCE 🌙 MULTIPLE BUILDS,50,,,,,,,,,,https://www.youtube.com/watch?v=YYXz5k_YdaY
PerryJG,,X4ShRJaeGac,The RANK 1 KHA'ZIX teaches me how to play his champ. — Rank 1 Kha Collab ft. @Tinjus,60,,,,,,,,,,https://www.youtube.com/watch?v=X4ShRJaeGac
PerryJG,,ue2jMMOBTVI,The REASON GRAVES is S TIER,,72000,,,,,,,,,https://www.youtube.com/watch?v=ue2jMMOBTVI
PerryJG,,9hvfyAnwKf4,The right BUILD makes this JUNGLER OP,,30000,,,,,,,,,https://www.youtube.com/watch?v=9hvfyAnwKf4
PerryJG,,CYQ3IDbpRDY,The Risk/Reward of Invading - Graves Early Game Coaching,13,,,,,,,,,,https://www.youtube.com/watch?v=CYQ3IDbpRDY
PerryJG,,Wy1co66RJkU,THE RUINED KING IS BACK 👑 How to Build and Carry on Viego,40,,,,,,,,,,https://www.youtube.com/watch?v=Wy1co66RJkU
PerryJG,,lGyJEIGnfGg,THE SPACING IS IMPORTANT! l perryjg on twitch,,14000,,,,,,,,,https://www.youtube.com/watch?v=lGyJEIGnfGg
PerryJG,,lsFr8Ye4Nq8,The STRANGEST OFF-META Jungler I've ever played... (What am I playing),38,,,,,,,,,,https://www.youtube.com/watch?v=lsFr8Ye4Nq8
PerryJG,,8uuywlR0z_o,THE SUP GAP.. 👀 l perryjg on twitch,,3100,,,,,,,,,https://www.youtube.com/watch?v=8uuywlR0z_o
PerryJG,,3CmYen3izBE,The TANKIEST Viego Build this Patch - The Survivor S14 Viego Build,37,,,,,,,,,,https://www.youtube.com/watch?v=3CmYen3izBE
PerryJG,,9dKzd_b7UPw,The Three Most Common Jungle Mistakes In Iron-Gold,5,,,,,,,,,,https://www.youtube.com/watch?v=9dKzd_b7UPw
PerryJG,,Bo6zobeaAto,THE TOP 3 JUNGLERS IN SEASON 15 #leagueoflegends,,139000,,,,,,,,,https://www.youtube.com/watch?v=Bo6zobeaAto
PerryJG,,3HzRc9GrQI0,The trick that prevents COINFLIPPING OBJECTIVES - Udyr Masters Live Coaching,29,,,,,,,,,,https://www.youtube.com/watch?v=3HzRc9GrQI0
PerryJG,,Gdt67mj4_Y4,THE TROLL KING OF THE JUNGLE IS BACK 🧌 How To Play Trundle,46,,,,,,,,,,https://www.youtube.com/watch?v=Gdt67mj4_Y4
PerryJG,,G4zH_e57qBQ,The TRUE ONESHOT Kayn Combo,,13000,,,,,,,,,https://www.youtube.com/watch?v=G4zH_e57qBQ
PerryJG,,VbK-s4vwH_M,THE TRUTH ABOUT JUNGLE 😴 l perryjg on twitch,,19000,,,,,,,,,https://www.youtube.com/watch?v=VbK-s4vwH_M
PerryJG,,fCtgytR5MT4,"THE ULTIMATE 2025 KAYN GUIDE - Items, Runes, Fighting, Combos🔥| Perry's Jungle Kingdom",34,,,,,,,,,,https://www.youtube.com/watch?v=fCtgytR5MT4
PerryJG,,ShuPtUChUho,"THE ULTIMATE 2025 VIEGO GUIDE - Items, Runes, Fighting, Combos🔥| Perry's Jungle Kingdom",25,,,,,,,,,,https://www.youtube.com/watch?v=ShuPtUChUho
PerryJG,,FuCAOC2SUWA,THE ULTIMATE LOCKE JUNGLE GUIDE - How To CLIMB With LOCKE Step By Step,11,,,,,,,,,,https://www.youtube.com/watch?v=FuCAOC2SUWA
PerryJG,,pGWCU1RgsdE,THE ULTIMATE MENTALITY TRICK 🧠 l perryjg on twitch,,8300,,,,,,,,,https://www.youtube.com/watch?v=pGWCU1RgsdE
PerryJG,,rTjbhsa6msw,"THE ULTIMATE VIEGO GUIDE - How to CLIMB WITH VIEGO Step by Step - Items, Runes, Fighting, EVERYTHING",38,,,,,,,,,,https://www.youtube.com/watch?v=rTjbhsa6msw
PerryJG,,5soK9j_jg9s,The Value of HULLBREAKER💥 l perryjg on twitch,,25000,,,,,,,,,https://www.youtube.com/watch?v=5soK9j_jg9s
PerryJG,,Rp9rv7oYjdE,The WINRATE Of Kraken Is Actually WORSE?? | Viego Jungle Kraken VS BOTRK Continued,6,,,,,,,,,,https://www.youtube.com/watch?v=Rp9rv7oYjdE
PerryJG,,x7ilWQR5zKo,THESE 3 MISTAKES ARE KEEPING YOU LOW ELO 😡 - This is How to Fix Them,17,,,,,,,,,,https://www.youtube.com/watch?v=x7ilWQR5zKo
PerryJG,,PLLiD3ZXG0k,These are THE BEST Junglers This Patch | Patch 25.21 Tier List,16,,,,,,,,,,https://www.youtube.com/watch?v=PLLiD3ZXG0k
PerryJG,,5dLNwnnTcNQ,These are the MOST INTENSE GAMES I'VE PLAYED all season... ft. @ViperRiven,43,,,,,,,,,,https://www.youtube.com/watch?v=5dLNwnnTcNQ
PerryJG,,n5-KpgaZhY0,These BUFFS Might Have Turned Ekko Into An S tier Jungler,26,,,,,,,,,,https://www.youtube.com/watch?v=n5-KpgaZhY0
PerryJG,,xJBvR7RFq5g,These Grubs Have NO SHIELD? Hidden Grub Mechanic,2,,,,,,,,,,https://www.youtube.com/watch?v=xJBvR7RFq5g
PerryJG,,mrzzkeSBKME,These simple mistakes are keeping you from CLIMBING. - Emerald Coaching,78,,,,,,,,,,https://www.youtube.com/watch?v=mrzzkeSBKME
PerryJG,,3DvjVIXAWVc,These TURRET CHANGES are CHANGING JUNGLE... (Patch 14.18 Preview),21,,,,,,,,,,https://www.youtube.com/watch?v=3DvjVIXAWVc
PerryJG,,UkTM9gNxV_I,they call me the kindred king | doaenel tournament | #fyp #xyzbca #foryoupage #viral #perryjg,,8700,,,,,,,,,https://www.youtube.com/watch?v=UkTM9gNxV_I
PerryJG,,l_cYZfl1nrA,They Tried To FLAME My BLUE KAYN Pick... And I Did THIS!,28,,,,,,,,,,https://www.youtube.com/watch?v=l_cYZfl1nrA
PerryJG,,bK3GbwY0a10,they want to lose this badly?? | perryjg on #Twitch,,338,,,,,,,,,https://www.youtube.com/watch?v=bK3GbwY0a10
PerryJG,,K0u3aBMFOBM,THINGS TO KNOW ON VIEGO 🧐 l perryjg on twitch,,9800,,,,,,,,,https://www.youtube.com/watch?v=K0u3aBMFOBM
PerryJG,,ZZisjRByIDQ,THINGS YOU SHOULDN'T WORRY ABOUT l perryjg on twitch,,6100,,,,,,,,,https://www.youtube.com/watch?v=ZZisjRByIDQ
PerryJG,,sm04dXWVXj0,This AD UDYR BUILD is Giving Out FREE LP - Challenger Udyr Jungle Gameplay,51,,,,,,,,,,https://www.youtube.com/watch?v=sm04dXWVXj0
PerryJG,,hZr224-CHKU,This BROKEN champ took me CHALLENGER!,22,,,,,,,,,,https://www.youtube.com/watch?v=hZr224-CHKU
PerryJG,,JbDuksENHpY,This BROKEN ITEM has DEFINED Season 16's Meta,54,,,,,,,,,,https://www.youtube.com/watch?v=JbDuksENHpY
PerryJG,,yrNJjHWPKAI,This challenger fight goes hard  | #league #leagueoflegends #riotgames #fyp #streamer #twitch,,6100,,,,,,,,,https://www.youtube.com/watch?v=yrNJjHWPKAI
PerryJG,,wRfEgDG4yyI,THIS CHAMP'S OP 😳 l perryjg on twitch,,6100,,,,,,,,,https://www.youtube.com/watch?v=wRfEgDG4yyI
PerryJG,,yZydGPwcP4c,THIS CHAMPION IS INSANE 🤯 l perryjg on twitch,,32000,,,,,,,,,https://www.youtube.com/watch?v=yZydGPwcP4c
PerryJG,,Un5mmZlwe2k,This champion is UNSTOPPABLE,,17000,,,,,,,,,https://www.youtube.com/watch?v=Un5mmZlwe2k
PerryJG,,XFxVByxIREY,This clown geranimo man...,,2100,,,,,,,,,https://www.youtube.com/watch?v=XFxVByxIREY
PerryJG,,uvzWM9aMXzA,This Gold Player Climbed To Emerald After Following The Fundamentals | Emerald Jungle Coaching,45,,,,,,,,,,https://www.youtube.com/watch?v=uvzWM9aMXzA
PerryJG,,99wa36JEI5o,This GRAVES BUFF Was Secretly MASSIVE!,40,,,,,,,,,,https://www.youtube.com/watch?v=99wa36JEI5o
PerryJG,,A2vSghj5EhE,this guy CANNOT be real 💀 #leagueoflegends,,14000,,,,,,,,,https://www.youtube.com/watch?v=A2vSghj5EhE
PerryJG,,t_rw2VQCziY,THIS GUY'S DEAD RIGHT?? NO WAY... #fyp #xyzbca #foryoupage #perryjg,,11000,,,,,,,,,https://www.youtube.com/watch?v=t_rw2VQCziY
PerryJG,,ga45sGVwzXw,THIS GWEN DAMAGE 💀 | OP GWEN JG S14,,28000,,,,,,,,,https://www.youtube.com/watch?v=ga45sGVwzXw
PerryJG,,YWatUlRFOIc,This Happened In A Pro Match VS Team Liquid…#riot #gaming #game #gamer #leaguememes #leagueoflegends,,1600,,,,,,,,,https://www.youtube.com/watch?v=YWatUlRFOIc
PerryJG,,YhyO2GeoEVg,This IRON Student Climbed To DIAMOND in 1 SEASON - Here's How!,38,,,,,,,,,,https://www.youtube.com/watch?v=YhyO2GeoEVg
PerryJG,,3OLkREOx6I4,THIS IS BARD JUNGLE 😁 l perryjg on twitch,,13000,,,,,,,,,https://www.youtube.com/watch?v=3OLkREOx6I4
PerryJG,,3Jsrfn_BX0c,This Is How To END GAMES By Using Your Lead,,9400,,,,,,,,,https://www.youtube.com/watch?v=3Jsrfn_BX0c
PerryJG,,m9NBHTD6V3k,THIS IS IMPORTANT 👀 l perryjg on twitch,,3400,,,,,,,,,https://www.youtube.com/watch?v=m9NBHTD6V3k
PerryJG,,sr493ksClh8,This is not coachable… #twitch #twitchstreamer #riot #leagueoflegends #gamer￼ #coaching,,330,,,,,,,,,https://www.youtube.com/watch?v=sr493ksClh8
PerryJG,,KmrjlBseTjQ,THIS Is PROOF Everyone Builds Zaheen WRONG #leagueoflegends #zaheen,,104000,,,,,,,,,https://www.youtube.com/watch?v=KmrjlBseTjQ
PerryJG,,RklElvskomY,This Is THE MOST IMPORTANT Jungle Fundamental | Educational Jungle Farming,25,,,,,,,,,,https://www.youtube.com/watch?v=RklElvskomY
PerryJG,,caSHuEvfQ7c,This Is What Happens When I Go FULL TRYHARD In A Challenger Game,25,,,,,,,,,,https://www.youtube.com/watch?v=caSHuEvfQ7c
PerryJG,,8BAhc89-6oY,THIS IS WHAT TO DO WHEN YOU GET INVADED,,74000,,,,,,,,,https://www.youtube.com/watch?v=8BAhc89-6oY
PerryJG,,RnKfnlvkOmw,THIS Is WHY Agurin Is The SMARTEST Jungler #leagueoflegends,,84000,,,,,,,,,https://www.youtube.com/watch?v=RnKfnlvkOmw
PerryJG,,9tVFX3CaSNQ,This Is Why Jarvan IV Was My Main! – Road to Top 10,84,,,,,,,,,,https://www.youtube.com/watch?v=9tVFX3CaSNQ
PerryJG,,cMLelL2QuQ8,THIS IS WHY SHE'S S TIER 🔥 l perryjg on twitch,,8300,,,,,,,,,https://www.youtube.com/watch?v=cMLelL2QuQ8
PerryJG,,Z-4B2L_4-eA,this is why team tobias will win the dantes tournament,,4000,,,,,,,,,https://www.youtube.com/watch?v=Z-4B2L_4-eA
PerryJG,,dB_LNzEU5Gg,THIS IS WHY WE PLAY VIEGO | NOT EVEN CLOSE BABY #league #leagueoflegends #riotgames #fyp #streamer,,11000,,,,,,,,,https://www.youtube.com/watch?v=dB_LNzEU5Gg
PerryJG,,O0xhBA3mslg,This Jungler is TAKING OVER Pro Play | perryjg on Twitch,,18000,,,,,,,,,https://www.youtube.com/watch?v=O0xhBA3mslg
PerryJG,,iajEbeqD6ZE,This Karthus strategy is NOT BALANCED,,125000,,,,,,,,,https://www.youtube.com/watch?v=iajEbeqD6ZE
PerryJG,,oqMUh6J0d4M,This Kindred Path Gets You 14 Marks in 25 Minutes — Here’s How,18,,,,,,,,,,https://www.youtube.com/watch?v=oqMUh6J0d4M
PerryJG,,I3PrrNgoAiI,"This LVL 1 PATHING TRICK will WIN YOU EARLY GAME, EVERYTIME!",6,,,,,,,,,,https://www.youtube.com/watch?v=I3PrrNgoAiI
PerryJG,,xlMmHEXb2bo,THIS METHOD MIGHT HELP YOU ! | perryjg on twitch,,6700,,,,,,,,,https://www.youtube.com/watch?v=xlMmHEXb2bo
PerryJG,,L0-my0JMFtk,This NEW Item Completely Changes Everything @Arktheos BUILD OP,61,,,,,,,,,,https://www.youtube.com/watch?v=L0-my0JMFtk
PerryJG,,FHtXa9rR4_M,This NEW Viego Skin Is SECRETLY SEVEN SKINS IN ONE,57,,,,,,,,,,https://www.youtube.com/watch?v=FHtXa9rR4_M
PerryJG,,0Liu9Vl6H6Y,This Nocturne Build Is So Broken Riot Has to Patch It.,68,,,,,,,,,,https://www.youtube.com/watch?v=0Liu9Vl6H6Y
PerryJG,,UDx3kmuxJ3A,This ONE SHOT Arcane VI BUILD might be kinda crazy...,33,,,,,,,,,,https://www.youtube.com/watch?v=UDx3kmuxJ3A
PerryJG,,e3L_k2a6pF0,This Platinum Student Played Like a Challenger After ONE Session,78,,,,,,,,,,https://www.youtube.com/watch?v=e3L_k2a6pF0
PerryJG,,MIz0Na9hZNE,This Player Climbed To Gold INSANTLY After This Coaching Session,38,,,,,,,,,,https://www.youtube.com/watch?v=MIz0Na9hZNE
PerryJG,,5z-pJIeIwKc,This Smite TRICK is BROKEN,,7000,,,,,,,,,https://www.youtube.com/watch?v=5z-pJIeIwKc
PerryJG,,NnebU2N_rZU,THIS STUDENT ACTUALLY IMPRESSED ME....,,4100,,,,,,,,,https://www.youtube.com/watch?v=NnebU2N_rZU
PerryJG,,h3X6SAfT3ZA,This student DOMINATED MIDLANE after this coaching session [Challenger Coaching],63,,,,,,,,,,https://www.youtube.com/watch?v=h3X6SAfT3ZA
PerryJG,,2pAVK-WAhOw,This Student Gave me a Mental Breakdown #fyp #foryoupage #viral #perryjg#challlengercoaching,,5900,,,,,,,,,https://www.youtube.com/watch?v=2pAVK-WAhOw
PerryJG,,qjGaKR78Rrk,THIS STUDENT HAS BEEN PLAYING FOR 3 MONTHS AND IS SO GOOD,53,,,,,,,,,,https://www.youtube.com/watch?v=qjGaKR78Rrk
PerryJG,,YL_EEoRDxZU,This Student Learned How To Actually Carry Fights🍼 CHALLENGER COACHING,50,,,,,,,,,,https://www.youtube.com/watch?v=YL_EEoRDxZU
PerryJG,,gspNME66Hwo,This Student Listened To Me For An HOUR And Jumped 4 Divisions | Belveth Challenger Coaching,51,,,,,,,,,,https://www.youtube.com/watch?v=gspNME66Hwo
PerryJG,,ksP8fCVfonw,THIS STUDENT THINKS HE'S TARZANED 💀#fyp #xyzbca #foryoupage #viral #perryjg,,5900,,,,,,,,,https://www.youtube.com/watch?v=ksP8fCVfonw
PerryJG,,LmNYPqh3-p0,This Student Told Me He Wasn't A Tilter…,20,,,,,,,,,,https://www.youtube.com/watch?v=LmNYPqh3-p0
PerryJG,,S7vfP7lNoxg,This Student was Stuck in EMERALD for 3 YEARS... This is How I Coached Him,72,,,,,,,,,,https://www.youtube.com/watch?v=S7vfP7lNoxg
PerryJG,,pSAbZOsBxUQ,THIS VIEGO HEALING 😳 l perryjg on twitch,,11000,,,,,,,,,https://www.youtube.com/watch?v=pSAbZOsBxUQ
PerryJG,,v4wkV1ugRv0,This viewer thinks OBJECTIVES DON'T MATTER IN SOLOQ... (HE'S WRONG),10,,,,,,,,,,https://www.youtube.com/watch?v=v4wkV1ugRv0
PerryJG,,txcr2Ghvx4g,This Was The Most 1v9 Viego Game I've Played In Years... (THE PERFECT GAME),22,,,,,,,,,,https://www.youtube.com/watch?v=txcr2Ghvx4g
PerryJG,,d-X-u0c0Fbk,THIS WASTE YOUR TIME l perryjg on twitch,,4900,,,,,,,,,https://www.youtube.com/watch?v=d-X-u0c0Fbk
PerryJG,,brsbVSBUCRg,THOSE ARE MOST LIKELY TO FLAME YOU !  | perryjg on Twitch,,3100,,,,,,,,,https://www.youtube.com/watch?v=brsbVSBUCRg
PerryJG,,s5WlOfC74Xk,THOSE JUNGLE CHANGES 🤯 | perryjg on twitch,,35000,,,,,,,,,https://www.youtube.com/watch?v=s5WlOfC74Xk
PerryJG,,387Syz6D74E,THOUGHTS ON VIEGO..🤔 l perryjg on twitch,,11000,,,,,,,,,https://www.youtube.com/watch?v=387Syz6D74E
PerryJG,,E9luyoh77wk,TIME THE ENEMY SUMS l perryjg on twitch,,9400,,,,,,,,,https://www.youtube.com/watch?v=E9luyoh77wk
PerryJG,,mq-INU0oRA4,TIPS FOR VIEGO PLAYERS 🌟 l perryjg on twitch,,115000,,,,,,,,,https://www.youtube.com/watch?v=mq-INU0oRA4
PerryJG,,ugsN4MxEuKU,Tobias Fate 1v9 Miracle Worker Comms 🥶,,1700,,,,,,,,,https://www.youtube.com/watch?v=ugsN4MxEuKU
PerryJG,,kqDltBlvj_0,TOBIAS FATE IS HUMAN I THINK #fyp #xyzbca #foryoupage #viral #perryjg,,2900,,,,,,,,,https://www.youtube.com/watch?v=kqDltBlvj_0
PerryJG,,2ui2fmEHEWM,TOO EZ 🥱🇰🇷 l perryjg on twitch,,12000,,,,,,,,,https://www.youtube.com/watch?v=2ui2fmEHEWM
PerryJG,,M6O5vazlG0g,Top 10 Jungle Mistakes You MUST Stop Making! 🚫🌲,30,,,,,,,,,,https://www.youtube.com/watch?v=M6O5vazlG0g
PerryJG,,F2kB5kKJE-w,TOPLANE is becoming SCARY,,21000,,,,,,,,,https://www.youtube.com/watch?v=F2kB5kKJE-w
PerryJG,,A0ulscg3kyw,TOPLANERS are NOT FAIR in the JUNGLE,,7000,,,,,,,,,https://www.youtube.com/watch?v=A0ulscg3kyw
PerryJG,,Q7oU450gM2Y,TRACK YOUR ENEMY 🧐| perryjg on twitch,,39000,,,,,,,,,https://www.youtube.com/watch?v=Q7oU450gM2Y
PerryJG,,cR8nvuP4P4I,TRADE SMARTLY🧠l perryjg on twitch,,33000,,,,,,,,,https://www.youtube.com/watch?v=cR8nvuP4P4I
PerryJG,,IBiQIWXAF1w,TROLL KING IS THE STRONGEST JUNGLER EVEN AFTER THE NERFS 👑| How to Play Trundle,25,,,,,,,,,,https://www.youtube.com/watch?v=IBiQIWXAF1w
PerryJG,,6Cukw7QxoNY,TROLLING IS PART OF LEAGUE l perryjg on twitch,,7100,,,,,,,,,https://www.youtube.com/watch?v=6Cukw7QxoNY
PerryJG,,rLOKtdiypSQ,TRUST YOURSELF AND GO IN - Wise words from Tenacity  #fyp #streamer #twitch #league #leagueoflegends,,1200,,,,,,,,,https://www.youtube.com/watch?v=rLOKtdiypSQ
PerryJG,,ArzW7jSJNzE,TRYING BARD JUNGLE! l perryjg on twitch,,12000,,,,,,,,,https://www.youtube.com/watch?v=ArzW7jSJNzE
PerryJG,,gS156Pl-LMM,TRYING LETHALITY VIEGO 😳🔥 l perryjg on twitch,,39000,,,,,,,,,https://www.youtube.com/watch?v=gS156Pl-LMM
PerryJG,,m3Qb5wpuIQA,Trying to Carry Pobelter FAILS miserably | Challenger Viego | Ft. Solarbacca,32,,,,,,,,,,https://www.youtube.com/watch?v=m3Qb5wpuIQA
PerryJG,,V0v43QAfUeY,"TWITCH JUNGLE 50,000 SPECIAL – THE RAT EMPIRE BEGINS 🔥🐀",17,,,,,,,,,,https://www.youtube.com/watch?v=V0v43QAfUeY
PerryJG,,3NTrQVtTV7Q,Two ways you THROW YOUR GAMES,,14000,,,,,,,,,https://www.youtube.com/watch?v=3NTrQVtTV7Q
PerryJG,,ugl0_-RgOTw,UDYR is the NEW BEST SOLO CARRY on PATCH 14.19!,21,,,,,,,,,,https://www.youtube.com/watch?v=ugl0_-RgOTw
PerryJG,,9wehen4G3NA,Udyr moment #twitch #twitchstreamer #riot #leagueoflegends #gamer,,215,,,,,,,,,https://www.youtube.com/watch?v=9wehen4G3NA
PerryJG,,kpWFFsAobh4,UMBRAL GLAIVE POPPY 💀 l perryjg on twitch,,14000,,,,,,,,,https://www.youtube.com/watch?v=kpWFFsAobh4
PerryJG,,-RcUsef4dLI,UNDERRATED PICK ? l perryjg on twitch,,2700,,,,,,,,,https://www.youtube.com/watch?v=-RcUsef4dLI
PerryJG,,xk_FF2IGZec,UNDERSTAND YOUR CHAMPION 🧠 l perryjg on twitch,,23000,,,,,,,,,https://www.youtube.com/watch?v=xk_FF2IGZec
PerryJG,,hfFW9g73Lms,Unleash Viego's Jungle True Potential | Rank 1 Viego Challenger Tips,15,,,,,,,,,,https://www.youtube.com/watch?v=hfFW9g73Lms
PerryJG,,BPSDqy870Q8,Unlock Diana Jungle's Potential: Diamond Player Gets Coaching |(Micro/Macro Specific) | Guide,43,,,,,,,,,,https://www.youtube.com/watch?v=BPSDqy870Q8
PerryJG,,fjNwTcwDBXM,Unlocking FREE LP With Jarvan IV In The Jungle,15,,,,,,,,,,https://www.youtube.com/watch?v=fjNwTcwDBXM
PerryJG,,aLIiov1XQJs,Unlocking Viego's Secrets | Coaching A Hardstuck Gold Jungle | Viego Guide,57,,,,,,,,,,https://www.youtube.com/watch?v=aLIiov1XQJs
PerryJG,,EZ1aqiEukk4,UNLUCKY LEGEND  l perryjg on twitch,,3600,,,,,,,,,https://www.youtube.com/watch?v=EZ1aqiEukk4
PerryJG,,iqLVcuGYbOM,UNSTOPPABLE IF PLAYED RIGHT l perryjg on twitch,,4700,,,,,,,,,https://www.youtube.com/watch?v=iqLVcuGYbOM
PerryJG,,X2JbM218kcM,USE These 3 Fighting CONDITIONS in Order to PRINT LP,22,,,,,,,,,,https://www.youtube.com/watch?v=X2JbM218kcM
PerryJG,,Nxk4k_CXcxw,USE this SMITE TRICK for DOPAMINE,,16000,,,,,,,,,https://www.youtube.com/watch?v=Nxk4k_CXcxw
PerryJG,,1uvH69IhUAA,Use your Chase Tools Better! | perryjg on #Twitch,,35000,,,,,,,,,https://www.youtube.com/watch?v=1uvH69IhUAA
PerryJG,,J4QD3-d2C6g,USEFUL FIGHTING TIP 🤩 l perryjg on twitch,,10000,,,,,,,,,https://www.youtube.com/watch?v=J4QD3-d2C6g
PerryJG,,nUnhUT5AqKw,USEFUL TEAMFIGHT TIP 🌟 | perryjg on twitch,,12000,,,,,,,,,https://www.youtube.com/watch?v=nUnhUT5AqKw
PerryJG,,fir-FTOAUns,USEFUL WARD TIP ⭐️ l perryjg on twitch,,19000,,,,,,,,,https://www.youtube.com/watch?v=fir-FTOAUns
PerryJG,,c-pnlU-emxA,VARUS JUNGLE 😳 l perryjg on twitch,,8400,,,,,,,,,https://www.youtube.com/watch?v=c-pnlU-emxA
PerryJG,,NE4xpX4yIw0,Viego - The Early Game | Rank 1 Viego Guide (Part 1..),11,,,,,,,,,,https://www.youtube.com/watch?v=NE4xpX4yIw0
PerryJG,,fhixTgNcUDo,viego 1v9 I WIPE HERE,,1800,,,,,,,,,https://www.youtube.com/watch?v=fhixTgNcUDo
PerryJG,,cs8S-RxJoVY,Viego Blue Side Full Clear [14.7] | Jungle Guide,2,,,,,,,,,,https://www.youtube.com/watch?v=cs8S-RxJoVY
PerryJG,,dqmYXQnfNG0,VIEGO HAS THE AURA 👑 l perryjg on twitch,,5500,,,,,,,,,https://www.youtube.com/watch?v=dqmYXQnfNG0
PerryJG,,sFPLsCyC4Xo,VIEGO IS A CARRY 👑 l perryjg on twitch,,4300,,,,,,,,,https://www.youtube.com/watch?v=sFPLsCyC4Xo
PerryJG,,cveH9WweTVM,"VIEGO is a SOLO CARRY, so PLAY LIKE ONE.",22,,,,,,,,,,https://www.youtube.com/watch?v=cveH9WweTVM
PerryJG,,K2VdybO3lls,VIEGO IS GREAT BUT.. l perryjg on twitch,,6700,,,,,,,,,https://www.youtube.com/watch?v=K2VdybO3lls
PerryJG,,rZaiiH3hGfo,VIEGO IS STRONG BUT .. l perryjg on twitch,,5000,,,,,,,,,https://www.youtube.com/watch?v=rZaiiH3hGfo
PerryJG,,0p9hjPzSKP0,Viego Red Side Full Clear [14.7] | Jungle Guide,2,,,,,,,,,,https://www.youtube.com/watch?v=0p9hjPzSKP0
PerryJG,,JoOn2FjEAtM,VISITING LOW ELO l perryjg on twitch,,3100,,,,,,,,,https://www.youtube.com/watch?v=JoOn2FjEAtM
PerryJG,,47V7Yecc6g8,VOLIBEAR INTO DARIUS 🥱 l perryjg on twitch,,13000,,,,,,,,,https://www.youtube.com/watch?v=47V7Yecc6g8
PerryJG,,hSz5Csk71e0,WAIT FOR IT 😂l perryjg on twitch,,13000,,,,,,,,,https://www.youtube.com/watch?v=hSz5Csk71e0
PerryJG,,xRb1ebSzrYQ,Wait for it.... #fyp #xyzbca #foryoupage #viral #perryjg,,1700,,,,,,,,,https://www.youtube.com/watch?v=xRb1ebSzrYQ
PerryJG,,dGgqFAcHO4w,WARWICK FOR LP 😤 | perryjg on twitch,,5500,,,,,,,,,https://www.youtube.com/watch?v=dGgqFAcHO4w
PerryJG,,iTT9sjWHGJs,WAS  LUDWIG CC'ED ? 🤔 l perryjg on twitch,,22000,,,,,,,,,https://www.youtube.com/watch?v=iTT9sjWHGJs
PerryJG,,wPcdQO2Y-3Y,WATCH THE WAVES 🧐 l perryjg on twitch,,10000,,,,,,,,,https://www.youtube.com/watch?v=wPcdQO2Y-3Y
PerryJG,,tJPBICxX26k,WATCH WAVES to get FED,,27000,,,,,,,,,https://www.youtube.com/watch?v=tJPBICxX26k
PerryJG,,QlcTtCgZfPQ,Waves 101 - How to play with Waves - Jungle Concepts Explained,8,,,,,,,,,,https://www.youtube.com/watch?v=QlcTtCgZfPQ
PerryJG,,_vkInA25oxo,WE HIT MASTER! 🇰🇷 l perryjg on twitch,,13000,,,,,,,,,https://www.youtube.com/watch?v=_vkInA25oxo
PerryJG,,jcv5_zl5cHA,we made a HUGE bet then met in Korean SoloQ...,39,,,,,,,,,,https://www.youtube.com/watch?v=jcv5_zl5cHA
PerryJG,,PIrDFjATV-w,WE TAKE THOSE BABY @TFBlade,,1000,,,,,,,,,https://www.youtube.com/watch?v=PIrDFjATV-w
PerryJG,,WnWPsizQeDo,Weakside vs Strongside - How You can Skip Jungle Camps and Win Games,4,,,,,,,,,,https://www.youtube.com/watch?v=WnWPsizQeDo
PerryJG,,b4Q0eG31VMk,Weird Viego interaction #riot #gaming #game #gamer #leaguememes #leagueoflegends,,128,,,,,,,,,https://www.youtube.com/watch?v=b4Q0eG31VMk
PerryJG,,2FGbXzhNHcQ,We’ve been wrong this whole time.#twitch #twitchstreamer #riot #leagueoflegends #gamer #coach #viego,,1300,,,,,,,,,https://www.youtube.com/watch?v=2FGbXzhNHcQ
PerryJG,,oRzcXowSBbQ,What 1v9ing On Viego In Challenger Looks Like,13,,,,,,,,,,https://www.youtube.com/watch?v=oRzcXowSBbQ
PerryJG,,w0eup-WqLv4,What Actually Works When Climbing Out of Low Elo (No Gimmicks),43,,,,,,,,,,https://www.youtube.com/watch?v=w0eup-WqLv4
PerryJG,,NLaPb3pHTUM,What Advanced Jungling Looks Like | Challenger Jungler Coaches Hecarim,57,,,,,,,,,,https://www.youtube.com/watch?v=NLaPb3pHTUM
PerryJG,,eFfw70a6Loo,what are these comms man | perryjg on #Twitch #fyp #xyzbca #foryoupage #viral #perryjg,,5500,,,,,,,,,https://www.youtube.com/watch?v=eFfw70a6Loo
PerryJG,,cEP5n0E3heo,WHAT ARE THEY DOING 😧 l perryjg on twitch,,3700,,,,,,,,,https://www.youtube.com/watch?v=cEP5n0E3heo
PerryJG,,cl7O2mgQpuw,What do you do when you're INVADED?!,25,,,,,,,,,,https://www.youtube.com/watch?v=cl7O2mgQpuw
PerryJG,,G-FvwUenl-0,What EVERY JUNGLER needs to know before Season 16 drops... (My Honest Thoughts),5,,,,,,,,,,https://www.youtube.com/watch?v=G-FvwUenl-0
PerryJG,,xbrV1ud4_AY,WHAT HAPPENED ? 😯 l perryjg on twitch,,3900,,,,,,,,,https://www.youtube.com/watch?v=xbrV1ud4_AY
PerryJG,,gVoL0_u8bnA,WHAT HAPPENED TO GWEN  l perryjg on twitch,,4800,,,,,,,,,https://www.youtube.com/watch?v=gVoL0_u8bnA
PerryJG,,NTAzpnxpFyM,WHAT HAPPENED TO GWEN ? l perryjg on twitch,,3900,,,,,,,,,https://www.youtube.com/watch?v=NTAzpnxpFyM
PerryJG,,hgiFNIocGEU,WHAT HAPPENED TO LILLIA ? l perryjg on twitch,,4600,,,,,,,,,https://www.youtube.com/watch?v=hgiFNIocGEU
PerryJG,,CcAm5hNOYao,WHAT IS HE HIDING? 😳 l perryjg on twitch,,4000,,,,,,,,,https://www.youtube.com/watch?v=CcAm5hNOYao
PerryJG,,sfyZekMPmYE,WHAT IS THAT ADC DOING?? | CoreJJ Inhouses,,4100,,,,,,,,,https://www.youtube.com/watch?v=sfyZekMPmYE
PerryJG,,4c3Xz8XxqCM,WHAT IS THIS CHAMP 😦 l perryjg pn twitch,,5700,,,,,,,,,https://www.youtube.com/watch?v=4c3Xz8XxqCM
PerryJG,,mTInFNpdnmA,WHAT IS THIS CHAMPION? WATCH TIL THE END TO FIND OUT.. #league #leagueoflegends #riotgames #fyp,,377,,,,,,,,,https://www.youtube.com/watch?v=mTInFNpdnmA
PerryJG,,9ocEp_mhPvY,WHAT IS THIS CHAMPION? WATCH TIL THE END TO FIND OUT.. | perryjg on #Twitch,,247,,,,,,,,,https://www.youtube.com/watch?v=9ocEp_mhPvY
PerryJG,,cQZuiqohUgI,WHAT IS THIS CHAMPION??,,783,,,,,,,,,https://www.youtube.com/watch?v=cQZuiqohUgI
PerryJG,,-wE4TvB4RKU,WHAT IS THIS GAME 🤨 l perryjg on twitch,,4800,,,,,,,,,https://www.youtube.com/watch?v=-wE4TvB4RKU
PerryJG,,7kBp3ujvOIw,What Is This Yone Player!,,6400,,,,,,,,,https://www.youtube.com/watch?v=7kBp3ujvOIw
PerryJG,,hrdW79DaQhU,WHAT LOW ELO PLAYERS DON'T DO ! l perryjg on twitch,,6500,,,,,,,,,https://www.youtube.com/watch?v=hrdW79DaQhU
PerryJG,,Hh7FdLOrtfo,"WHAT MAKES EMERALD ""HARD"" l perryjg on twitch",,14000,,,,,,,,,https://www.youtube.com/watch?v=Hh7FdLOrtfo
PerryJG,,GzlCCI00uOM,WHAT MAKES MUNDO OP ! l perryjg on twitch,,5300,,,,,,,,,https://www.youtube.com/watch?v=GzlCCI00uOM
PerryJG,,4vbgHlpgXIE,WHAT MAKES YOUR CLIMB SLOW ❌l perryjg on twitch,,7200,,,,,,,,,https://www.youtube.com/watch?v=4vbgHlpgXIE
PerryJG,,9XNVvH3MeY0,WHAT MAKES ZYRA S TIER 🔥 l perryjg on twitch,,36000,,,,,,,,,https://www.youtube.com/watch?v=9XNVvH3MeY0
PerryJG,,nWuhUxJlaEk,WHAT NOT TO PICK ! l perryjg on twitch,,6500,,,,,,,,,https://www.youtube.com/watch?v=nWuhUxJlaEk
PerryJG,,IthTuugmMds,WHAT THE FUCK RIOT GAMES????? #fyp #xyzbca #foryoupage #viral #perryjg,,275,,,,,,,,,https://www.youtube.com/watch?v=IthTuugmMds
PerryJG,,pjSOMPEWgoQ,What the PERFECT JARVAN game looks like! ft. @GamerGirlKat,13,,,,,,,,,,https://www.youtube.com/watch?v=pjSOMPEWgoQ
PerryJG,,m9bCnZkQPvI,WHAT TO DO BEFORE 6 🧐 l perryjg on twitch,,6100,,,,,,,,,https://www.youtube.com/watch?v=m9bCnZkQPvI
PerryJG,,EMzsFCQAC3c,What To Do When Your Laners Get Dove - Challenger Jungler Explains,8,,,,,,,,,,https://www.youtube.com/watch?v=EMzsFCQAC3c
PerryJG,,NIgDj4E2CjM,What to do when your LOW ELO Teammates Suck - LoL Coaching,31,,,,,,,,,,https://www.youtube.com/watch?v=NIgDj4E2CjM
PerryJG,,qBOg3BOpVSM,What to do with 3 LOSING LANES,16,,,,,,,,,,https://www.youtube.com/watch?v=qBOg3BOpVSM
PerryJG,,SWDNyaeCNeQ,WHAT WAS THAT  @ludwig 😂 l perryjg on twitch,,59000,,,,,,,,,https://www.youtube.com/watch?v=SWDNyaeCNeQ
PerryJG,,cgfrECFOg8s,WHAT WAS THAT😶  l perryjg on twitch,,4900,,,,,,,,,https://www.youtube.com/watch?v=cgfrECFOg8s
PerryJG,,73wIv_Mdje4,WHAT WERE THEY THINKING?  | perryjg on #Twitch,,264,,,,,,,,,https://www.youtube.com/watch?v=73wIv_Mdje4
PerryJG,,iZ6zwSpcv94,What YOU (probably) DON'T UNDERSTAND about Full Clearing...,9,,,,,,,,,,https://www.youtube.com/watch?v=iZ6zwSpcv94
PerryJG,,IwyJalyL4Q4,WHAT'S A FREE KILL ? l perryjg on twitch,,5300,,,,,,,,,https://www.youtube.com/watch?v=IwyJalyL4Q4
PerryJG,,AUZo8p6VKXY,What's blud doing | perryjg on #Twitch,,699,,,,,,,,,https://www.youtube.com/watch?v=AUZo8p6VKXY
PerryJG,,4uSpPbgW-E0,When A Student Buys Coaching Just To Argue With Me... [Challenger Coaching],46,,,,,,,,,,https://www.youtube.com/watch?v=4uSpPbgW-E0
PerryJG,,ac0DvN_UxXA,When is it bad to pull the Drake? - Jungle Concepts Explained,7,,,,,,,,,,https://www.youtube.com/watch?v=ac0DvN_UxXA
PerryJG,,g4_uA3iLmJA,WHEN NO CAMPS ARE UP 🤔 l perryjg on twitch,,7000,,,,,,,,,https://www.youtube.com/watch?v=g4_uA3iLmJA
PerryJG,,gVpdhNfi4pg,When should you FARM or GANK? (and why you NEED TO FOCUS on ONE) - Diamond Coaching,57,,,,,,,,,,https://www.youtube.com/watch?v=gVpdhNfi4pg
PerryJG,,qN3wCA7mEZs,When to BREAK FUNDAMENTALS and PLAY FOR TEMPO! - Emerald Coaching,57,,,,,,,,,,https://www.youtube.com/watch?v=qN3wCA7mEZs
PerryJG,,0gySSI5Gks0,When To Raps Start VS Not Raps Start - Jungle Concepts Explained,5,,,,,,,,,,https://www.youtube.com/watch?v=0gySSI5Gks0
PerryJG,,s_tEzDeExHg,Where To Path Level 1 - Challenger Jungler Explains,3,,,,,,,,,,https://www.youtube.com/watch?v=s_tEzDeExHg
PerryJG,,JLo4j8VrO94,Who are the BEST JUNGLERS in this Patch? 25.14 Jungle Tier List,36,,,,,,,,,,https://www.youtube.com/watch?v=JLo4j8VrO94
PerryJG,,mwKrx1QCBzc,Who are THE BEST Junglers in This Patch? Patch 25.19 Tier List,14,,,,,,,,,,https://www.youtube.com/watch?v=mwKrx1QCBzc
PerryJG,,H7EA-crWn64,Who Are The Best Junglers This Patch?📝MULTIPLE BUFFS updated TIERLIST,9,,,,,,,,,,https://www.youtube.com/watch?v=H7EA-crWn64
PerryJG,,qIlES43P9Bs,"Who are the BEST Junglers? 🌲 I hit Chall Korea, here is my TIERLIST... 🦁",42,,,,,,,,,,https://www.youtube.com/watch?v=qIlES43P9Bs
PerryJG,,aVnsIJS2HEE,WHO ARE YOU PLAYING AROUND ? l perryjg on twitch,,10000,,,,,,,,,https://www.youtube.com/watch?v=aVnsIJS2HEE
PerryJG,,-9Eo7KJ0MHw,WHY ? 😡 l perryjg on twitch,,8500,,,,,,,,,https://www.youtube.com/watch?v=-9Eo7KJ0MHw
PerryJG,,JGyqugjkRRM,WHY AMUMU ? 🤔 l perryjg on twitch,,10000,,,,,,,,,https://www.youtube.com/watch?v=JGyqugjkRRM
PerryJG,,SK74IwLurjg,WHY can GWEN do THIS,,36000,,,,,,,,,https://www.youtube.com/watch?v=SK74IwLurjg
PerryJG,,6SO4FE3DbLw,Why Challenger Players Suck At Taking Baron,18,,,,,,,,,,https://www.youtube.com/watch?v=6SO4FE3DbLw
PerryJG,,Od4kq-HFzCY,WHY COMPS DON'T MATTER (LOW ELO) l perryjg on twitch,,5700,,,,,,,,,https://www.youtube.com/watch?v=Od4kq-HFzCY
PerryJG,,9CRPYJ-UNbo,Why DIANA Is The STRONGEST JUNGLER This Patch,53,,,,,,,,,,https://www.youtube.com/watch?v=9CRPYJ-UNbo
PerryJG,,YCM3sthJdl8,WHY DID HE DO THIS ? l perryjg on twitch,,4300,,,,,,,,,https://www.youtube.com/watch?v=YCM3sthJdl8
PerryJG,,d21SlrR6eCc,WHY DID I QUIT PRO PLAY l perryjg on twitch,,6300,,,,,,,,,https://www.youtube.com/watch?v=d21SlrR6eCc
PerryJG,,NBr_bt0LUJ4,WHY DID I RECALL 🤔 l perryjg on twitch,,25000,,,,,,,,,https://www.youtube.com/watch?v=NBr_bt0LUJ4
PerryJG,,tpHJwUR-RlE,WHY DON'T YOU PING ? l perryjg on twitch,,4700,,,,,,,,,https://www.youtube.com/watch?v=tpHJwUR-RlE
PerryJG,,CRxevQ4dU20,Why Every Second Matters When Jungling | Keeping Your Tempo High,14,,,,,,,,,,https://www.youtube.com/watch?v=CRxevQ4dU20
PerryJG,,9XMP2A5atgU,Why getting OBJECTIVES beats KILLS EVERYTIME!,18,,,,,,,,,,https://www.youtube.com/watch?v=9XMP2A5atgU
PerryJG,,9NlhesnmMT0,Why Gwen Jungle Is The INVADE QUEEN,71,,,,,,,,,,https://www.youtube.com/watch?v=9NlhesnmMT0
PerryJG,,b5hrb3ueICY,WHY I ALWAYS PATH BOT l perryjg on twitch,,4100,,,,,,,,,https://www.youtube.com/watch?v=b5hrb3ueICY
PerryJG,,OevpE0J3N3k,Why I Think Amumu is S TIER | perryjg on Twitch,,13000,,,,,,,,,https://www.youtube.com/watch?v=OevpE0J3N3k
PerryJG,,JHCcSsR5Eok,Why I Think Kindred is S TIER | perryjg on Twitch,,28000,,,,,,,,,https://www.youtube.com/watch?v=JHCcSsR5Eok
PerryJG,,_sr4AtkELvQ,Why is NO ONE using this TRICK?,,13000,,,,,,,,,https://www.youtube.com/watch?v=_sr4AtkELvQ
PerryJG,,AdShrMa0IFI,WHY IS SKARNER BAD 🥱 l perryjg on twitch,,20000,,,,,,,,,https://www.youtube.com/watch?v=AdShrMa0IFI
PerryJG,,YV5ZfWscY88,WHY JUNGLE IS THE BEST ROLE l perryjg on twitch,,11000,,,,,,,,,https://www.youtube.com/watch?v=YV5ZfWscY88
PerryJG,,0jHa0C4mOoY,WHY KHA'ZIX IS GOOD ! l perryjg on twitch,,5400,,,,,,,,,https://www.youtube.com/watch?v=0jHa0C4mOoY
PerryJG,,PRu5za_dkY8,Why LILLIA Is Going COMPLETELY Under The Radar,37,,,,,,,,,,https://www.youtube.com/watch?v=PRu5za_dkY8
PerryJG,,e3Hyv3xrMRU,Why Minor Mistakes INSTANTLY Lose Games | Diamond Ekko Coaching,43,,,,,,,,,,https://www.youtube.com/watch?v=e3Hyv3xrMRU
PerryJG,,mrR3DDHVeEg,Why Most People Build Volibear COMPLETELY WRONG - And How You Can Avoid The Same Mistakes,48,,,,,,,,,,https://www.youtube.com/watch?v=mrR3DDHVeEg
PerryJG,,qhhHKLsEA0c,WHY OBJECTIVES MATTER l perryjg on twitch,,4000,,,,,,,,,https://www.youtube.com/watch?v=qhhHKLsEA0c
PerryJG,,HrVx94bQcuk,WHY PLAY HARD CHAMPS IN LOW ELO ? l perryjg on twitch,,58000,,,,,,,,,https://www.youtube.com/watch?v=HrVx94bQcuk
PerryJG,,rXGzjGfWXuc,WHY THE COMMUNITY HATES ONE TRICKS 😕 l perryjg on twitch,,3900,,,,,,,,,https://www.youtube.com/watch?v=rXGzjGfWXuc
PerryJG,,n8k8lDrENjA,Why Viego STILL WINS With 3 Losing Lanes,65,,,,,,,,,,https://www.youtube.com/watch?v=n8k8lDrENjA
PerryJG,,fJOOMKEh2eg,Why Volibear is THE BEST Champion on Patch 15.5!,73,,,,,,,,,,https://www.youtube.com/watch?v=fJOOMKEh2eg
PerryJG,,Vy2WZ3llLAk,WHY WARWICK 🧐 l perryjg on twitch,,9800,,,,,,,,,https://www.youtube.com/watch?v=Vy2WZ3llLAk
PerryJG,,96Z8W2r-0LE,WHY YOU ARE NOT CLIMBING ! l perryjg on twitch,,4100,,,,,,,,,https://www.youtube.com/watch?v=96Z8W2r-0LE
PerryJG,,yw4z-5ni_Fo,Why you DON'T need Good Mechanics to climb,29,,,,,,,,,,https://www.youtube.com/watch?v=yw4z-5ni_Fo
PerryJG,,El6ob6BG8bQ,Why you NEED FUNDAMENTALS to win games - Lillia Emerald Coaching,58,,,,,,,,,,https://www.youtube.com/watch?v=El6ob6BG8bQ
PerryJG,,4_t0goUSOA0,Why you need GOOD TEMPO to be a Good Jungler - Tempo Fundamentals,21,,,,,,,,,,https://www.youtube.com/watch?v=4_t0goUSOA0
PerryJG,,e5p5CwPvF3g,Why You Should PATH TO PRIO,5,,,,,,,,,,https://www.youtube.com/watch?v=e5p5CwPvF3g
PerryJG,,pYA6NE1GRJY,Why You SUCK At Jungle Invades (And How To FIX IT),24,,,,,,,,,,https://www.youtube.com/watch?v=pYA6NE1GRJY
PerryJG,,_525Wz1ekIg,WHY you're BAD at VIEGO,,18000,,,,,,,,,https://www.youtube.com/watch?v=_525Wz1ekIg
PerryJG,,nWn41pVlS1M,Why You’ll Never Play a Perfect Game (and What to Aim for Instead),20,,,,,,,,,,https://www.youtube.com/watch?v=nWn41pVlS1M
PerryJG,,I8V48lstEzY,WHYYYYYYYY #riot #gaming #game #gamer #leaguememes #leagueoflegends #leagueoflegendscosplay,,293,,,,,,,,,https://www.youtube.com/watch?v=I8V48lstEzY
PerryJG,,Vr2dCDsyHQ0,Will Ambessa be a Good Jungler?,5,,,,,,,,,,https://www.youtube.com/watch?v=Vr2dCDsyHQ0
PerryJG,,fCSGTDqg4Gc,WILL HE GET MAD ? 😥  l perryjg on twitch,,11000,,,,,,,,,https://www.youtube.com/watch?v=fCSGTDqg4Gc
PerryJG,,rn4nX2W7PcA,WIN Jungle in 3 MINUTES with FUNDAMENTALS,,21000,,,,,,,,,https://www.youtube.com/watch?v=rn4nX2W7PcA
PerryJG,,rxvbTfT4cMU,WIN WITH CROSSMAP! l perryjg on twitch,,14000,,,,,,,,,https://www.youtube.com/watch?v=rxvbTfT4cMU
PerryJG,,7-BN5gOVYws,WINCON = DON'T FEED CRIMSONS BROTHER (viper)  | Team Tobias (DANTES TOURNAMENT) | perryjg on #Twitch,,5100,,,,,,,,,https://www.youtube.com/watch?v=7-BN5gOVYws
PerryJG,,9ICYQjAmazw,Winning Games Through Macro | Perry (Udyr Gameplay),9,,,,,,,,,,https://www.youtube.com/watch?v=9ICYQjAmazw
PerryJG,,qra5o3elGNU,WINNING WITH BAD TEAMMATES 👀 l perryjg on twitch,,25000,,,,,,,,,https://www.youtube.com/watch?v=qra5o3elGNU
PerryJG,,_GPYT1l_n7I,WTF ARE THESE COMMS #riot #gaming #game #gamer #leaguememes #leagueoflegends #leagueoflegendscosplay,,49,,,,,,,,,https://www.youtube.com/watch?v=_GPYT1l_n7I
PerryJG,,U8McZblm__8,WUKONG COMBO IS OP 🤯 l perryjg on twitch,,14000,,,,,,,,,https://www.youtube.com/watch?v=U8McZblm__8
PerryJG,,npqvFv8sjVA,WUKONG IS ACTUALLY AMAZING this Patch!,25,,,,,,,,,,https://www.youtube.com/watch?v=npqvFv8sjVA
PerryJG,,C8OljYfpwzE,WUKONG Is Finally BACK In The Meta! His New W Is Crazy Good!,34,,,,,,,,,,https://www.youtube.com/watch?v=C8OljYfpwzE
PerryJG,,GIXv0AzrGsU,WUKONG IS HIM 👀 (ignore tp) l perryjg on twitch,,6900,,,,,,,,,https://www.youtube.com/watch?v=GIXv0AzrGsU
PerryJG,,ZoEz_ZIzXgU,WUKONG IS S TIER 🤩 l perryjg on twitch,,3900,,,,,,,,,https://www.youtube.com/watch?v=ZoEz_ZIzXgU
PerryJG,,sRUff4D4PkY,WUKONG IS UNREAL 😳🔥 l perryjg on twitch,,7900,,,,,,,,,https://www.youtube.com/watch?v=sRUff4D4PkY
PerryJG,,JYndsdKUcC0,WUKONG IS UNSTOPPABLE 💥 | perryjg on twitch,,5400,,,,,,,,,https://www.youtube.com/watch?v=JYndsdKUcC0
PerryJG,,nDGZTq5ly5c,WUKONG JUNGLE is a 1v9 CARRYING POWERHOUSE! — Wukong Jungle Guide,67,,,,,,,,,,https://www.youtube.com/watch?v=nDGZTq5ly5c
PerryJG,,gkauLa0jgOQ,WUKONG JUNGLE is ALIVE & DOMINATING... - How to play Wukong Jungle,21,,,,,,,,,,https://www.youtube.com/watch?v=gkauLa0jgOQ
PerryJG,,RgoqZk5Wwwo,WUKONG JUNGLE IS HIDDEN OP | perryjg on twitch,,30000,,,,,,,,,https://www.youtube.com/watch?v=RgoqZk5Wwwo
PerryJG,,Q5BHNQn9pzM,WUKONG PERRY VS @ViperRiven (How to play Wukong Jungle in High Elo!),19,,,,,,,,,,https://www.youtube.com/watch?v=Q5BHNQn9pzM
PerryJG,,3joikE3Qizc,Xin Zhao is OVERPOWERED After Buffs – You MUST Play Him!,85,,,,,,,,,,https://www.youtube.com/watch?v=3joikE3Qizc
PerryJG,,IEMpJwDdoiQ,Yapping and answering CHAT's questions about me...,19,,,,,,,,,,https://www.youtube.com/watch?v=IEMpJwDdoiQ
PerryJG,,wnRz_BohvoA,"You always ask: ""What Do When 3 Losing Lanes?!""😿Let's lift your FEARS",32,,,,,,,,,,https://www.youtube.com/watch?v=wnRz_BohvoA
PerryJG,,GPytE-R2-18,You are LOSING because of this. - Emerald Coaching,97,,,,,,,,,,https://www.youtube.com/watch?v=GPytE-R2-18
PerryJG,,VPeNT5z4ksg,YOU ARE NOT BAD l perryjg on twitch,,5800,,,,,,,,,https://www.youtube.com/watch?v=VPeNT5z4ksg
PerryJG,,rpnQOvZQYYM,YOU ARE NOT THE SHEEP 😤 l perryjg on twitch,,9300,,,,,,,,,https://www.youtube.com/watch?v=rpnQOvZQYYM
PerryJG,,fr44wXGj32A,YOU ARE THE PROBLEM l perryjg on twitch,,4900,,,,,,,,,https://www.youtube.com/watch?v=fr44wXGj32A
PerryJG,,x3bN8n5rtF0,You can get DOUBLE LP autofilled,,24000,,,,,,,,,https://www.youtube.com/watch?v=x3bN8n5rtF0
PerryJG,,QCWL1_q2NSE,You can get every objective by doing this | perryjg on #Twitch,,1700,,,,,,,,,https://www.youtube.com/watch?v=QCWL1_q2NSE
PerryJG,,3Fsqd20Bx2w,YOU CAN HIT MASTERS ! l perryjg on twitch,,7700,,,,,,,,,https://www.youtube.com/watch?v=3Fsqd20Bx2w
PerryJG,,l4EF9HTvquI,You can play Lee Sin like this too | perryjg on #Twitch,,6800,,,,,,,,,https://www.youtube.com/watch?v=l4EF9HTvquI
PerryJG,,VQIp8SmzY3M,You can't carry games off of emotion. Knowledge can. (Crazy 1V9 Game),27,,,,,,,,,,https://www.youtube.com/watch?v=VQIp8SmzY3M
PerryJG,,YO_C8Wjr-Ew,YOU DIE TOO MUCH ! l perryjg on twitch,,10000,,,,,,,,,https://www.youtube.com/watch?v=YO_C8Wjr-Ew
PerryJG,,loChZ5onGYA,You don't need good mechanics to carry games.,28,,,,,,,,,,https://www.youtube.com/watch?v=loChZ5onGYA
PerryJG,,ziDqLamPf5k,YOU DON'T NEED THIS l perryjg on twitch #leagueoflegends #season12jungleguide,,4100,,,,,,,,,https://www.youtube.com/watch?v=ziDqLamPf5k
PerryJG,,3updzeLVII0,YOU GOTTA ABUSE THIS 🤠 l perryjg on twitch,,16000,,,,,,,,,https://www.youtube.com/watch?v=3updzeLVII0
PerryJG,,gn1JXvmL3GI,YOU MUST ACCEPT THIS 😤  l perryjg on twitch,,5900,,,,,,,,,https://www.youtube.com/watch?v=gn1JXvmL3GI
PerryJG,,Zjsz2z6WvdQ,YOU MUST DO THIS ON VIEGO 🧠 l perryjg on twitch,,17000,,,,,,,,,https://www.youtube.com/watch?v=Zjsz2z6WvdQ
PerryJG,,yQOll3AU27I,You MUST Learn The MOST BROKEN TRICK This Season,11,,,,,,,,,,https://www.youtube.com/watch?v=yQOll3AU27I
PerryJG,,zq_y024F0AU,YOU MUST MASTER THIS ⚡️ l perryjg on twitch,,20000,,,,,,,,,https://www.youtube.com/watch?v=zq_y024F0AU
PerryJG,,WHIYvCTZF6s,YOU NEED TO KNOW THIS JUNGLE FUNDAMENTAL,13,,,,,,,,,,https://www.youtube.com/watch?v=WHIYvCTZF6s
PerryJG,,i2z_QHi3xN8,You need to PLAY SHYV before her NERFS!,21,,,,,,,,,,https://www.youtube.com/watch?v=i2z_QHi3xN8
PerryJG,,pb6F4nAKjNc,You need to STOP Overcomplicating Games.,24,,,,,,,,,,https://www.youtube.com/watch?v=pb6F4nAKjNc
PerryJG,,6TQk67X9t1w,YOU'RE KILLING YOUR TEMPO 😵 | perryjg on twitch,,5100,,,,,,,,,https://www.youtube.com/watch?v=6TQk67X9t1w
PerryJG,,0YKbTAPpAsg,You're playing Kindred COMPLETELY WRONG! — Kindred Guide with @Kisno,52,,,,,,,,,,https://www.youtube.com/watch?v=0YKbTAPpAsg
PerryJG,,rkbmJJbjoCc,You're playing WARWICK WRONG!,25,,,,,,,,,,https://www.youtube.com/watch?v=rkbmJJbjoCc
PerryJG,,VzgojS1rI2U,You're SLEEPING on THE BEST AP JUNGLER right now... - How to Play Gwen Jungle,60,,,,,,,,,,https://www.youtube.com/watch?v=VzgojS1rI2U
PerryJG,,nnZ6qA-QAno,Your Friendliest Jungle Coach :) | NEW GLASSES,160,,,,,,,,,,https://www.youtube.com/watch?v=nnZ6qA-QAno
PerryJG,,pgUYVFf1iCs,YOUR PROBLEM WITH FIGHTING l perryjg on twitch,,4700,,,,,,,,,https://www.youtube.com/watch?v=pgUYVFf1iCs
PerryJG,,yqIo_Kwbk3M,Your TEAMMATES are just PAWNS,,15000,,,,,,,,,https://www.youtube.com/watch?v=yqIo_Kwbk3M
PerryJG,,C64ylJYGJtg,You’re Ganking Because You’re Insecure — The Truth About Why Farming Wins Games,61,,,,,,,,,,https://www.youtube.com/watch?v=C64ylJYGJtg
PerryJG,,YLtBoj1qI-U,Yun Tal NOCTURNE 💀 l perryjg on twitch,,138000,,,,,,,,,https://www.youtube.com/watch?v=YLtBoj1qI-U
PerryJG,,qIFJhqaAwbE,YUN TAL VIEGO IS LOWKIRKENUINELY BROKEN,67,,,,,,,,,,https://www.youtube.com/watch?v=qIFJhqaAwbE
PerryJG,,v-AwHHxmfgs,YUN TAL VIEGO 🤯 l perryjg on twitch,,6700,,,,,,,,,https://www.youtube.com/watch?v=v-AwHHxmfgs
PerryJG,,lhQzdZ1Cya8,YUNTAL VIEGO | Live Coaching | Gwen,214,,,,,,,,,,https://www.youtube.com/watch?v=lhQzdZ1Cya8
PerryJG,,VawFFo3Dv4M,YUNTAL VIEGO | Live Coaching | Gwen,269,,,,,,,,,,https://www.youtube.com/watch?v=VawFFo3Dv4M
PerryJG,,QLFjeS7tmlk,Z TIER CHAMPION 💥 l perryjg on twitch,,4300,,,,,,,,,https://www.youtube.com/watch?v=QLFjeS7tmlk
PerryJG,,hXT7EMhV4gs,Zaahen Jungle Is BROKEN When You Build THIS! - Zaahen Jungle Guide,97,,,,,,,,,,https://www.youtube.com/watch?v=hXT7EMhV4gs
PerryJG,,1hlPPUhVsiw,😶 l perryjg on twitch,,3000,,,,,,,,,https://www.youtube.com/watch?v=1hlPPUhVsiw
PerryJG,,T0RvGIW8nIE,🤫 l perryjg on twitch,,11000,,,,,,,,,https://www.youtube.com/watch?v=T0RvGIW8nIE
Thomas Yuen,Thomas Yuen,whqwo56bI94,Mid-Game Bootcamp Master Class: Mentality & Macro for League of Legends Jungle,,,yes,yes,yes,yes,intermediate,"mindset, fundamentals, intermediate, advanced, mid_game, macro, objectives, champion, decision, jungle_tracking","g, e, n, e, r, a, l","This bootcamp master class focuses on mid-game macro and a winning mindset, targeting League of Legends players from Gold to Grandmaster. It teaches crucial concepts like mid-game tempo, counting numbers, wave management, and objective control, alongside personal improvement strategies such as champion pool optimization and daily goal setting. The coach emphasizes accountability and consistent game review as key drivers for climbing divisions.",https://youtu.be/whqwo56bI94
Veigarv2_Coaching,,QMPOEhDpi5s,Challenger Coach EXPOSES My Mistakes – @veigarv2 Coaching,69,,,,,,,,,,https://www.youtube.com/watch?v=QMPOEhDpi5s
Veigarv2_Coaching,,udRQpsM9C1M,COACHING TO CHALLENGER w/  @veigarv2  – Part 5 | How To Win LOST GAMES - How To Deal WIth INVADES,81,,,,,,,,,,https://www.youtube.com/watch?v=udRQpsM9C1M
Veigarv2_Coaching,,CZzzvi-MT_M,COACHING TO CHALLENGER w/  @veigarv2 – Part 3 | Finding Patterns TO FIX | Kha Zix – Master Elo,91,,,,,,,,,,https://www.youtube.com/watch?v=CZzzvi-MT_M
Veigarv2_Coaching,,EzobGuCUDl4,COACHING TO CHALLENGER w/ @veigarv2  – Part 2 | Fixing My Biggest Mistakes,85,,,,,,,,,,https://www.youtube.com/watch?v=EzobGuCUDl4
Veigarv2_Coaching,,k9oVRFFB0KI,COACHING TO CHALLENGER w/ @veigarv2  – Part 6 | How To Review Your OWN GAMES - How TO IMPROVE,79,,,,,,,,,,https://www.youtube.com/watch?v=k9oVRFFB0KI
Veigarv2_Coaching,,02zAEPZFnlM,COACHING TO CHALLENGER w/ @veigarv2 – Part 4 | Early Game Mistakes | Jarvan/Dianna – Master Elo,78,,,,,,,,,,https://www.youtube.com/watch?v=02zAEPZFnlM
Veigarv2_Coaching,,nUj5jTffVHY,Nocturne and Jarvan IV Coaching | COACHING TO CHALLENGER w/@veigarv2 – Part 8,68,,,,,,,,,,https://www.youtube.com/watch?v=nUj5jTffVHY
Veigarv2_Coaching,,DsrE9FjG4CI,STOP Losing WON GAMES - How To SNOWBALL Correctly | COACHING TO CHALLENGER w/ @veigarv2 – Part 9,53,,,,,,,,,,https://www.youtube.com/watch?v=DsrE9FjG4CI
